,FSU,Sector,NSS-region,State,District,Stratum,Sub-stratum,Sample HHID,PersonID,day of the week,Type of the day,response code
2616,20124,2,11,1,07,02,01,1,1,4,1,1
2617,20124,2,11,1,07,02,01,1,2,4,1,1
2618,20124,2,11,1,07,02,01,2,1,2,1,1
2619,20124,2,11,1,07,02,01,2,2,2,1,1
2620,20124,2,11,1,07,02,01,2,3,2,1,1
2621,20124,2,11,1,07,02,01,2,4,2,1,1
2622,20124,2,11,1,07,02,01,3,1,1,1,1
2623,20124,2,11,1,07,02,01,3,2,1,1,1
2624,20124,2,11,1,07,02,01,3,3,1,2,1
2625,20124,2,11,1,07,02,01,3,4,1,2,1
2626,20124,2,11,1,07,02,01,4,1,7,1,1
2627,20124,2,11,1,07,02,01,4,2,7,2,1
2628,20124,2,11,1,07,02,01,4,3,7,2,1
2629,20124,2,11,1,07,02,01,5,1,2,1,1
2630,20124,2,11,1,07,02,01,5,2,2,2,1
2631,20124,2,11,1,07,02,01,5,3,2,2,1
2632,20124,2,11,1,07,02,01,6,1,4,2,1
2633,20124,2,11,1,07,02,01,6,2,4,2,1
2634,20124,2,11,1,07,02,01,6,3,4,1,1
2635,20124,2,11,1,07,02,01,6,4,4,2,1
2636,20124,2,11,1,07,02,01,7,1,3,1,1
2637,20124,2,11,1,07,02,01,7,2,3,2,1
2638,20124,2,11,1,07,02,01,7,3,3,1,1
2639,20124,2,11,1,07,02,01,7,4,3,2,1
2640,20124,2,11,1,07,02,01,8,1,1,1,1
2641,20124,2,11,1,07,02,01,8,2,1,2,1
2642,20124,2,11,1,07,02,01,8,3,1,2,1
2643,20124,2,11,1,07,02,01,9,1,5,1,1
2644,20124,2,11,1,07,02,01,10,1,3,1,1
2645,20124,2,11,1,07,02,01,10,2,3,2,1
2646,20124,2,11,1,07,02,01,10,3,3,2,1
2647,20124,2,11,1,07,02,01,10,4,3,2,1
2648,20124,2,11,1,07,02,01,11,1,7,1,1
2649,20124,2,11,1,07,02,01,11,2,7,1,1
2650,20124,2,11,1,07,02,01,11,3,7,1,1
2651,20124,2,11,1,07,02,01,11,4,7,1,1
2652,20124,2,11,1,07,02,01,12,1,5,1,1
2653,20124,2,11,1,07,02,01,12,2,5,1,1
2654,20124,2,11,1,07,02,01,12,3,5,1,1
2655,20124,2,11,1,07,02,01,12,4,5,2,1
2656,20124,2,11,1,07,02,01,12,5,5,1,1
2657,20124,2,11,1,07,02,01,13,1,6,1,1
2658,20124,2,11,1,07,02,01,13,2,6,1,1
2659,20124,2,11,1,07,02,01,13,3,6,2,1
2660,20124,2,11,1,07,02,01,13,4,6,2,1
2661,20124,2,11,1,07,02,01,14,1,1,1,1
2662,20124,2,11,1,07,02,01,14,2,1,2,1
2663,20124,2,11,1,07,02,01,14,3,1,2,1
2664,20275,2,11,1,07,02,01,1,1,4,1,1
2665,20275,2,11,1,07,02,01,1,2,4,1,1
2666,20275,2,11,1,07,02,01,1,3,4,1,1
2667,20275,2,11,1,07,02,01,2,1,6,2,1
2668,20275,2,11,1,07,02,01,2,2,6,1,1
2669,20275,2,11,1,07,02,01,2,3,6,1,1
2670,20275,2,11,1,07,02,01,3,1,2,1,1
2671,20275,2,11,1,07,02,01,3,2,2,1,1
2672,20275,2,11,1,07,02,01,3,3,2,1,1
2673,20275,2,11,1,07,02,01,3,4,2,1,1
2674,20275,2,11,1,07,02,01,4,1,6,1,1
2675,20275,2,11,1,07,02,01,4,2,6,1,1
2676,20275,2,11,1,07,02,01,4,3,6,1,1
2677,20275,2,11,1,07,02,01,5,1,4,1,1
2678,20275,2,11,1,07,02,01,5,2,4,1,1
2679,20275,2,11,1,07,02,01,6,1,1,1,1
2680,20275,2,11,1,07,02,01,6,2,1,1,1
2681,20275,2,11,1,07,02,01,6,3,1,1,1
2682,20275,2,11,1,07,02,01,6,4,1,1,1
2683,20275,2,11,1,07,02,01,6,5,1,1,1
2684,20275,2,11,1,07,02,01,6,6,1,1,1
2685,20275,2,11,1,07,02,01,6,7,1,1,1
2686,20275,2,11,1,07,02,01,6,8,1,1,1
2687,20275,2,11,1,07,02,01,7,1,5,1,1
2688,20275,2,11,1,07,02,01,7,2,5,1,1
2689,20275,2,11,1,07,02,01,7,3,5,1,1
2690,20275,2,11,1,07,02,01,7,4,5,1,1
2691,20275,2,11,1,07,02,01,8,1,3,1,1
2692,20275,2,11,1,07,02,01,8,2,3,1,1
2693,20275,2,11,1,07,02,01,8,3,3,1,1
2694,20275,2,11,1,07,02,01,8,4,3,1,1
2695,20275,2,11,1,07,02,01,8,5,3,1,1
2696,20275,2,11,1,07,02,01,9,1,7,1,1
2697,20275,2,11,1,07,02,01,9,2,7,1,1
2698,20275,2,11,1,07,02,01,9,3,7,1,1
2699,20275,2,11,1,07,02,01,9,4,7,1,1
2700,20275,2,11,1,07,02,01,10,1,7,1,1
2701,20275,2,11,1,07,02,01,10,2,7,1,1
2702,20275,2,11,1,07,02,01,10,3,7,1,1
2703,20275,2,11,1,07,02,01,11,1,3,1,1
2704,20275,2,11,1,07,02,01,11,2,3,1,1
2705,20275,2,11,1,07,02,01,11,3,3,1,1
2706,20275,2,11,1,07,02,01,12,1,1,1,1
2707,20275,2,11,1,07,02,01,13,1,5,1,1
2708,20275,2,11,1,07,02,01,14,1,2,1,1
2709,20275,2,11,1,07,02,01,14,2,2,1,1
2710,20275,2,11,1,07,02,01,14,3,2,1,1
2711,20275,2,11,1,07,02,01,14,4,2,1,1
2712,20639,2,14,1,04,01,01,1,1,4,1,1
2713,20639,2,14,1,04,01,01,2,1,4,1,1
2714,20639,2,14,1,04,01,01,2,2,4,1,1
2715,20639,2,14,1,04,01,01,3,1,3,1,1
2716,20639,2,14,1,04,01,01,3,2,3,1,1
2717,20639,2,14,1,04,01,01,3,3,3,1,1
2718,20639,2,14,1,04,01,01,3,4,3,1,1
2719,20639,2,14,1,04,01,01,3,5,3,1,1
2720,20639,2,14,1,04,01,01,3,7,3,1,1
2721,20639,2,14,1,04,01,01,4,1,5,1,1
2722,20639,2,14,1,04,01,01,5,1,2,1,1
2723,20639,2,14,1,04,01,01,5,2,2,1,1
2724,20639,2,14,1,04,01,01,5,3,2,1,1
2725,20639,2,14,1,04,01,01,5,4,2,1,1
2726,20639,2,14,1,04,01,01,6,1,1,1,1
2727,20639,2,14,1,04,01,01,6,2,1,1,1
2728,20639,2,14,1,04,01,01,6,4,1,1,1
2729,20639,2,14,1,04,01,01,7,1,5,1,1
2730,20639,2,14,1,04,01,01,7,2,5,1,1
2731,20639,2,14,1,04,01,01,7,5,5,1,1
2732,20639,2,14,1,04,01,01,8,1,1,1,1
2733,20639,2,14,1,04,01,01,8,2,1,1,1
2734,20639,2,14,1,04,01,01,8,3,1,1,1
2735,20639,2,14,1,04,01,01,8,4,1,1,1
2736,20639,2,14,1,04,01,01,9,1,2,1,1
2737,20639,2,14,1,04,01,01,9,2,2,1,1
2738,20639,2,14,1,04,01,01,9,3,2,1,1
2739,20639,2,14,1,04,01,01,10,1,3,1,1
2740,20639,2,14,1,04,01,01,10,2,3,1,1
2741,20639,2,14,1,04,01,01,10,3,3,1,1
2742,20639,2,14,1,04,01,01,10,4,3,1,1
2743,20639,2,14,1,04,01,01,11,1,7,2,1
2744,20639,2,14,1,04,01,01,11,2,7,1,1
2745,20639,2,14,1,04,01,01,11,3,7,1,1
2746,20639,2,14,1,04,01,01,12,1,7,1,1
2747,20639,2,14,1,04,01,01,12,2,7,1,1
2748,20639,2,14,1,04,01,01,12,4,7,1,1
2749,20639,2,14,1,04,01,01,13,1,6,1,1
2750,20639,2,14,1,04,01,01,13,2,6,1,1
2751,20639,2,14,1,04,01,01,13,3,6,1,1
2752,20639,2,14,1,04,01,01,14,1,6,1,1
2753,20639,2,14,1,04,01,01,14,2,6,1,1
2754,20705,2,12,1,20,01,01,1,1,3,1,1
2755,20705,2,12,1,20,01,01,1,2,3,1,1
2756,20705,2,12,1,20,01,01,1,3,3,1,1
2757,20705,2,12,1,20,01,01,1,4,3,2,1
2758,20705,2,12,1,20,01,01,2,1,5,1,1
2759,20705,2,12,1,20,01,01,2,2,5,1,1
2760,20705,2,12,1,20,01,01,3,1,5,1,1
2761,20705,2,12,1,20,01,01,3,2,5,1,1
2762,20705,2,12,1,20,01,01,4,1,3,1,1
2763,20705,2,12,1,20,01,01,4,2,3,1,1
2764,20705,2,12,1,20,01,01,4,3,3,1,1
2765,20705,2,12,1,20,01,01,4,4,3,1,1
2766,20705,2,12,1,20,01,01,4,5,3,1,1
2767,20705,2,12,1,20,01,01,5,1,7,1,1
2768,20705,2,12,1,20,01,01,5,2,7,1,1
2769,20705,2,12,1,20,01,01,6,1,7,1,1
2770,20705,2,12,1,20,01,01,7,1,2,1,1
2771,20705,2,12,1,20,01,01,7,2,2,1,1
2772,20705,2,12,1,20,01,01,7,3,2,1,1
2773,20705,2,12,1,20,01,01,7,4,2,1,1
2774,20705,2,12,1,20,01,01,7,7,2,1,2
2775,20705,2,12,1,20,01,01,8,1,3,1,1
2776,20705,2,12,1,20,01,01,8,2,3,1,1
2777,20705,2,12,1,20,01,01,8,3,3,1,1
2778,20705,2,12,1,20,01,01,9,1,4,1,1
2779,20705,2,12,1,20,01,01,9,2,4,1,1
2780,20705,2,12,1,20,01,01,9,3,4,1,1
2781,20705,2,12,1,20,01,01,10,1,4,1,1
2782,20705,2,12,1,20,01,01,10,2,4,1,1
2783,20705,2,12,1,20,01,01,11,1,2,1,1
2784,20705,2,12,1,20,01,01,11,2,2,1,1
2785,20705,2,12,1,20,01,01,11,3,2,2,1
2786,20705,2,12,1,20,01,01,11,4,2,2,1
2787,20705,2,12,1,20,01,01,12,1,2,1,1
2788,20705,2,12,1,20,01,01,12,2,2,1,1
2789,20705,2,12,1,20,01,01,12,3,2,2,1
2790,20705,2,12,1,20,01,01,12,4,2,2,1
2791,20705,2,12,1,20,01,01,13,1,3,1,1
2792,20705,2,12,1,20,01,01,13,2,3,1,1
2793,20705,2,12,1,20,01,01,13,3,3,1,1
2794,20705,2,12,1,20,01,01,13,4,3,1,1
2795,20705,2,12,1,20,01,01,13,5,3,1,1
2796,20705,2,12,1,20,01,01,14,1,2,1,1
2797,20705,2,12,1,20,01,01,14,2,2,1,1
2798,20705,2,12,1,20,01,01,14,3,2,1,1
2799,20705,2,12,1,20,01,01,14,4,2,1,1
2800,21075,2,13,1,10,03,02,1,1,4,1,1
2801,21075,2,13,1,10,03,02,1,2,4,1,1
2802,21075,2,13,1,10,03,02,1,3,4,1,1
2803,21075,2,13,1,10,03,02,1,4,4,1,1
2804,21075,2,13,1,10,03,02,1,5,4,2,1
2805,21075,2,13,1,10,03,02,1,6,4,1,1
2806,21075,2,13,1,10,03,02,1,7,4,1,1
2807,21075,2,13,1,10,03,02,1,8,4,1,1
2808,21075,2,13,1,10,03,02,2,1,5,1,1
2809,21075,2,13,1,10,03,02,2,2,5,1,1
2810,21075,2,13,1,10,03,02,2,3,5,1,1
2811,21075,2,13,1,10,03,02,3,1,5,1,1
2812,21075,2,13,1,10,03,02,3,2,5,1,1
2813,21075,2,13,1,10,03,02,3,3,5,1,1
2814,21075,2,13,1,10,03,02,4,1,6,1,1
2815,21075,2,13,1,10,03,02,4,2,6,1,2
2816,21075,2,13,1,10,03,02,4,3,6,1,2
2817,21075,2,13,1,10,03,02,4,4,6,1,2
2818,21075,2,13,1,10,03,02,5,1,6,1,1
2819,21075,2,13,1,10,03,02,5,2,6,1,1
2820,21075,2,13,1,10,03,02,5,3,6,1,1
2821,21075,2,13,1,10,03,02,5,4,6,1,1
2822,21075,2,13,1,10,03,02,5,5,6,1,1
2823,21075,2,13,1,10,03,02,6,1,1,1,1
2824,21075,2,13,1,10,03,02,6,2,1,1,1
2825,21075,2,13,1,10,03,02,6,3,1,1,1
2826,21075,2,13,1,10,03,02,6,4,1,1,1
2827,21075,2,13,1,10,03,02,7,1,1,1,2
2828,21075,2,13,1,10,03,02,7,2,1,1,2
2829,21075,2,13,1,10,03,02,7,3,1,1,2
2830,21075,2,13,1,10,03,02,7,5,1,1,2
2831,21075,2,13,1,10,03,02,8,1,3,1,2
2832,21075,2,13,1,10,03,02,8,2,3,1,2
2833,21075,2,13,1,10,03,02,8,3,3,1,2
2834,21075,2,13,1,10,03,02,8,4,3,2,2
2835,21075,2,13,1,10,03,02,8,6,3,2,2
2836,21075,2,13,1,10,03,02,8,7,3,2,2
2837,21075,2,13,1,10,03,02,9,1,2,1,2
2838,21075,2,13,1,10,03,02,9,2,2,1,2
2839,21075,2,13,1,10,03,02,9,3,2,2,2
2840,21075,2,13,1,10,03,02,9,4,2,1,2
2841,21075,2,13,1,10,03,02,10,1,4,1,1
2842,21075,2,13,1,10,03,02,10,2,4,1,1
2843,21075,2,13,1,10,03,02,11,1,2,1,1
2844,21075,2,13,1,10,03,02,11,2,2,1,1
2845,21075,2,13,1,10,03,02,11,3,2,1,1
2846,21075,2,13,1,10,03,02,11,4,2,1,1
2847,21075,2,13,1,10,03,02,11,5,2,1,1
2848,21075,2,13,1,10,03,02,12,1,7,1,2
2849,21075,2,13,1,10,03,02,12,2,7,1,1
2850,21075,2,13,1,10,03,02,12,3,7,2,2
2851,21075,2,13,1,10,03,02,13,1,7,1,1
2852,21075,2,13,1,10,03,02,13,2,7,1,1
2853,21075,2,13,1,10,03,02,13,3,7,2,1
2854,21075,2,13,1,10,03,02,13,4,7,2,1
2855,21075,2,13,1,10,03,02,13,5,7,1,1
2856,21075,2,13,1,10,03,02,14,1,3,1,1
2857,21075,2,13,1,10,03,02,14,2,3,1,1
2858,21075,2,13,1,10,03,02,14,3,3,1,1
2859,21075,2,13,1,10,03,02,14,4,3,1,1
2860,21075,2,13,1,10,03,02,14,5,3,1,1
2861,21119,2,11,1,21,01,01,1,1,5,1,1
2862,21119,2,11,1,21,01,01,1,2,5,1,1
2863,21119,2,11,1,21,01,01,2,1,3,1,1
2864,21119,2,11,1,21,01,01,2,2,3,1,1
2865,21119,2,11,1,21,01,01,2,4,3,1,1
2866,21119,2,11,1,21,01,01,3,1,4,1,1
2867,21119,2,11,1,21,01,01,3,2,4,1,1
2868,21119,2,11,1,21,01,01,3,3,4,1,1
2869,21119,2,11,1,21,01,01,3,4,4,1,1
2870,21119,2,11,1,21,01,01,4,1,4,1,1
2871,21119,2,11,1,21,01,01,4,2,4,1,1
2872,21119,2,11,1,21,01,01,4,3,4,1,1
2873,21119,2,11,1,21,01,01,5,1,3,1,1
2874,21119,2,11,1,21,01,01,5,2,3,1,1
2875,21119,2,11,1,21,01,01,6,1,5,1,1
2876,21119,2,11,1,21,01,01,6,2,5,1,1
2877,21119,2,11,1,21,01,01,6,3,5,1,1
2878,21119,2,11,1,21,01,01,7,1,7,2,1
2879,21119,2,11,1,21,01,01,7,2,7,1,1
2880,21119,2,11,1,21,01,01,7,3,7,2,1
2881,21119,2,11,1,21,01,01,7,4,7,2,1
2882,21119,2,11,1,21,01,01,8,1,6,1,1
2883,21119,2,11,1,21,01,01,8,2,6,1,1
2884,21119,2,11,1,21,01,01,8,3,6,1,1
2885,21119,2,11,1,21,01,01,8,4,6,1,1
2886,21119,2,11,1,21,01,01,9,1,6,1,1
2887,21119,2,11,1,21,01,01,9,2,6,1,1
2888,21119,2,11,1,21,01,01,10,1,1,1,1
2889,21119,2,11,1,21,01,01,10,2,1,1,1
2890,21119,2,11,1,21,01,01,10,3,1,1,1
2891,21119,2,11,1,21,01,01,11,1,1,1,1
2892,21119,2,11,1,21,01,01,11,2,1,1,1
2893,21119,2,11,1,21,01,01,12,1,7,2,1
2894,21119,2,11,1,21,01,01,12,2,7,1,1
2895,21119,2,11,1,21,01,01,12,3,7,2,1
2896,21119,2,11,1,21,01,01,12,4,7,2,1
2897,21119,2,11,1,21,01,01,12,5,7,2,1
2898,21119,2,11,1,21,01,01,13,1,2,1,1
2899,21119,2,11,1,21,01,01,13,2,2,1,1
2900,21119,2,11,1,21,01,01,13,3,2,1,1
2901,21119,2,11,1,21,01,01,13,4,2,1,1
2902,21119,2,11,1,21,01,01,13,7,2,1,1
2903,21119,2,11,1,21,01,01,13,8,2,1,1
2904,21119,2,11,1,21,01,01,14,1,2,1,1
2905,21119,2,11,1,21,01,01,14,2,2,1,1
2906,21119,2,11,1,21,01,01,14,3,2,1,1
2907,21119,2,11,1,21,01,01,14,4,2,1,1
2908,21182,2,13,1,10,03,02,1,1,3,1,1
2909,21182,2,13,1,10,03,02,1,2,3,1,1
2910,21182,2,13,1,10,03,02,1,3,3,1,1
2911,21182,2,13,1,10,03,02,1,4,3,1,1
2912,21182,2,13,1,10,03,02,1,6,3,1,1
2913,21182,2,13,1,10,03,02,2,1,2,1,1
2914,21182,2,13,1,10,03,02,2,2,2,1,1
2915,21182,2,13,1,10,03,02,2,3,2,1,1
2916,21182,2,13,1,10,03,02,2,4,2,1,1
2917,21182,2,13,1,10,03,02,2,7,2,1,1
2918,21182,2,13,1,10,03,02,3,1,6,1,1
2919,21182,2,13,1,10,03,02,3,2,6,1,1
2920,21182,2,13,1,10,03,02,3,3,6,1,1
2921,21182,2,13,1,10,03,02,3,4,6,1,1
2922,21182,2,13,1,10,03,02,3,5,6,1,1
2923,21182,2,13,1,10,03,02,4,1,3,1,1
2924,21182,2,13,1,10,03,02,4,2,3,1,1
2925,21182,2,13,1,10,03,02,4,3,3,1,1
2926,21182,2,13,1,10,03,02,4,4,3,1,1
2927,21182,2,13,1,10,03,02,4,5,3,1,1
2928,21182,2,13,1,10,03,02,5,1,6,1,1
2929,21182,2,13,1,10,03,02,5,2,6,1,1
2930,21182,2,13,1,10,03,02,5,3,6,2,1
2931,21182,2,13,1,10,03,02,5,4,6,1,1
2932,21182,2,13,1,10,03,02,5,5,6,1,1
2933,21182,2,13,1,10,03,02,5,6,6,1,1
2934,21182,2,13,1,10,03,02,6,1,4,1,1
2935,21182,2,13,1,10,03,02,6,2,4,1,1
2936,21182,2,13,1,10,03,02,6,3,4,1,1
2937,21182,2,13,1,10,03,02,6,4,4,1,1
2938,21182,2,13,1,10,03,02,6,5,4,1,1
2939,21182,2,13,1,10,03,02,6,6,4,1,1
2940,21182,2,13,1,10,03,02,7,1,4,1,1
2941,21182,2,13,1,10,03,02,7,2,4,1,1
2942,21182,2,13,1,10,03,02,7,3,4,1,1
2943,21182,2,13,1,10,03,02,7,4,4,1,1
2944,21182,2,13,1,10,03,02,8,1,5,1,1
2945,21182,2,13,1,10,03,02,8,2,5,1,1
2946,21182,2,13,1,10,03,02,8,3,5,1,1
2947,21182,2,13,1,10,03,02,8,4,5,1,1
2948,21182,2,13,1,10,03,02,8,5,5,2,1
2949,21182,2,13,1,10,03,02,8,6,5,2,1
2950,21182,2,13,1,10,03,02,9,1,5,1,1
2951,21182,2,13,1,10,03,02,9,2,5,1,1
2952,21182,2,13,1,10,03,02,9,3,5,1,1
2953,21182,2,13,1,10,03,02,9,4,5,1,1
2954,21182,2,13,1,10,03,02,9,7,5,1,1
2955,21182,2,13,1,10,03,02,10,1,2,1,1
2956,21182,2,13,1,10,03,02,10,2,2,1,1
2957,21182,2,13,1,10,03,02,10,3,2,1,1
2958,21182,2,13,1,10,03,02,10,4,2,1,1
2959,21182,2,13,1,10,03,02,10,5,2,1,1
2960,21182,2,13,1,10,03,02,11,1,1,1,1
2961,21182,2,13,1,10,03,02,11,2,1,1,1
2962,21182,2,13,1,10,03,02,11,3,1,1,1
2963,21182,2,13,1,10,03,02,11,4,1,1,1
2964,21182,2,13,1,10,03,02,12,1,7,1,1
2965,21182,2,13,1,10,03,02,12,2,7,1,1
2966,21182,2,13,1,10,03,02,13,1,1,1,1
2967,21182,2,13,1,10,03,02,13,2,1,1,1
2968,21182,2,13,1,10,03,02,14,1,7,1,1
2969,21222,2,13,1,08,01,01,1,1,1,1,1
2970,21222,2,13,1,08,01,01,1,2,1,1,1
2971,21222,2,13,1,08,01,01,2,1,7,1,1
2972,21222,2,13,1,08,01,01,2,2,7,1,1
2973,21222,2,13,1,08,01,01,2,3,7,1,1
2974,21222,2,13,1,08,01,01,2,4,7,1,1
2975,21222,2,13,1,08,01,01,2,5,7,1,1
2976,21222,2,13,1,08,01,01,3,1,7,1,1
2977,21222,2,13,1,08,01,01,3,2,7,1,1
2978,21222,2,13,1,08,01,01,3,3,7,1,1
2979,21222,2,13,1,08,01,01,3,4,7,1,1
2980,21222,2,13,1,08,01,01,4,1,5,1,1
2981,21222,2,13,1,08,01,01,4,2,5,1,1
2982,21222,2,13,1,08,01,01,5,1,1,1,1
2983,21222,2,13,1,08,01,01,5,2,1,1,1
2984,21222,2,13,1,08,01,01,5,3,0,0,0
2985,21222,2,13,1,08,01,01,5,4,1,1,1
2986,21222,2,13,1,08,01,01,5,5,1,1,1
2987,21222,2,13,1,08,01,01,6,1,6,1,1
2988,21222,2,13,1,08,01,01,6,2,6,1,1
2989,21222,2,13,1,08,01,01,6,3,6,1,1
2990,21222,2,13,1,08,01,01,6,4,6,1,1
2991,21222,2,13,1,08,01,01,7,1,4,1,1
2992,21222,2,13,1,08,01,01,7,2,4,1,1
2993,21222,2,13,1,08,01,01,7,3,4,1,1
2994,21222,2,13,1,08,01,01,7,4,0,0,0
2995,21222,2,13,1,08,01,01,7,5,4,1,1
2996,21222,2,13,1,08,01,01,7,6,4,1,1
2997,21222,2,13,1,08,01,01,7,7,4,1,1
2998,21222,2,13,1,08,01,01,8,1,4,1,1
2999,21222,2,13,1,08,01,01,9,1,2,1,1
3000,21222,2,13,1,08,01,01,9,2,2,1,1
3001,21222,2,13,1,08,01,01,9,3,2,1,1
3002,21222,2,13,1,08,01,01,9,4,2,1,1
3003,21222,2,13,1,08,01,01,9,5,2,1,1
3004,21222,2,13,1,08,01,01,10,1,3,1,1
3005,21222,2,13,1,08,01,01,10,2,3,1,1
3006,21222,2,13,1,08,01,01,10,3,3,1,1
3007,21222,2,13,1,08,01,01,10,4,3,1,1
3008,21222,2,13,1,08,01,01,11,1,3,1,1
3009,21222,2,13,1,08,01,01,11,2,3,1,1
3010,21222,2,13,1,08,01,01,11,3,3,1,1
3011,21222,2,13,1,08,01,01,11,4,3,1,1
3012,21222,2,13,1,08,01,01,12,1,2,1,1
3013,21222,2,13,1,08,01,01,12,2,2,1,1
3014,21222,2,13,1,08,01,01,12,3,2,1,1
3015,21222,2,13,1,08,01,01,12,4,0,0,0
3016,21222,2,13,1,08,01,01,13,1,5,1,1
3017,21222,2,13,1,08,01,01,13,2,5,1,1
3018,21222,2,13,1,08,01,01,13,3,5,1,1
3019,21222,2,13,1,08,01,01,13,5,5,1,1
3020,21222,2,13,1,08,01,01,14,1,6,1,1
3021,21222,2,13,1,08,01,01,14,2,6,1,1
3022,21222,2,13,1,08,01,01,14,3,6,1,1
3023,21269,2,11,1,07,02,01,1,1,5,1,1
3024,21269,2,11,1,07,02,01,1,2,5,1,1
3025,21269,2,11,1,07,02,01,2,1,7,1,1
3026,21269,2,11,1,07,02,01,2,2,7,1,1
3027,21269,2,11,1,07,02,01,3,1,1,1,1
3028,21269,2,11,1,07,02,01,3,2,1,1,1
3029,21269,2,11,1,07,02,01,4,1,3,1,1
3030,21269,2,11,1,07,02,01,4,2,3,1,1
3031,21269,2,11,1,07,02,01,5,1,1,1,1
3032,21269,2,11,1,07,02,01,5,2,1,1,1
3033,21269,2,11,1,07,02,01,5,3,1,1,1
3034,21269,2,11,1,07,02,01,5,4,1,1,1
3035,21269,2,11,1,07,02,01,5,5,1,1,1
3036,21269,2,11,1,07,02,01,5,6,1,1,1
3037,21269,2,11,1,07,02,01,6,1,2,1,1
3038,21269,2,11,1,07,02,01,6,2,2,1,1
3039,21269,2,11,1,07,02,01,6,3,2,1,1
3040,21269,2,11,1,07,02,01,6,5,2,1,1
3041,21269,2,11,1,07,02,01,6,6,2,1,1
3042,21269,2,11,1,07,02,01,7,1,3,1,1
3043,21269,2,11,1,07,02,01,7,2,3,1,1
3044,21269,2,11,1,07,02,01,7,3,3,1,1
3045,21269,2,11,1,07,02,01,7,4,3,1,1
3046,21269,2,11,1,07,02,01,8,1,6,1,1
3047,21269,2,11,1,07,02,01,8,2,6,1,1
3048,21269,2,11,1,07,02,01,9,1,6,1,1
3049,21269,2,11,1,07,02,01,9,2,6,1,1
3050,21269,2,11,1,07,02,01,10,1,4,1,1
3051,21269,2,11,1,07,02,01,10,2,4,1,1
3052,21269,2,11,1,07,02,01,10,3,4,1,1
3053,21269,2,11,1,07,02,01,10,4,4,1,1
3054,21269,2,11,1,07,02,01,11,1,4,1,1
3055,21269,2,11,1,07,02,01,11,2,4,1,1
3056,21269,2,11,1,07,02,01,11,3,4,1,1
3057,21269,2,11,1,07,02,01,12,1,5,1,1
3058,21269,2,11,1,07,02,01,12,2,5,1,1
3059,21269,2,11,1,07,02,01,12,3,5,1,1
3060,21269,2,11,1,07,02,01,13,1,2,1,1
3061,21269,2,11,1,07,02,01,13,2,2,1,1
3062,21269,2,11,1,07,02,01,13,3,2,1,1
3063,21269,2,11,1,07,02,01,14,1,7,1,1
3064,21269,2,11,1,07,02,01,14,2,7,1,1
3065,21317,2,11,1,21,01,01,1,1,1,1,1
3066,21317,2,11,1,21,01,01,1,2,1,1,1
3067,21317,2,11,1,21,01,01,1,3,1,1,1
3068,21317,2,11,1,21,01,01,1,4,1,1,1
3069,21317,2,11,1,21,01,01,1,5,1,1,1
3070,21317,2,11,1,21,01,01,2,1,3,1,1
3071,21317,2,11,1,21,01,01,2,2,3,1,1
3072,21317,2,11,1,21,01,01,2,3,3,1,1
3073,21317,2,11,1,21,01,01,2,4,3,1,1
3074,21317,2,11,1,21,01,01,3,1,7,1,1
3075,21317,2,11,1,21,01,01,3,2,7,1,1
3076,21317,2,11,1,21,01,01,4,1,6,1,1
3077,21317,2,11,1,21,01,01,4,2,6,1,1
3078,21317,2,11,1,21,01,01,4,3,6,1,1
3079,21317,2,11,1,21,01,01,4,4,6,1,1
3080,21317,2,11,1,21,01,01,5,1,3,1,1
3081,21317,2,11,1,21,01,01,5,2,3,1,1
3082,21317,2,11,1,21,01,01,5,3,3,1,1
3083,21317,2,11,1,21,01,01,5,4,3,1,1
3084,21317,2,11,1,21,01,01,6,1,2,1,1
3085,21317,2,11,1,21,01,01,6,2,2,1,1
3086,21317,2,11,1,21,01,01,6,3,2,1,1
3087,21317,2,11,1,21,01,01,6,4,2,1,1
3088,21317,2,11,1,21,01,01,6,5,2,1,1
3089,21317,2,11,1,21,01,01,7,1,5,1,1
3090,21317,2,11,1,21,01,01,7,2,5,1,1
3091,21317,2,11,1,21,01,01,8,1,4,1,1
3092,21317,2,11,1,21,01,01,8,2,4,1,1
3093,21317,2,11,1,21,01,01,8,3,4,1,1
3094,21317,2,11,1,21,01,01,8,4,4,1,1
3095,21317,2,11,1,21,01,01,8,5,4,1,1
3096,21317,2,11,1,21,01,01,9,1,2,1,1
3097,21317,2,11,1,21,01,01,9,2,2,1,1
3098,21317,2,11,1,21,01,01,9,3,2,1,1
3099,21317,2,11,1,21,01,01,10,1,4,1,1
3100,21317,2,11,1,21,01,01,10,2,4,1,1
3101,21317,2,11,1,21,01,01,10,3,4,1,1
3102,21317,2,11,1,21,01,01,10,4,4,1,1
3103,21317,2,11,1,21,01,01,11,1,1,1,1
3104,21317,2,11,1,21,01,01,11,2,1,1,1
3105,21317,2,11,1,21,01,01,11,3,1,1,1
3106,21317,2,11,1,21,01,01,12,1,5,1,1
3107,21317,2,11,1,21,01,01,13,1,6,2,1
3108,21317,2,11,1,21,01,01,13,2,6,2,1
3109,21317,2,11,1,21,01,01,13,3,6,1,1
3110,21317,2,11,1,21,01,01,13,4,6,1,1
3111,21317,2,11,1,21,01,01,13,5,6,1,1
3112,21317,2,11,1,21,01,01,14,1,7,1,1
3113,21430,2,11,1,07,02,01,1,1,1,1,1
3114,21430,2,11,1,07,02,01,1,2,1,1,1
3115,21430,2,11,1,07,02,01,1,3,1,1,1
3116,21430,2,11,1,07,02,01,1,4,1,1,1
3117,21430,2,11,1,07,02,01,1,5,1,1,1
3118,21430,2,11,1,07,02,01,2,1,7,1,1
3119,21430,2,11,1,07,02,01,3,1,2,1,1
3120,21430,2,11,1,07,02,01,3,2,2,1,1
3121,21430,2,11,1,07,02,01,3,3,2,1,1
3122,21430,2,11,1,07,02,01,3,4,2,1,1
3123,21430,2,11,1,07,02,01,4,1,2,1,1
3124,21430,2,11,1,07,02,01,4,2,2,1,1
3125,21430,2,11,1,07,02,01,4,3,2,1,1
3126,21430,2,11,1,07,02,01,4,4,2,1,1
3127,21430,2,11,1,07,02,01,4,5,2,1,1
3128,21430,2,11,1,07,02,01,4,7,2,1,1
3129,21430,2,11,1,07,02,01,5,1,1,1,1
3130,21430,2,11,1,07,02,01,5,2,1,1,1
3131,21430,2,11,1,07,02,01,5,3,1,1,1
3132,21430,2,11,1,07,02,01,5,4,1,1,1
3133,21430,2,11,1,07,02,01,5,5,1,1,1
3134,21430,2,11,1,07,02,01,6,1,7,1,1
3135,21430,2,11,1,07,02,01,6,2,7,1,1
3136,21430,2,11,1,07,02,01,6,3,7,1,1
3137,21430,2,11,1,07,02,01,6,4,7,1,1
3138,21430,2,11,1,07,02,01,6,5,7,1,1
3139,21430,2,11,1,07,02,01,6,6,7,1,1
3140,21430,2,11,1,07,02,01,7,1,4,1,1
3141,21430,2,11,1,07,02,01,7,2,4,1,1
3142,21430,2,11,1,07,02,01,7,3,4,1,1
3143,21430,2,11,1,07,02,01,7,4,4,1,1
3144,21430,2,11,1,07,02,01,8,1,4,1,1
3145,21430,2,11,1,07,02,01,8,2,4,1,1
3146,21430,2,11,1,07,02,01,9,1,6,1,1
3147,21430,2,11,1,07,02,01,9,2,6,1,1
3148,21430,2,11,1,07,02,01,9,3,6,1,1
3149,21430,2,11,1,07,02,01,9,5,6,1,1
3150,21430,2,11,1,07,02,01,10,1,5,1,1
3151,21430,2,11,1,07,02,01,10,2,5,1,1
3152,21430,2,11,1,07,02,01,10,3,5,1,1
3153,21430,2,11,1,07,02,01,10,4,5,1,1
3154,21430,2,11,1,07,02,01,10,5,5,1,1
3155,21430,2,11,1,07,02,01,10,6,5,1,1
3156,21430,2,11,1,07,02,01,11,1,5,1,1
3157,21430,2,11,1,07,02,01,11,2,5,1,1
3158,21430,2,11,1,07,02,01,11,3,5,1,1
3159,21430,2,11,1,07,02,01,11,4,5,2,1
3160,21430,2,11,1,07,02,01,11,5,5,1,1
3161,21430,2,11,1,07,02,01,11,6,5,1,1
3162,21430,2,11,1,07,02,01,12,1,3,1,1
3163,21430,2,11,1,07,02,01,12,2,3,1,1
3164,21430,2,11,1,07,02,01,13,1,3,1,1
3165,21430,2,11,1,07,02,01,13,2,3,1,1
3166,21430,2,11,1,07,02,01,13,3,3,2,1
3167,21430,2,11,1,07,02,01,14,1,6,1,1
3168,21430,2,11,1,07,02,01,14,2,6,1,1
3169,21430,2,11,1,07,02,01,14,3,6,1,1
3170,21430,2,11,1,07,02,01,14,4,6,1,1
3171,21430,2,11,1,07,02,01,14,5,6,1,1
3172,21430,2,11,1,07,02,01,14,6,6,1,1
3173,21430,2,11,1,07,02,01,14,7,6,1,1
3174,21430,2,11,1,07,02,01,14,8,6,1,1
3175,21469,2,13,1,08,02,01,1,1,7,1,1
3176,21469,2,13,1,08,02,01,1,2,7,1,1
3177,21469,2,13,1,08,02,01,1,3,7,2,1
3178,21469,2,13,1,08,02,01,1,4,7,1,1
3179,21469,2,13,1,08,02,01,1,5,7,1,1
3180,21469,2,13,1,08,02,01,2,1,3,2,1
3181,21469,2,13,1,08,02,01,2,2,3,1,1
3182,21469,2,13,1,08,02,01,2,3,3,1,1
3183,21469,2,13,1,08,02,01,2,4,3,1,1
3184,21469,2,13,1,08,02,01,2,7,0,0,0
3185,21469,2,13,1,08,02,01,3,1,1,1,1
3186,21469,2,13,1,08,02,01,3,2,1,1,1
3187,21469,2,13,1,08,02,01,4,1,4,2,1
3188,21469,2,13,1,08,02,01,4,2,4,1,1
3189,21469,2,13,1,08,02,01,4,3,4,1,1
3190,21469,2,13,1,08,02,01,5,1,5,1,1
3191,21469,2,13,1,08,02,01,5,2,5,1,1
3192,21469,2,13,1,08,02,01,5,3,5,1,1
3193,21469,2,13,1,08,02,01,5,4,5,1,1
3194,21469,2,13,1,08,02,01,5,5,5,1,1
3195,21469,2,13,1,08,02,01,5,6,5,1,1
3196,21469,2,13,1,08,02,01,5,7,5,1,1
3197,21469,2,13,1,08,02,01,6,1,6,1,1
3198,21469,2,13,1,08,02,01,6,2,6,1,1
3199,21469,2,13,1,08,02,01,6,3,6,1,1
3200,21469,2,13,1,08,02,01,6,4,6,1,1
3201,21469,2,13,1,08,02,01,6,5,6,1,1
3202,21469,2,13,1,08,02,01,6,6,6,1,1
3203,21469,2,13,1,08,02,01,7,1,1,1,1
3204,21469,2,13,1,08,02,01,7,2,1,1,1
3205,21469,2,13,1,08,02,01,7,3,1,1,1
3206,21469,2,13,1,08,02,01,7,4,1,2,1
3207,21469,2,13,1,08,02,01,7,5,1,1,1
3208,21469,2,13,1,08,02,01,8,1,4,1,1
3209,21469,2,13,1,08,02,01,8,2,4,1,1
3210,21469,2,13,1,08,02,01,8,3,4,1,1
3211,21469,2,13,1,08,02,01,8,4,4,1,1
3212,21469,2,13,1,08,02,01,8,7,4,1,1
3213,21469,2,13,1,08,02,01,9,1,7,1,1
3214,21469,2,13,1,08,02,01,9,2,7,1,1
3215,21469,2,13,1,08,02,01,9,3,7,1,1
3216,21469,2,13,1,08,02,01,10,1,5,1,1
3217,21469,2,13,1,08,02,01,10,2,5,1,1
3218,21469,2,13,1,08,02,01,10,3,5,1,1
3219,21469,2,13,1,08,02,01,10,6,5,1,1
3220,21469,2,13,1,08,02,01,10,7,5,1,1
3221,21469,2,13,1,08,02,01,11,1,3,1,1
3222,21469,2,13,1,08,02,01,11,2,3,1,1
3223,21469,2,13,1,08,02,01,11,3,3,1,1
3224,21469,2,13,1,08,02,01,11,4,3,1,1
3225,21469,2,13,1,08,02,01,11,5,3,1,1
3226,21469,2,13,1,08,02,01,11,6,3,1,1
3227,21469,2,13,1,08,02,01,12,1,2,1,1
3228,21469,2,13,1,08,02,01,12,2,2,1,1
3229,21469,2,13,1,08,02,01,12,3,2,1,1
3230,21469,2,13,1,08,02,01,12,4,2,1,1
3231,21469,2,13,1,08,02,01,12,5,2,1,1
3232,21469,2,13,1,08,02,01,13,1,2,1,1
3233,21469,2,13,1,08,02,01,13,2,2,1,1
3234,21469,2,13,1,08,02,01,13,3,2,1,1
3235,21469,2,13,1,08,02,01,13,5,2,1,1
3236,21469,2,13,1,08,02,01,13,6,2,1,1
3237,21469,2,13,1,08,02,01,13,7,2,1,1
3238,21469,2,13,1,08,02,01,14,1,6,1,1
3239,21469,2,13,1,08,02,01,14,2,6,1,1
3240,21469,2,13,1,08,02,01,14,3,6,1,1
3241,21469,2,13,1,08,02,01,14,4,6,1,1
3242,21481,2,13,1,10,03,01,1,1,2,1,1
3243,21481,2,13,1,10,03,01,1,2,2,1,1
3244,21481,2,13,1,10,03,01,2,1,6,1,2
3245,21481,2,13,1,10,03,01,2,2,6,1,2
3246,21481,2,13,1,10,03,01,2,4,6,1,2
3247,21481,2,13,1,10,03,01,3,1,5,1,1
3248,21481,2,13,1,10,03,01,3,2,5,1,1
3249,21481,2,13,1,10,03,01,3,3,5,1,1
3250,21481,2,13,1,10,03,01,4,1,3,1,1
3251,21481,2,13,1,10,03,01,4,2,3,1,1
3252,21481,2,13,1,10,03,01,5,1,4,1,2
3253,21481,2,13,1,10,03,01,5,2,4,1,2
3254,21481,2,13,1,10,03,01,5,3,4,1,2
3255,21481,2,13,1,10,03,01,6,1,5,1,1
3256,21481,2,13,1,10,03,01,6,2,5,1,1
3257,21481,2,13,1,10,03,01,6,3,5,1,1
3258,21481,2,13,1,10,03,01,7,1,2,1,1
3259,21481,2,13,1,10,03,01,7,2,2,1,1
3260,21481,2,13,1,10,03,01,7,3,2,1,1
3261,21481,2,13,1,10,03,01,7,4,2,1,1
3262,21481,2,13,1,10,03,01,7,5,2,1,1
3263,21481,2,13,1,10,03,01,8,1,4,1,1
3264,21481,2,13,1,10,03,01,8,2,4,1,1
3265,21481,2,13,1,10,03,01,9,1,3,1,1
3266,21481,2,13,1,10,03,01,9,2,3,1,1
3267,21481,2,13,1,10,03,01,9,3,3,1,1
3268,21481,2,13,1,10,03,01,10,1,7,1,1
3269,21481,2,13,1,10,03,01,10,2,7,1,1
3270,21481,2,13,1,10,03,01,11,1,1,1,1
3271,21481,2,13,1,10,03,01,11,2,1,1,1
3272,21481,2,13,1,10,03,01,12,1,1,1,1
3273,21481,2,13,1,10,03,01,12,2,1,1,1
3274,21481,2,13,1,10,03,01,13,1,6,1,1
3275,21481,2,13,1,10,03,01,13,2,6,1,1
3276,21481,2,13,1,10,03,01,14,1,7,1,1
3277,21607,2,12,1,19,02,01,1,1,3,1,1
3278,21607,2,12,1,19,02,01,1,2,3,1,1
3279,21607,2,12,1,19,02,01,1,3,3,1,1
3280,21607,2,12,1,19,02,01,1,4,3,1,1
3281,21607,2,12,1,19,02,01,1,5,3,1,1
3282,21607,2,12,1,19,02,01,1,6,3,1,1
3283,21607,2,12,1,19,02,01,2,1,4,1,1
3284,21607,2,12,1,19,02,01,2,2,4,1,1
3285,21607,2,12,1,19,02,01,2,3,4,1,1
3286,21607,2,12,1,19,02,01,2,4,4,1,1
3287,21607,2,12,1,19,02,01,3,1,6,1,1
3288,21607,2,12,1,19,02,01,3,2,6,1,1
3289,21607,2,12,1,19,02,01,3,4,6,1,1
3290,21607,2,12,1,19,02,01,3,5,6,1,1
3291,21607,2,12,1,19,02,01,3,6,6,1,1
3292,21607,2,12,1,19,02,01,4,1,3,1,1
3293,21607,2,12,1,19,02,01,4,2,3,1,1
3294,21607,2,12,1,19,02,01,5,1,4,1,1
3295,21607,2,12,1,19,02,01,5,2,4,1,1
3296,21607,2,12,1,19,02,01,5,3,4,1,1
3297,21607,2,12,1,19,02,01,5,4,4,1,1
3298,21607,2,12,1,19,02,01,6,1,7,1,1
3299,21607,2,12,1,19,02,01,6,2,7,1,1
3300,21607,2,12,1,19,02,01,7,1,6,1,1
3301,21607,2,12,1,19,02,01,7,2,6,1,1
3302,21607,2,12,1,19,02,01,7,3,6,1,1
3303,21607,2,12,1,19,02,01,7,4,6,1,1
3304,21607,2,12,1,19,02,01,7,5,6,1,1
3305,21607,2,12,1,19,02,01,8,1,1,1,1
3306,21607,2,12,1,19,02,01,8,2,1,1,1
3307,21607,2,12,1,19,02,01,8,3,1,1,1
3308,21607,2,12,1,19,02,01,8,4,1,1,1
3309,21607,2,12,1,19,02,01,9,1,5,1,1
3310,21607,2,12,1,19,02,01,9,2,5,1,1
3311,21607,2,12,1,19,02,01,10,1,7,1,1
3312,21607,2,12,1,19,02,01,10,2,7,1,1
3313,21607,2,12,1,19,02,01,11,1,5,1,1
3314,21607,2,12,1,19,02,01,11,2,5,1,1
3315,21607,2,12,1,19,02,01,11,3,5,1,1
3316,21607,2,12,1,19,02,01,11,4,5,1,1
3317,21607,2,12,1,19,02,01,11,5,5,1,1
3318,21607,2,12,1,19,02,01,11,6,5,1,1
3319,21607,2,12,1,19,02,01,12,1,2,2,1
3320,21607,2,12,1,19,02,01,12,2,2,1,1
3321,21607,2,12,1,19,02,01,13,1,2,1,1
3322,21607,2,12,1,19,02,01,13,2,2,1,1
3323,21607,2,12,1,19,02,01,14,1,1,1,1
3324,21607,2,12,1,19,02,01,14,3,1,1,1
3325,21914,2,14,1,03,01,01,1,1,7,1,1
3326,21914,2,14,1,03,01,01,2,1,7,1,1
3327,21914,2,14,1,03,01,01,2,2,7,1,1
3328,21914,2,14,1,03,01,01,3,1,1,1,2
3329,21914,2,14,1,03,01,01,3,2,1,1,2
3330,21914,2,14,1,03,01,01,4,1,1,1,2
3331,21914,2,14,1,03,01,01,4,2,1,1,2
3332,21914,2,14,1,03,01,01,5,1,2,1,1
3333,21914,2,14,1,03,01,01,5,2,2,1,1
3334,21914,2,14,1,03,01,01,5,3,2,1,1
3335,21914,2,14,1,03,01,01,6,1,2,1,1
3336,21914,2,14,1,03,01,01,6,2,2,1,1
3337,21914,2,14,1,03,01,01,6,3,2,1,1
3338,21914,2,14,1,03,01,01,7,1,3,1,1
3339,21914,2,14,1,03,01,01,7,2,3,1,1
3340,21914,2,14,1,03,01,01,7,4,3,1,1
3341,21914,2,14,1,03,01,01,8,1,3,1,1
3342,21914,2,14,1,03,01,01,9,1,4,1,2
3343,21914,2,14,1,03,01,01,9,2,4,1,1
3344,21914,2,14,1,03,01,01,9,3,4,1,1
3345,21914,2,14,1,03,01,01,10,1,4,1,2
3346,21914,2,14,1,03,01,01,10,2,4,1,2
3347,21914,2,14,1,03,01,01,11,1,5,1,2
3348,21914,2,14,1,03,01,01,11,2,5,1,2
3349,21914,2,14,1,03,01,01,11,3,5,1,2
3350,21914,2,14,1,03,01,01,12,1,5,1,2
3351,21914,2,14,1,03,01,01,13,1,6,1,2
3352,21914,2,14,1,03,01,01,13,3,6,1,2
3353,21914,2,14,1,03,01,01,14,1,6,1,1
3354,21914,2,14,1,03,01,01,14,2,6,1,1
3355,22001,2,11,1,21,01,01,1,1,5,1,1
3356,22001,2,11,1,21,01,01,1,2,5,1,1
3357,22001,2,11,1,21,01,01,1,3,5,1,1
3358,22001,2,11,1,21,01,01,1,4,5,1,1
3359,22001,2,11,1,21,01,01,2,1,1,1,1
3360,22001,2,11,1,21,01,01,2,2,1,1,1
3361,22001,2,11,1,21,01,01,3,1,1,1,1
3362,22001,2,11,1,21,01,01,4,1,6,2,1
3363,22001,2,11,1,21,01,01,5,1,5,1,1
3364,22001,2,11,1,21,01,01,6,1,7,1,1
3365,22001,2,11,1,21,01,01,7,1,2,1,1
3366,22001,2,11,1,21,01,01,8,1,3,1,1
3367,22001,2,11,1,21,01,01,9,1,4,1,1
3368,22001,2,11,1,21,01,01,10,1,6,2,1
3369,22001,2,11,1,21,01,01,11,1,4,1,1
3370,22001,2,11,1,21,01,01,12,1,7,2,1
3371,22001,2,11,1,21,01,01,12,2,7,2,1
3372,22001,2,11,1,21,01,01,12,3,7,2,1
3373,22001,2,11,1,21,01,01,12,4,7,2,1
3374,22001,2,11,1,21,01,01,13,1,1,1,1
3375,22001,2,11,1,21,01,01,14,1,3,1,1
3376,22047,2,11,1,21,03,01,1,1,3,1,1
3377,22047,2,11,1,21,03,01,1,2,3,1,1
3378,22047,2,11,1,21,03,01,1,3,3,1,1
3379,22047,2,11,1,21,03,01,1,4,3,1,1
3380,22047,2,11,1,21,03,01,2,1,1,1,1
3381,22047,2,11,1,21,03,01,2,2,1,1,1
3382,22047,2,11,1,21,03,01,3,1,7,1,1
3383,22047,2,11,1,21,03,01,3,2,7,1,1
3384,22047,2,11,1,21,03,01,3,3,7,1,1
3385,22047,2,11,1,21,03,01,4,1,5,1,1
3386,22047,2,11,1,21,03,01,4,2,5,1,1
3387,22047,2,11,1,21,03,01,5,1,4,1,1
3388,22047,2,11,1,21,03,01,5,2,4,1,1
3389,22047,2,11,1,21,03,01,5,3,4,1,1
3390,22047,2,11,1,21,03,01,6,1,4,1,1
3391,22047,2,11,1,21,03,01,6,2,4,1,1
3392,22047,2,11,1,21,03,01,6,3,4,1,1
3393,22047,2,11,1,21,03,01,7,1,5,1,1
3394,22047,2,11,1,21,03,01,7,2,5,1,1
3395,22047,2,11,1,21,03,01,8,1,1,1,1
3396,22047,2,11,1,21,03,01,8,2,1,1,1
3397,22047,2,11,1,21,03,01,8,3,1,1,1
3398,22047,2,11,1,21,03,01,9,1,1,1,1
3399,22047,2,11,1,21,03,01,9,2,1,1,1
3400,22047,2,11,1,21,03,01,10,1,2,1,1
3401,22047,2,11,1,21,03,01,10,2,2,1,1
3402,22047,2,11,1,21,03,01,11,1,6,1,1
3403,22047,2,11,1,21,03,01,11,2,6,1,1
3404,22047,2,11,1,21,03,01,11,3,6,1,1
3405,22047,2,11,1,21,03,01,11,4,6,1,1
3406,22047,2,11,1,21,03,01,11,5,6,1,1
3407,22047,2,11,1,21,03,01,12,1,3,1,1
3408,22047,2,11,1,21,03,01,13,1,3,1,1
3409,22047,2,11,1,21,03,01,14,1,2,1,1
3410,22047,2,11,1,21,03,01,14,2,2,1,1
3411,22047,2,11,1,21,03,01,14,3,2,1,1
3412,22101,2,13,1,10,03,01,1,1,4,1,1
3413,22101,2,13,1,10,03,01,1,2,4,1,1
3414,22101,2,13,1,10,03,01,1,3,4,1,1
3415,22101,2,13,1,10,03,01,1,4,4,1,1
3416,22101,2,13,1,10,03,01,2,1,2,1,1
3417,22101,2,13,1,10,03,01,2,2,2,1,1
3418,22101,2,13,1,10,03,01,2,3,2,1,1
3419,22101,2,13,1,10,03,01,2,4,2,1,1
3420,22101,2,13,1,10,03,01,2,5,2,1,1
3421,22101,2,13,1,10,03,01,3,1,5,2,2
3422,22101,2,13,1,10,03,01,3,2,5,1,1
3423,22101,2,13,1,10,03,01,3,3,5,1,1
3424,22101,2,13,1,10,03,01,3,4,5,1,1
3425,22101,2,13,1,10,03,01,4,1,6,1,1
3426,22101,2,13,1,10,03,01,4,2,6,1,1
3427,22101,2,13,1,10,03,01,4,3,6,1,1
3428,22101,2,13,1,10,03,01,4,4,6,1,1
3429,22101,2,13,1,10,03,01,4,5,6,1,1
3430,22101,2,13,1,10,03,01,5,1,7,1,1
3431,22101,2,13,1,10,03,01,6,1,4,1,1
3432,22101,2,13,1,10,03,01,6,2,4,1,1
3433,22101,2,13,1,10,03,01,6,3,4,1,1
3434,22101,2,13,1,10,03,01,6,4,4,1,1
3435,22101,2,13,1,10,03,01,6,6,4,1,1
3436,22101,2,13,1,10,03,01,6,7,4,1,1
3437,22101,2,13,1,10,03,01,6,8,4,1,1
3438,22101,2,13,1,10,03,01,6,9,4,1,1
3439,22101,2,13,1,10,03,01,6,11,4,1,1
3440,22101,2,13,1,10,03,01,7,1,5,1,1
3441,22101,2,13,1,10,03,01,7,2,5,1,1
3442,22101,2,13,1,10,03,01,7,3,5,1,1
3443,22101,2,13,1,10,03,01,8,1,3,1,1
3444,22101,2,13,1,10,03,01,8,2,3,1,1
3445,22101,2,13,1,10,03,01,8,3,3,1,1
3446,22101,2,13,1,10,03,01,8,4,3,1,1
3447,22101,2,13,1,10,03,01,9,1,3,1,1
3448,22101,2,13,1,10,03,01,9,2,3,1,1
3449,22101,2,13,1,10,03,01,9,3,3,1,1
3450,22101,2,13,1,10,03,01,9,4,3,1,1
3451,22101,2,13,1,10,03,01,10,1,7,1,1
3452,22101,2,13,1,10,03,01,10,2,7,1,1
3453,22101,2,13,1,10,03,01,10,3,7,1,1
3454,22101,2,13,1,10,03,01,11,1,2,1,1
3455,22101,2,13,1,10,03,01,11,2,2,1,1
3456,22101,2,13,1,10,03,01,12,1,6,1,1
3457,22101,2,13,1,10,03,01,12,2,6,1,1
3458,22101,2,13,1,10,03,01,12,4,6,1,1
3459,22101,2,13,1,10,03,01,12,5,6,1,1
3460,22101,2,13,1,10,03,01,13,1,1,1,1
3461,22101,2,13,1,10,03,01,13,2,1,1,1
3462,22101,2,13,1,10,03,01,13,3,1,1,1
3463,22101,2,13,1,10,03,01,13,4,1,1,1
3464,22101,2,13,1,10,03,01,13,5,1,1,1
3465,22101,2,13,1,10,03,01,14,1,7,1,1
3466,22407,2,12,1,19,02,01,1,1,6,1,1
3467,22407,2,12,1,19,02,01,1,2,6,1,1
3468,22407,2,12,1,19,02,01,1,3,6,1,1
3469,22407,2,12,1,19,02,01,1,4,6,1,1
3470,22407,2,12,1,19,02,01,2,1,5,1,1
3471,22407,2,12,1,19,02,01,3,1,2,2,1
3472,22407,2,12,1,19,02,01,3,2,2,1,1
3473,22407,2,12,1,19,02,01,3,3,2,1,1
3474,22407,2,12,1,19,02,01,4,1,6,1,1
3475,22407,2,12,1,19,02,01,4,2,6,1,1
3476,22407,2,12,1,19,02,01,4,3,6,1,1
3477,22407,2,12,1,19,02,01,4,4,6,1,1
3478,22407,2,12,1,19,02,01,5,1,4,1,1
3479,22407,2,12,1,19,02,01,5,2,4,1,1
3480,22407,2,12,1,19,02,01,5,3,4,1,1
3481,22407,2,12,1,19,02,01,5,4,4,1,1
3482,22407,2,12,1,19,02,01,6,1,5,2,1
3483,22407,2,12,1,19,02,01,6,2,5,1,1
3484,22407,2,12,1,19,02,01,7,1,3,1,1
3485,22407,2,12,1,19,02,01,7,2,3,1,1
3486,22407,2,12,1,19,02,01,7,3,3,1,1
3487,22407,2,12,1,19,02,01,7,4,3,1,1
3488,22407,2,12,1,19,02,01,7,5,3,2,1
3489,22407,2,12,1,19,02,01,8,1,7,1,1
3490,22407,2,12,1,19,02,01,8,2,7,1,1
3491,22407,2,12,1,19,02,01,9,1,4,1,1
3492,22407,2,12,1,19,02,01,9,2,4,1,1
3493,22407,2,12,1,19,02,01,9,3,4,1,1
3494,22407,2,12,1,19,02,01,10,1,7,2,1
3495,22407,2,12,1,19,02,01,10,2,7,1,1
3496,22407,2,12,1,19,02,01,11,1,1,1,1
3497,22407,2,12,1,19,02,01,11,2,1,1,1
3498,22407,2,12,1,19,02,01,12,1,1,1,1
3499,22407,2,12,1,19,02,01,12,2,1,1,1
3500,22407,2,12,1,19,02,01,12,3,1,1,1
3501,22407,2,12,1,19,02,01,13,1,3,1,1
3502,22407,2,12,1,19,02,01,13,2,3,1,1
3503,22407,2,12,1,19,02,01,14,1,2,1,1
3504,22407,2,12,1,19,02,01,14,2,2,1,1
3505,22407,2,12,1,19,02,01,14,3,2,1,1
3506,22418,2,13,1,08,02,01,1,1,3,1,1
3507,22418,2,13,1,08,02,01,1,2,3,1,1
3508,22418,2,13,1,08,02,01,2,1,4,1,1
3509,22418,2,13,1,08,02,01,2,2,4,1,1
3510,22418,2,13,1,08,02,01,3,1,2,1,1
3511,22418,2,13,1,08,02,01,3,2,2,1,1
3512,22418,2,13,1,08,02,01,3,3,2,1,1
3513,22418,2,13,1,08,02,01,4,1,3,1,1
3514,22418,2,13,1,08,02,01,4,2,3,2,1
3515,22418,2,13,1,08,02,01,4,3,3,2,1
3516,22418,2,13,1,08,02,01,4,4,3,2,1
3517,22418,2,13,1,08,02,01,4,5,3,2,1
3518,22418,2,13,1,08,02,01,5,1,4,1,1
3519,22418,2,13,1,08,02,01,5,2,4,1,1
3520,22418,2,13,1,08,02,01,5,3,4,1,1
3521,22418,2,13,1,08,02,01,5,4,4,1,1
3522,22418,2,13,1,08,02,01,5,5,4,1,1
3523,22418,2,13,1,08,02,01,5,6,4,1,1
3524,22418,2,13,1,08,02,01,6,1,1,1,1
3525,22418,2,13,1,08,02,01,6,2,1,2,1
3526,22418,2,13,1,08,02,01,6,3,1,2,1
3527,22418,2,13,1,08,02,01,6,5,1,2,1
3528,22418,2,13,1,08,02,01,7,1,5,1,1
3529,22418,2,13,1,08,02,01,7,2,5,1,1
3530,22418,2,13,1,08,02,01,7,3,5,1,1
3531,22418,2,13,1,08,02,01,7,4,5,1,1
3532,22418,2,13,1,08,02,01,7,6,5,1,1
3533,22418,2,13,1,08,02,01,7,7,5,1,1
3534,22418,2,13,1,08,02,01,7,8,5,1,1
3535,22418,2,13,1,08,02,01,8,1,1,1,1
3536,22418,2,13,1,08,02,01,8,2,1,1,1
3537,22418,2,13,1,08,02,01,8,3,1,1,1
3538,22418,2,13,1,08,02,01,8,4,1,1,1
3539,22418,2,13,1,08,02,01,8,5,1,1,1
3540,22418,2,13,1,08,02,01,8,6,1,1,1
3541,22418,2,13,1,08,02,01,9,1,5,1,1
3542,22418,2,13,1,08,02,01,9,2,5,1,1
3543,22418,2,13,1,08,02,01,10,1,6,1,1
3544,22418,2,13,1,08,02,01,10,2,6,1,1
3545,22418,2,13,1,08,02,01,10,3,6,1,1
3546,22418,2,13,1,08,02,01,10,4,6,2,1
3547,22418,2,13,1,08,02,01,10,5,6,2,1
3548,22418,2,13,1,08,02,01,11,1,2,1,1
3549,22418,2,13,1,08,02,01,11,2,2,1,1
3550,22418,2,13,1,08,02,01,11,5,2,1,1
3551,22418,2,13,1,08,02,01,12,1,6,1,1
3552,22418,2,13,1,08,02,01,12,2,6,1,1
3553,22418,2,13,1,08,02,01,12,3,6,1,1
3554,22418,2,13,1,08,02,01,13,1,7,2,1
3555,22418,2,13,1,08,02,01,13,2,7,1,2
3556,22418,2,13,1,08,02,01,13,3,7,2,1
3557,22418,2,13,1,08,02,01,13,4,7,2,1
3558,22418,2,13,1,08,02,01,14,1,7,2,1
3559,22418,2,13,1,08,02,01,14,2,7,1,1
3560,22509,2,13,1,10,03,01,1,1,0,0,0
3561,22509,2,13,1,10,03,01,1,2,1,1,1
3562,22509,2,13,1,10,03,01,1,3,1,1,1
3563,22509,2,13,1,10,03,01,1,4,1,1,1
3564,22509,2,13,1,10,03,01,1,5,1,1,1
3565,22509,2,13,1,10,03,01,2,1,4,1,1
3566,22509,2,13,1,10,03,01,2,2,4,1,1
3567,22509,2,13,1,10,03,01,2,3,4,1,1
3568,22509,2,13,1,10,03,01,2,4,4,1,1
3569,22509,2,13,1,10,03,01,3,1,2,1,1
3570,22509,2,13,1,10,03,01,3,2,2,1,1
3571,22509,2,13,1,10,03,01,3,3,2,2,1
3572,22509,2,13,1,10,03,01,3,4,2,2,1
3573,22509,2,13,1,10,03,01,3,5,2,2,1
3574,22509,2,13,1,10,03,01,4,1,7,1,1
3575,22509,2,13,1,10,03,01,4,2,7,2,1
3576,22509,2,13,1,10,03,01,4,3,7,1,1
3577,22509,2,13,1,10,03,01,5,1,3,1,1
3578,22509,2,13,1,10,03,01,5,2,3,1,1
3579,22509,2,13,1,10,03,01,5,3,3,1,1
3580,22509,2,13,1,10,03,01,5,4,3,2,1
3581,22509,2,13,1,10,03,01,5,5,3,1,1
3582,22509,2,13,1,10,03,01,6,1,3,1,1
3583,22509,2,13,1,10,03,01,6,2,3,1,1
3584,22509,2,13,1,10,03,01,6,3,3,2,1
3585,22509,2,13,1,10,03,01,6,4,0,0,0
3586,22509,2,13,1,10,03,01,6,5,3,2,1
3587,22509,2,13,1,10,03,01,7,1,6,1,1
3588,22509,2,13,1,10,03,01,7,2,6,1,1
3589,22509,2,13,1,10,03,01,7,3,6,1,1
3590,22509,2,13,1,10,03,01,8,1,0,0,0
3591,22509,2,13,1,10,03,01,8,2,0,0,0
3592,22509,2,13,1,10,03,01,8,3,4,1,1
3593,22509,2,13,1,10,03,01,8,4,4,1,1
3594,22509,2,13,1,10,03,01,8,5,4,1,1
3595,22509,2,13,1,10,03,01,8,6,0,0,0
3596,22509,2,13,1,10,03,01,9,1,6,2,1
3597,22509,2,13,1,10,03,01,9,2,6,2,1
3598,22509,2,13,1,10,03,01,9,3,6,1,1
3599,22509,2,13,1,10,03,01,10,1,5,1,1
3600,22509,2,13,1,10,03,01,10,2,0,0,0
3601,22509,2,13,1,10,03,01,10,3,5,1,1
3602,22509,2,13,1,10,03,01,10,4,5,1,1
3603,22509,2,13,1,10,03,01,10,5,5,2,1
3604,22509,2,13,1,10,03,01,10,6,0,0,0
3605,22509,2,13,1,10,03,01,11,1,1,1,1
3606,22509,2,13,1,10,03,01,11,2,1,1,1
3607,22509,2,13,1,10,03,01,11,3,1,1,1
3608,22509,2,13,1,10,03,01,11,4,1,1,1
3609,22509,2,13,1,10,03,01,12,1,7,1,1
3610,22509,2,13,1,10,03,01,12,2,7,1,1
3611,22509,2,13,1,10,03,01,12,3,7,1,1
3612,22509,2,13,1,10,03,01,12,4,0,0,0
3613,22509,2,13,1,10,03,01,13,1,5,1,1
3614,22509,2,13,1,10,03,01,13,2,5,1,1
3615,22509,2,13,1,10,03,01,13,3,5,1,1
3616,22509,2,13,1,10,03,01,14,1,2,1,1
3617,22509,2,13,1,10,03,01,14,2,2,1,1
3618,22509,2,13,1,10,03,01,14,3,2,1,1
3619,22509,2,13,1,10,03,01,14,4,2,1,1
3620,22509,2,13,1,10,03,01,14,5,2,1,1
3621,22986,2,13,1,02,01,01,1,1,1,1,1
3622,22986,2,13,1,02,01,01,1,2,1,1,1
3623,22986,2,13,1,02,01,01,1,3,1,1,1
3624,22986,2,13,1,02,01,01,1,4,1,1,1
3625,22986,2,13,1,02,01,01,2,1,4,1,1
3626,22986,2,13,1,02,01,01,2,2,4,1,1
3627,22986,2,13,1,02,01,01,2,3,4,1,1
3628,22986,2,13,1,02,01,01,2,4,4,1,1
3629,22986,2,13,1,02,01,01,3,1,5,1,1
3630,22986,2,13,1,02,01,01,3,2,5,1,1
3631,22986,2,13,1,02,01,01,3,3,5,1,1
3632,22986,2,13,1,02,01,01,3,4,5,1,1
3633,22986,2,13,1,02,01,01,4,1,7,1,1
3634,22986,2,13,1,02,01,01,4,2,7,1,1
3635,22986,2,13,1,02,01,01,4,3,7,1,1
3636,22986,2,13,1,02,01,01,4,4,7,1,1
3637,22986,2,13,1,02,01,01,4,5,7,1,1
3638,22986,2,13,1,02,01,01,4,7,7,1,1
3639,22986,2,13,1,02,01,01,4,8,7,1,1
3640,22986,2,13,1,02,01,01,5,1,6,1,1
3641,22986,2,13,1,02,01,01,5,2,6,1,1
3642,22986,2,13,1,02,01,01,5,3,6,1,1
3643,22986,2,13,1,02,01,01,5,4,6,1,1
3644,22986,2,13,1,02,01,01,5,5,6,1,1
3645,22986,2,13,1,02,01,01,5,6,6,1,1
3646,22986,2,13,1,02,01,01,5,7,6,1,1
3647,22986,2,13,1,02,01,01,6,1,4,1,1
3648,22986,2,13,1,02,01,01,6,2,4,1,1
3649,22986,2,13,1,02,01,01,6,3,4,1,1
3650,22986,2,13,1,02,01,01,6,4,4,1,1
3651,22986,2,13,1,02,01,01,6,5,4,1,1
3652,22986,2,13,1,02,01,01,7,1,7,1,1
3653,22986,2,13,1,02,01,01,7,2,7,1,1
3654,22986,2,13,1,02,01,01,7,3,7,1,1
3655,22986,2,13,1,02,01,01,7,4,7,1,1
3656,22986,2,13,1,02,01,01,7,6,7,1,1
3657,22986,2,13,1,02,01,01,8,1,6,1,1
3658,22986,2,13,1,02,01,01,8,2,6,1,1
3659,22986,2,13,1,02,01,01,8,3,6,1,1
3660,22986,2,13,1,02,01,01,8,4,6,1,1
3661,22986,2,13,1,02,01,01,9,1,2,1,1
3662,22986,2,13,1,02,01,01,9,2,2,1,1
3663,22986,2,13,1,02,01,01,9,3,2,1,1
3664,22986,2,13,1,02,01,01,9,4,2,1,1
3665,22986,2,13,1,02,01,01,10,1,3,1,1
3666,22986,2,13,1,02,01,01,10,2,3,1,1
3667,22986,2,13,1,02,01,01,10,3,3,1,1
3668,22986,2,13,1,02,01,01,10,4,3,1,1
3669,22986,2,13,1,02,01,01,10,5,3,1,1
3670,22986,2,13,1,02,01,01,11,1,5,1,1
3671,22986,2,13,1,02,01,01,11,2,5,1,1
3672,22986,2,13,1,02,01,01,11,3,5,2,1
3673,22986,2,13,1,02,01,01,11,4,5,1,1
3674,22986,2,13,1,02,01,01,12,1,2,1,1
3675,22986,2,13,1,02,01,01,12,2,2,1,1
3676,22986,2,13,1,02,01,01,12,3,2,1,1
3677,22986,2,13,1,02,01,01,12,4,2,1,1
3678,22986,2,13,1,02,01,01,13,1,3,1,1
3679,22986,2,13,1,02,01,01,13,2,3,1,1
3680,22986,2,13,1,02,01,01,13,3,3,1,1
3681,22986,2,13,1,02,01,01,13,4,3,1,1
3682,22986,2,13,1,02,01,01,14,1,1,1,1
3683,22986,2,13,1,02,01,01,14,2,1,1,1
3684,22986,2,13,1,02,01,01,14,3,1,1,1
3685,22986,2,13,1,02,01,01,14,4,1,1,1
3686,23013,2,14,1,03,01,01,1,1,7,1,1
3687,23013,2,14,1,03,01,01,2,1,3,1,1
3688,23013,2,14,1,03,01,01,2,2,3,1,1
3689,23013,2,14,1,03,01,01,2,3,3,1,1
3690,23013,2,14,1,03,01,01,3,1,6,1,1
3691,23013,2,14,1,03,01,01,4,1,2,1,1
3692,23013,2,14,1,03,01,01,4,2,2,1,1
3693,23013,2,14,1,03,01,01,4,3,2,1,1
3694,23013,2,14,1,03,01,01,4,4,2,1,1
3695,23013,2,14,1,03,01,01,4,5,2,1,1
3696,23013,2,14,1,03,01,01,4,6,2,1,1
3697,23013,2,14,1,03,01,01,5,1,4,1,1
3698,23013,2,14,1,03,01,01,5,2,4,1,1
3699,23013,2,14,1,03,01,01,5,3,0,0,0
3700,23013,2,14,1,03,01,01,5,4,4,1,1
3701,23013,2,14,1,03,01,01,6,1,1,1,1
3702,23013,2,14,1,03,01,01,6,2,1,1,1
3703,23013,2,14,1,03,01,01,7,1,7,1,1
3704,23013,2,14,1,03,01,01,7,2,7,1,1
3705,23013,2,14,1,03,01,01,8,1,5,2,1
3706,23013,2,14,1,03,01,01,8,2,5,1,1
3707,23013,2,14,1,03,01,01,8,3,5,1,1
3708,23013,2,14,1,03,01,01,9,1,5,1,1
3709,23013,2,14,1,03,01,01,9,2,5,1,1
3710,23013,2,14,1,03,01,01,10,1,2,1,1
3711,23013,2,14,1,03,01,01,11,1,3,1,1
3712,23013,2,14,1,03,01,01,11,2,3,1,1
3713,23013,2,14,1,03,01,01,12,1,6,1,1
3714,23013,2,14,1,03,01,01,13,1,1,1,1
3715,23013,2,14,1,03,01,01,13,2,1,1,1
3716,23013,2,14,1,03,01,01,13,4,1,1,1
3717,23013,2,14,1,03,01,01,14,1,4,1,1
3718,23013,2,14,1,03,01,01,14,2,4,1,1
3719,23013,2,14,1,03,01,01,14,3,4,1,1
3720,23013,2,14,1,03,01,01,14,4,4,1,1
3721,23027,2,12,1,19,01,01,1,1,6,1,1
3722,23027,2,12,1,19,01,01,1,2,6,1,1
3723,23027,2,12,1,19,01,01,1,3,6,1,1
3724,23027,2,12,1,19,01,01,1,4,6,1,1
3725,23027,2,12,1,19,01,01,1,5,6,1,1
3726,23027,2,12,1,19,01,01,2,1,6,1,1
3727,23027,2,12,1,19,01,01,2,2,6,1,1
3728,23027,2,12,1,19,01,01,2,3,6,1,1
3729,23027,2,12,1,19,01,01,2,4,6,1,1
3730,23027,2,12,1,19,01,01,2,6,6,1,1
3731,23027,2,12,1,19,01,01,2,7,6,1,1
3732,23027,2,12,1,19,01,01,2,8,6,1,1
3733,23027,2,12,1,19,01,01,3,1,3,1,1
3734,23027,2,12,1,19,01,01,3,2,3,1,1
3735,23027,2,12,1,19,01,01,3,3,3,1,1
3736,23027,2,12,1,19,01,01,4,1,5,2,1
3737,23027,2,12,1,19,01,01,4,2,5,1,1
3738,23027,2,12,1,19,01,01,4,3,5,2,1
3739,23027,2,12,1,19,01,01,4,4,5,1,1
3740,23027,2,12,1,19,01,01,4,5,5,2,1
3741,23027,2,12,1,19,01,01,4,6,5,2,1
3742,23027,2,12,1,19,01,01,4,7,5,2,1
3743,23027,2,12,1,19,01,01,4,8,5,2,1
3744,23027,2,12,1,19,01,01,4,9,5,2,1
3745,23027,2,12,1,19,01,01,4,10,5,1,1
3746,23027,2,12,1,19,01,01,5,1,5,2,1
3747,23027,2,12,1,19,01,01,5,2,5,2,1
3748,23027,2,12,1,19,01,01,5,3,5,2,1
3749,23027,2,12,1,19,01,01,5,4,5,2,1
3750,23027,2,12,1,19,01,01,6,1,7,1,1
3751,23027,2,12,1,19,01,01,6,2,7,1,1
3752,23027,2,12,1,19,01,01,6,3,7,1,1
3753,23027,2,12,1,19,01,01,6,4,7,1,1
3754,23027,2,12,1,19,01,01,6,6,7,1,1
3755,23027,2,12,1,19,01,01,7,1,6,1,1
3756,23027,2,12,1,19,01,01,7,2,6,1,1
3757,23027,2,12,1,19,01,01,7,3,6,1,1
3758,23027,2,12,1,19,01,01,7,4,6,1,1
3759,23027,2,12,1,19,01,01,7,5,6,1,1
3760,23027,2,12,1,19,01,01,8,1,1,1,1
3761,23027,2,12,1,19,01,01,8,2,1,1,1
3762,23027,2,12,1,19,01,01,8,3,1,1,1
3763,23027,2,12,1,19,01,01,9,1,4,1,1
3764,23027,2,12,1,19,01,01,9,2,4,1,1
3765,23027,2,12,1,19,01,01,9,3,4,1,1
3766,23027,2,12,1,19,01,01,9,4,4,1,1
3767,23027,2,12,1,19,01,01,10,1,7,1,1
3768,23027,2,12,1,19,01,01,10,2,7,1,1
3769,23027,2,12,1,19,01,01,10,3,7,1,1
3770,23027,2,12,1,19,01,01,10,4,7,1,1
3771,23027,2,12,1,19,01,01,11,1,4,1,1
3772,23027,2,12,1,19,01,01,11,2,4,1,1
3773,23027,2,12,1,19,01,01,12,1,2,1,1
3774,23027,2,12,1,19,01,01,12,2,2,1,1
3775,23027,2,12,1,19,01,01,12,4,2,1,1
3776,23027,2,12,1,19,01,01,13,1,5,1,1
3777,23027,2,12,1,19,01,01,13,2,5,1,1
3778,23027,2,12,1,19,01,01,13,3,5,1,1
3779,23027,2,12,1,19,01,01,13,4,5,1,1
3780,23027,2,12,1,19,01,01,13,5,5,1,1
3781,23027,2,12,1,19,01,01,13,6,5,1,1
3782,23027,2,12,1,19,01,01,14,1,5,1,1
3783,23027,2,12,1,19,01,01,14,2,5,1,1
3784,23027,2,12,1,19,01,01,14,3,5,1,1
3785,23027,2,12,1,19,01,01,14,5,5,1,1
3786,23073,2,12,1,19,02,01,1,1,3,1,1
3787,23073,2,12,1,19,02,01,1,2,3,1,1
3788,23073,2,12,1,19,02,01,1,3,3,1,1
3789,23073,2,12,1,19,02,01,1,4,3,1,1
3790,23073,2,12,1,19,02,01,2,1,6,2,1
3791,23073,2,12,1,19,02,01,3,1,2,1,1
3792,23073,2,12,1,19,02,01,4,1,6,1,1
3793,23073,2,12,1,19,02,01,5,1,1,1,1
3794,23073,2,12,1,19,02,01,5,2,1,1,1
3795,23073,2,12,1,19,02,01,5,3,1,1,1
3796,23073,2,12,1,19,02,01,6,1,4,1,1
3797,23073,2,12,1,19,02,01,6,2,4,1,1
3798,23073,2,12,1,19,02,01,6,3,4,1,1
3799,23073,2,12,1,19,02,01,6,4,4,1,1
3800,23073,2,12,1,19,02,01,6,5,4,1,1
3801,23073,2,12,1,19,02,01,6,6,4,1,1
3802,23073,2,12,1,19,02,01,7,1,5,1,1
3803,23073,2,12,1,19,02,01,7,2,5,1,1
3804,23073,2,12,1,19,02,01,7,3,5,1,1
3805,23073,2,12,1,19,02,01,8,1,1,1,1
3806,23073,2,12,1,19,02,01,8,2,1,1,1
3807,23073,2,12,1,19,02,01,9,1,5,1,1
3808,23073,2,12,1,19,02,01,9,2,5,1,1
3809,23073,2,12,1,19,02,01,10,1,3,1,1
3810,23073,2,12,1,19,02,01,10,2,3,1,1
3811,23073,2,12,1,19,02,01,10,3,3,1,1
3812,23073,2,12,1,19,02,01,10,4,3,1,1
3813,23073,2,12,1,19,02,01,11,1,2,1,1
3814,23073,2,12,1,19,02,01,11,2,2,1,1
3815,23073,2,12,1,19,02,01,11,3,2,1,1
3816,23073,2,12,1,19,02,01,11,4,2,1,1
3817,23073,2,12,1,19,02,01,11,5,2,1,1
3818,23073,2,12,1,19,02,01,11,6,2,1,1
3819,23073,2,12,1,19,02,01,11,7,2,1,1
3820,23073,2,12,1,19,02,01,11,8,2,1,1
3821,23073,2,12,1,19,02,01,12,1,4,1,1
3822,23073,2,12,1,19,02,01,12,2,4,1,1
3823,23073,2,12,1,19,02,01,12,3,4,1,1
3824,23073,2,12,1,19,02,01,12,4,4,1,1
3825,23073,2,12,1,19,02,01,12,5,4,1,1
3826,23073,2,12,1,19,02,01,12,6,4,1,1
3827,23073,2,12,1,19,02,01,13,1,7,1,1
3828,23073,2,12,1,19,02,01,13,2,7,1,1
3829,23073,2,12,1,19,02,01,13,3,7,1,1
3830,23073,2,12,1,19,02,01,13,4,7,1,1
3831,23073,2,12,1,19,02,01,13,5,7,1,1
3832,23073,2,12,1,19,02,01,13,6,7,1,1
3833,23073,2,12,1,19,02,01,14,1,7,2,1
3834,23073,2,12,1,19,02,01,14,2,7,1,1
3835,23201,2,13,1,10,03,02,1,1,3,1,1
3836,23201,2,13,1,10,03,02,1,2,3,1,1
3837,23201,2,13,1,10,03,02,2,1,4,1,1
3838,23201,2,13,1,10,03,02,3,1,3,1,1
3839,23201,2,13,1,10,03,02,3,2,3,1,1
3840,23201,2,13,1,10,03,02,3,3,3,1,1
3841,23201,2,13,1,10,03,02,4,1,2,1,1
3842,23201,2,13,1,10,03,02,4,2,2,1,1
3843,23201,2,13,1,10,03,02,4,3,2,1,1
3844,23201,2,13,1,10,03,02,4,4,2,1,1
3845,23201,2,13,1,10,03,02,5,1,2,1,1
3846,23201,2,13,1,10,03,02,5,2,2,1,1
3847,23201,2,13,1,10,03,02,5,3,2,1,1
3848,23201,2,13,1,10,03,02,5,4,2,1,1
3849,23201,2,13,1,10,03,02,6,1,7,1,1
3850,23201,2,13,1,10,03,02,6,2,7,1,1
3851,23201,2,13,1,10,03,02,6,3,7,1,1
3852,23201,2,13,1,10,03,02,6,4,7,1,1
3853,23201,2,13,1,10,03,02,7,1,6,1,1
3854,23201,2,13,1,10,03,02,7,2,6,1,1
3855,23201,2,13,1,10,03,02,7,3,6,1,1
3856,23201,2,13,1,10,03,02,8,1,1,1,1
3857,23201,2,13,1,10,03,02,9,1,6,1,1
3858,23201,2,13,1,10,03,02,9,2,6,1,1
3859,23201,2,13,1,10,03,02,9,3,6,1,1
3860,23201,2,13,1,10,03,02,10,1,5,1,2
3861,23201,2,13,1,10,03,02,10,2,5,1,2
3862,23201,2,13,1,10,03,02,10,3,5,1,2
3863,23201,2,13,1,10,03,02,10,4,5,1,2
3864,23201,2,13,1,10,03,02,10,5,5,1,2
3865,23201,2,13,1,10,03,02,10,6,5,1,2
3866,23201,2,13,1,10,03,02,11,1,1,1,1
3867,23201,2,13,1,10,03,02,11,2,1,1,1
3868,23201,2,13,1,10,03,02,11,3,1,1,1
3869,23201,2,13,1,10,03,02,11,4,1,1,1
3870,23201,2,13,1,10,03,02,11,5,1,1,1
3871,23201,2,13,1,10,03,02,12,1,5,1,1
3872,23201,2,13,1,10,03,02,12,2,5,1,1
3873,23201,2,13,1,10,03,02,12,3,5,1,1
3874,23201,2,13,1,10,03,02,12,4,5,1,1
3875,23201,2,13,1,10,03,02,12,5,5,1,1
3876,23201,2,13,1,10,03,02,12,6,5,1,1
3877,23201,2,13,1,10,03,02,13,1,7,1,1
3878,23201,2,13,1,10,03,02,13,2,7,1,1
3879,23201,2,13,1,10,03,02,13,4,7,1,1
3880,23201,2,13,1,10,03,02,14,1,4,1,1
3881,23201,2,13,1,10,03,02,14,2,4,1,1
3882,23201,2,13,1,10,03,02,14,3,4,1,1
3883,24004,2,11,1,21,01,01,1,1,4,1,1
3884,24004,2,11,1,21,01,01,1,2,4,1,1
3885,24004,2,11,1,21,01,01,1,3,4,1,1
3886,24004,2,11,1,21,01,01,1,4,4,1,1
3887,24004,2,11,1,21,01,01,2,1,1,1,1
3888,24004,2,11,1,21,01,01,2,2,1,1,1
3889,24004,2,11,1,21,01,01,3,1,4,1,1
3890,24004,2,11,1,21,01,01,3,2,4,1,1
3891,24004,2,11,1,21,01,01,3,3,4,1,1
3892,24004,2,11,1,21,01,01,3,4,4,1,1
3893,24004,2,11,1,21,01,01,4,1,3,1,1
3894,24004,2,11,1,21,01,01,4,2,3,1,1
3895,24004,2,11,1,21,01,01,4,3,3,1,1
3896,24004,2,11,1,21,01,01,5,1,7,2,1
3897,24004,2,11,1,21,01,01,5,2,7,1,1
3898,24004,2,11,1,21,01,01,5,3,7,2,1
3899,24004,2,11,1,21,01,01,5,4,7,2,1
3900,24004,2,11,1,21,01,01,5,5,7,2,1
3901,24004,2,11,1,21,01,01,6,1,1,1,1
3902,24004,2,11,1,21,01,01,6,2,1,1,1
3903,24004,2,11,1,21,01,01,6,3,1,1,1
3904,24004,2,11,1,21,01,01,6,4,1,1,1
3905,24004,2,11,1,21,01,01,7,1,6,1,1
3906,24004,2,11,1,21,01,01,7,2,6,1,1
3907,24004,2,11,1,21,01,01,8,1,1,1,1
3908,24004,2,11,1,21,01,01,9,1,6,1,1
3909,24004,2,11,1,21,01,01,9,2,6,1,1
3910,24004,2,11,1,21,01,01,9,4,6,1,1
3911,24004,2,11,1,21,01,01,9,5,6,1,1
3912,24004,2,11,1,21,01,01,9,6,6,1,1
3913,24004,2,11,1,21,01,01,10,1,2,1,1
3914,24004,2,11,1,21,01,01,10,2,2,1,1
3915,24004,2,11,1,21,01,01,10,3,2,1,1
3916,24004,2,11,1,21,01,01,10,4,2,1,1
3917,24004,2,11,1,21,01,01,10,6,2,1,1
3918,24004,2,11,1,21,01,01,10,7,2,1,1
3919,24004,2,11,1,21,01,01,11,1,7,1,1
3920,24004,2,11,1,21,01,01,11,2,7,2,1
3921,24004,2,11,1,21,01,01,11,3,7,2,1
3922,24004,2,11,1,21,01,01,12,1,3,1,1
3923,24004,2,11,1,21,01,01,12,2,3,1,1
3924,24004,2,11,1,21,01,01,12,3,3,1,1
3925,24004,2,11,1,21,01,01,13,1,3,1,1
3926,24004,2,11,1,21,01,01,13,2,3,1,1
3927,24004,2,11,1,21,01,01,13,3,3,1,1
3928,24004,2,11,1,21,01,01,14,1,1,2,1
3929,24004,2,11,1,21,01,01,14,2,1,2,1
3930,24004,2,11,1,21,01,01,14,3,1,2,1
3931,24004,2,11,1,21,01,01,14,4,1,1,1
3932,24004,2,11,1,21,01,01,14,6,1,1,1
3933,24088,2,12,1,19,02,01,1,1,4,1,1
3934,24088,2,12,1,19,02,01,2,1,7,1,1
3935,24088,2,12,1,19,02,01,2,2,7,1,1
3936,24088,2,12,1,19,02,01,2,3,7,1,1
3937,24088,2,12,1,19,02,01,2,4,7,1,1
3938,24088,2,12,1,19,02,01,3,1,4,1,1
3939,24088,2,12,1,19,02,01,3,2,4,1,1
3940,24088,2,12,1,19,02,01,3,3,4,2,1
3941,24088,2,12,1,19,02,01,3,4,4,1,1
3942,24088,2,12,1,19,02,01,4,1,1,2,1
3943,24088,2,12,1,19,02,01,4,2,1,1,1
3944,24088,2,12,1,19,02,01,4,3,1,2,1
3945,24088,2,12,1,19,02,01,4,4,1,2,1
3946,24088,2,12,1,19,02,01,5,1,7,2,1
3947,24088,2,12,1,19,02,01,5,2,7,1,1
3948,24088,2,12,1,19,02,01,5,3,7,1,1
3949,24088,2,12,1,19,02,01,5,4,7,1,1
3950,24088,2,12,1,19,02,01,6,1,4,1,1
3951,24088,2,12,1,19,02,01,6,2,4,1,1
3952,24088,2,12,1,19,02,01,6,3,4,1,1
3953,24088,2,12,1,19,02,01,6,4,4,1,1
3954,24088,2,12,1,19,02,01,7,1,3,1,1
3955,24088,2,12,1,19,02,01,7,2,3,1,1
3956,24088,2,12,1,19,02,01,8,1,4,1,1
3957,24088,2,12,1,19,02,01,8,2,4,1,2
3958,24088,2,12,1,19,02,01,8,3,4,1,1
3959,24088,2,12,1,19,02,01,8,4,4,1,1
3960,24088,2,12,1,19,02,01,8,5,4,1,1
3961,24088,2,12,1,19,02,01,8,6,4,1,1
3962,24088,2,12,1,19,02,01,9,1,1,1,1
3963,24088,2,12,1,19,02,01,9,2,1,1,1
3964,24088,2,12,1,19,02,01,9,5,1,1,1
3965,24088,2,12,1,19,02,01,10,1,5,1,1
3966,24088,2,12,1,19,02,01,10,2,5,1,1
3967,24088,2,12,1,19,02,01,10,3,5,2,1
3968,24088,2,12,1,19,02,01,10,4,5,1,1
3969,24088,2,12,1,19,02,01,11,1,3,1,2
3970,24088,2,12,1,19,02,01,11,2,3,1,2
3971,24088,2,12,1,19,02,01,11,3,3,1,1
3972,24088,2,12,1,19,02,01,11,4,3,1,1
3973,24088,2,12,1,19,02,01,11,5,3,1,1
3974,24088,2,12,1,19,02,01,12,1,2,1,1
3975,24088,2,12,1,19,02,01,12,2,2,1,1
3976,24088,2,12,1,19,02,01,12,3,2,1,1
3977,24088,2,12,1,19,02,01,12,4,2,1,1
3978,24088,2,12,1,19,02,01,13,1,5,1,1
3979,24088,2,12,1,19,02,01,13,2,5,1,1
3980,24088,2,12,1,19,02,01,13,3,5,1,1
3981,24088,2,12,1,19,02,01,13,4,5,2,1
3982,24088,2,12,1,19,02,01,13,5,5,2,1
3983,24088,2,12,1,19,02,01,14,1,2,1,1
3984,24088,2,12,1,19,02,01,14,2,2,1,1
3985,24260,2,13,1,15,01,01,1,1,7,2,1
3986,24260,2,13,1,15,01,01,1,2,7,1,1
3987,24260,2,13,1,15,01,01,1,3,7,1,1
3988,24260,2,13,1,15,01,01,1,5,7,1,1
3989,24260,2,13,1,15,01,01,2,1,4,1,1
3990,24260,2,13,1,15,01,01,2,2,4,1,1
3991,24260,2,13,1,15,01,01,2,3,4,1,1
3992,24260,2,13,1,15,01,01,2,4,4,1,1
3993,24260,2,13,1,15,01,01,3,1,3,1,1
3994,24260,2,13,1,15,01,01,3,2,3,1,1
3995,24260,2,13,1,15,01,01,4,1,1,1,2
3996,24260,2,13,1,15,01,01,4,2,1,1,2
3997,24260,2,13,1,15,01,01,4,3,1,1,2
3998,24260,2,13,1,15,01,01,4,4,1,1,1
3999,24260,2,13,1,15,01,01,4,6,1,1,1
4000,24260,2,13,1,15,01,01,4,7,1,1,1
4001,24260,2,13,1,15,01,01,5,1,6,1,2
4002,24260,2,13,1,15,01,01,5,2,6,1,2
4003,24260,2,13,1,15,01,01,5,3,6,1,1
4004,24260,2,13,1,15,01,01,5,4,6,1,2
4005,24260,2,13,1,15,01,01,5,5,6,1,2
4006,24260,2,13,1,15,01,01,6,1,2,1,1
4007,24260,2,13,1,15,01,01,6,2,2,1,1
4008,24260,2,13,1,15,01,01,6,3,2,1,1
4009,24260,2,13,1,15,01,01,6,4,2,1,1
4010,24260,2,13,1,15,01,01,6,5,2,1,1
4011,24260,2,13,1,15,01,01,7,1,6,1,2
4012,24260,2,13,1,15,01,01,7,2,6,1,2
4013,24260,2,13,1,15,01,01,7,3,6,1,1
4014,24260,2,13,1,15,01,01,7,4,6,1,2
4015,24260,2,13,1,15,01,01,7,5,6,1,2
4016,24260,2,13,1,15,01,01,8,1,3,1,1
4017,24260,2,13,1,15,01,01,8,2,3,1,1
4018,24260,2,13,1,15,01,01,8,3,3,1,1
4019,24260,2,13,1,15,01,01,8,4,3,1,1
4020,24260,2,13,1,15,01,01,9,1,6,1,1
4021,24260,2,13,1,15,01,01,9,2,6,1,1
4022,24260,2,13,1,15,01,01,9,3,6,1,1
4023,24260,2,13,1,15,01,01,9,4,6,1,1
4024,24260,2,13,1,15,01,01,10,1,5,1,1
4025,24260,2,13,1,15,01,01,10,2,5,1,1
4026,24260,2,13,1,15,01,01,10,3,5,1,1
4027,24260,2,13,1,15,01,01,10,4,5,1,1
4028,24260,2,13,1,15,01,01,11,1,4,1,1
4029,24260,2,13,1,15,01,01,11,2,4,1,1
4030,24260,2,13,1,15,01,01,11,3,4,1,1
4031,24260,2,13,1,15,01,01,11,4,4,1,1
4032,24260,2,13,1,15,01,01,12,1,1,1,1
4033,24260,2,13,1,15,01,01,12,2,1,1,1
4034,24260,2,13,1,15,01,01,12,3,1,1,1
4035,24260,2,13,1,15,01,01,12,4,1,1,2
4036,24260,2,13,1,15,01,01,12,5,1,1,1
4037,24260,2,13,1,15,01,01,13,1,2,2,1
4038,24260,2,13,1,15,01,01,13,2,2,1,1
4039,24260,2,13,1,15,01,01,14,1,5,1,1
4040,24285,2,12,1,06,01,01,1,1,1,1,1
4041,24285,2,12,1,06,01,01,2,1,6,1,1
4042,24285,2,12,1,06,01,01,2,2,6,2,1
4043,24285,2,12,1,06,01,01,3,1,6,1,1
4044,24285,2,12,1,06,01,01,3,2,6,1,1
4045,24285,2,12,1,06,01,01,3,3,6,1,1
4046,24285,2,12,1,06,01,01,3,4,6,1,1
4047,24285,2,12,1,06,01,01,4,1,5,1,1
4048,24285,2,12,1,06,01,01,4,2,5,1,1
4049,24285,2,12,1,06,01,01,4,3,5,1,1
4050,24285,2,12,1,06,01,01,4,4,5,1,1
4051,24285,2,12,1,06,01,01,5,1,7,1,1
4052,24285,2,12,1,06,01,01,5,2,7,1,1
4053,24285,2,12,1,06,01,01,5,3,7,1,1
4054,24285,2,12,1,06,01,01,6,1,1,1,1
4055,24285,2,12,1,06,01,01,6,2,1,1,1
4056,24285,2,12,1,06,01,01,6,3,1,1,1
4057,24285,2,12,1,06,01,01,7,1,2,1,1
4058,24285,2,12,1,06,01,01,7,2,2,1,1
4059,24285,2,12,1,06,01,01,8,1,1,1,1
4060,24285,2,12,1,06,01,01,8,2,1,1,1
4061,24285,2,12,1,06,01,01,9,1,3,1,1
4062,24285,2,12,1,06,01,01,9,2,3,1,1
4063,24285,2,12,1,06,01,01,10,1,4,1,1
4064,24285,2,12,1,06,01,01,10,2,4,1,1
4065,24285,2,12,1,06,01,01,10,3,4,1,1
4066,24285,2,12,1,06,01,01,11,1,5,2,1
4067,24285,2,12,1,06,01,01,11,2,5,1,1
4068,24285,2,12,1,06,01,01,12,1,3,1,1
4069,24285,2,12,1,06,01,01,12,2,3,1,1
4070,24285,2,12,1,06,01,01,13,1,4,1,1
4071,24285,2,12,1,06,01,01,13,2,4,2,1
4072,24285,2,12,1,06,01,01,14,1,2,1,1
4073,24285,2,12,1,06,01,01,14,2,2,1,1
4074,24285,2,12,1,06,01,01,14,3,2,1,1
4075,24285,2,12,1,06,01,01,14,4,2,1,1
4076,24606,2,11,1,21,03,01,1,1,7,2,1
4077,24606,2,11,1,21,03,01,1,2,7,1,1
4078,24606,2,11,1,21,03,01,1,3,7,1,1
4079,24606,2,11,1,21,03,01,2,1,2,1,2
4080,24606,2,11,1,21,03,01,3,1,4,1,1
4081,24606,2,11,1,21,03,01,3,2,4,1,1
4082,24606,2,11,1,21,03,01,4,1,6,1,1
4083,24606,2,11,1,21,03,01,4,2,6,1,2
4084,24606,2,11,1,21,03,01,4,3,6,1,2
4085,24606,2,11,1,21,03,01,5,1,3,1,1
4086,24606,2,11,1,21,03,01,5,2,3,1,1
4087,24606,2,11,1,21,03,01,6,1,2,1,1
4088,24606,2,11,1,21,03,01,6,2,2,1,1
4089,24606,2,11,1,21,03,01,6,3,2,2,1
4090,24606,2,11,1,21,03,01,6,4,2,2,1
4091,24606,2,11,1,21,03,01,7,1,1,2,1
4092,24606,2,11,1,21,03,01,7,2,1,2,1
4093,24606,2,11,1,21,03,01,8,1,6,1,1
4094,24606,2,11,1,21,03,01,8,2,6,1,1
4095,24606,2,11,1,21,03,01,9,1,5,1,1
4096,24606,2,11,1,21,03,01,9,2,5,2,2
4097,24606,2,11,1,21,03,01,9,3,5,2,2
4098,24606,2,11,1,21,03,01,10,1,4,2,1
4099,24606,2,11,1,21,03,01,10,2,4,1,1
4100,24606,2,11,1,21,03,01,10,3,4,1,1
4101,24606,2,11,1,21,03,01,10,4,4,1,1
4102,24606,2,11,1,21,03,01,10,5,4,2,1
4103,24606,2,11,1,21,03,01,11,1,5,1,1
4104,24606,2,11,1,21,03,01,11,2,5,1,1
4105,24606,2,11,1,21,03,01,12,1,7,1,1
4106,24606,2,11,1,21,03,01,13,1,3,1,1
4107,24606,2,11,1,21,03,01,14,1,1,2,1
4108,24606,2,11,1,21,03,01,14,2,1,1,1
4109,24841,2,11,1,21,03,01,1,1,4,1,1
4110,24841,2,11,1,21,03,01,1,2,4,1,1
4111,24841,2,11,1,21,03,01,1,3,4,1,1
4112,24841,2,11,1,21,03,01,1,4,4,1,1
4113,24841,2,11,1,21,03,01,1,5,4,1,1
4114,24841,2,11,1,21,03,01,2,1,1,1,1
4115,24841,2,11,1,21,03,01,2,2,1,1,1
4116,24841,2,11,1,21,03,01,3,1,1,1,1
4117,24841,2,11,1,21,03,01,4,1,7,1,1
4118,24841,2,11,1,21,03,01,4,2,7,1,1
4119,24841,2,11,1,21,03,01,4,3,7,1,1
4120,24841,2,11,1,21,03,01,4,4,7,1,1
4121,24841,2,11,1,21,03,01,5,1,2,1,1
4122,24841,2,11,1,21,03,01,5,2,2,1,1
4123,24841,2,11,1,21,03,01,5,3,2,1,1
4124,24841,2,11,1,21,03,01,6,1,5,1,1
4125,24841,2,11,1,21,03,01,6,2,5,1,1
4126,24841,2,11,1,21,03,01,7,1,7,1,1
4127,24841,2,11,1,21,03,01,8,1,3,1,1
4128,24841,2,11,1,21,03,01,8,2,3,1,1
4129,24841,2,11,1,21,03,01,8,3,3,2,1
4130,24841,2,11,1,21,03,01,8,4,3,2,1
4131,24841,2,11,1,21,03,01,8,5,3,1,1
4132,24841,2,11,1,21,03,01,9,1,5,1,1
4133,24841,2,11,1,21,03,01,9,2,5,1,1
4134,24841,2,11,1,21,03,01,9,3,5,1,1
4135,24841,2,11,1,21,03,01,10,1,6,1,1
4136,24841,2,11,1,21,03,01,10,2,6,1,1
4137,24841,2,11,1,21,03,01,10,3,6,1,1
4138,24841,2,11,1,21,03,01,11,1,2,1,1
4139,24841,2,11,1,21,03,01,11,2,2,1,1
4140,24841,2,11,1,21,03,01,12,1,3,1,1
4141,24841,2,11,1,21,03,01,12,2,3,1,1
4142,24841,2,11,1,21,03,01,12,3,3,1,1
4143,24841,2,11,1,21,03,01,13,1,6,2,1
4144,24841,2,11,1,21,03,01,13,2,6,2,1
4145,24841,2,11,1,21,03,01,13,3,6,2,1
4146,24841,2,11,1,21,03,01,13,4,6,2,1
4147,24841,2,11,1,21,03,01,14,1,4,1,1
4148,24841,2,11,1,21,03,01,14,2,4,2,1
4149,24841,2,11,1,21,03,01,14,3,4,1,1
4150,25209,2,12,1,06,01,01,1,1,3,1,1
4151,25209,2,12,1,06,01,01,1,2,3,1,1
4152,25209,2,12,1,06,01,01,2,1,4,1,1
4153,25209,2,12,1,06,01,01,2,2,4,1,1
4154,25209,2,12,1,06,01,01,3,1,5,1,1
4155,25209,2,12,1,06,01,01,4,1,5,1,1
4156,25209,2,12,1,06,01,01,4,2,5,1,1
4157,25209,2,12,1,06,01,01,4,3,5,1,1
4158,25209,2,12,1,06,01,01,4,5,5,1,1
4159,25209,2,12,1,06,01,01,4,6,5,1,1
4160,25209,2,12,1,06,01,01,5,1,1,1,1
4161,25209,2,12,1,06,01,01,5,2,1,1,1
4162,25209,2,12,1,06,01,01,6,1,4,1,1
4163,25209,2,12,1,06,01,01,6,2,4,1,1
4164,25209,2,12,1,06,01,01,6,3,4,1,1
4165,25209,2,12,1,06,01,01,6,4,4,1,1
4166,25209,2,12,1,06,01,01,7,1,2,1,1
4167,25209,2,12,1,06,01,01,7,2,2,1,1
4168,25209,2,12,1,06,01,01,7,3,2,1,1
4169,25209,2,12,1,06,01,01,8,1,3,1,1
4170,25209,2,12,1,06,01,01,8,2,3,1,1
4171,25209,2,12,1,06,01,01,9,1,6,1,1
4172,25209,2,12,1,06,01,01,9,2,6,1,1
4173,25209,2,12,1,06,01,01,9,3,6,1,1
4174,25209,2,12,1,06,01,01,9,4,6,1,1
4175,25209,2,12,1,06,01,01,10,1,1,1,1
4176,25209,2,12,1,06,01,01,10,2,1,2,1
4177,25209,2,12,1,06,01,01,10,3,1,1,1
4178,25209,2,12,1,06,01,01,11,1,6,1,1
4179,25209,2,12,1,06,01,01,11,2,6,1,1
4180,25209,2,12,1,06,01,01,11,3,6,1,1
4181,25209,2,12,1,06,01,01,11,4,6,2,1
4182,25209,2,12,1,06,01,01,12,1,2,1,1
4183,25209,2,12,1,06,01,01,12,2,2,1,1
4184,25209,2,12,1,06,01,01,13,1,7,1,1
4185,25209,2,12,1,06,01,01,13,2,7,1,1
4186,25209,2,12,1,06,01,01,13,3,7,1,1
4187,25209,2,12,1,06,01,01,13,4,7,2,1
4188,25209,2,12,1,06,01,01,14,1,1,1,1
4189,25209,2,12,1,06,01,01,14,2,1,1,1
4190,25343,2,11,1,21,03,01,1,1,4,1,1
4191,25343,2,11,1,21,03,01,1,2,4,1,1
4192,25343,2,11,1,21,03,01,1,3,4,1,1
4193,25343,2,11,1,21,03,01,1,4,4,1,1
4194,25343,2,11,1,21,03,01,1,5,4,2,1
4195,25343,2,11,1,21,03,01,2,1,6,1,1
4196,25343,2,11,1,21,03,01,2,2,6,1,1
4197,25343,2,11,1,21,03,01,3,1,1,1,1
4198,25343,2,11,1,21,03,01,3,2,1,1,1
4199,25343,2,11,1,21,03,01,3,3,1,2,1
4200,25343,2,11,1,21,03,01,3,4,1,2,1
4201,25343,2,11,1,21,03,01,4,1,7,1,1
4202,25343,2,11,1,21,03,01,4,2,7,1,1
4203,25343,2,11,1,21,03,01,5,1,6,1,1
4204,25343,2,11,1,21,03,01,5,2,6,2,1
4205,25343,2,11,1,21,03,01,5,3,6,2,1
4206,25343,2,11,1,21,03,01,6,1,1,2,1
4207,25343,2,11,1,21,03,01,6,2,1,1,1
4208,25343,2,11,1,21,03,01,6,3,1,2,1
4209,25343,2,11,1,21,03,01,7,1,7,1,1
4210,25343,2,11,1,21,03,01,7,2,7,1,1
4211,25343,2,11,1,21,03,01,7,3,7,2,1
4212,25343,2,11,1,21,03,01,8,1,3,1,1
4213,25343,2,11,1,21,03,01,9,1,5,2,1
4214,25343,2,11,1,21,03,01,9,2,5,2,1
4215,25343,2,11,1,21,03,01,9,3,5,2,1
4216,25343,2,11,1,21,03,01,9,4,5,2,1
4217,25343,2,11,1,21,03,01,10,1,2,1,1
4218,25343,2,11,1,21,03,01,10,2,2,1,1
4219,25343,2,11,1,21,03,01,10,3,2,2,1
4220,25343,2,11,1,21,03,01,10,4,2,2,1
4221,25343,2,11,1,21,03,01,11,1,2,1,1
4222,25343,2,11,1,21,03,01,11,2,2,2,1
4223,25343,2,11,1,21,03,01,12,1,5,2,1
4224,25343,2,11,1,21,03,01,12,2,5,1,1
4225,25343,2,11,1,21,03,01,12,3,5,1,1
4226,25343,2,11,1,21,03,01,12,4,5,1,1
4227,25343,2,11,1,21,03,01,13,1,4,1,1
4228,25343,2,11,1,21,03,01,13,2,4,1,1
4229,25343,2,11,1,21,03,01,13,3,4,1,1
4230,25343,2,11,1,21,03,01,14,1,3,1,1
4231,26021,2,14,1,03,01,01,1,1,3,1,1
4232,26021,2,14,1,03,01,01,1,2,3,1,1
4233,26021,2,14,1,03,01,01,2,1,6,1,1
4234,26021,2,14,1,03,01,01,2,2,6,1,1
4235,26021,2,14,1,03,01,01,3,1,3,1,2
4236,26021,2,14,1,03,01,01,3,2,3,1,2
4237,26021,2,14,1,03,01,01,4,1,2,1,1
4238,26021,2,14,1,03,01,01,5,1,7,2,1
4239,26021,2,14,1,03,01,01,5,2,7,1,1
4240,26021,2,14,1,03,01,01,5,3,7,2,1
4241,26021,2,14,1,03,01,01,5,4,7,2,1
4242,26021,2,14,1,03,01,01,6,1,2,1,1
4243,26021,2,14,1,03,01,01,6,2,2,1,1
4244,26021,2,14,1,03,01,01,6,3,2,1,1
4245,26021,2,14,1,03,01,01,6,4,2,1,1
4246,26021,2,14,1,03,01,01,7,1,7,2,1
4247,26021,2,14,1,03,01,01,7,2,7,1,1
4248,26021,2,14,1,03,01,01,8,1,1,1,1
4249,26021,2,14,1,03,01,01,8,2,1,1,1
4250,26021,2,14,1,03,01,01,8,3,1,1,1
4251,26021,2,14,1,03,01,01,9,1,4,1,1
4252,26021,2,14,1,03,01,01,9,2,4,1,1
4253,26021,2,14,1,03,01,01,9,3,4,1,1
4254,26021,2,14,1,03,01,01,9,4,4,1,1
4255,26021,2,14,1,03,01,01,10,1,4,1,1
4256,26021,2,14,1,03,01,01,10,2,4,1,1
4257,26021,2,14,1,03,01,01,10,3,4,1,1
4258,26021,2,14,1,03,01,01,10,4,4,1,1
4259,26021,2,14,1,03,01,01,11,1,5,2,1
4260,26021,2,14,1,03,01,01,11,2,5,1,1
4261,26021,2,14,1,03,01,01,11,3,5,1,1
4262,26021,2,14,1,03,01,01,11,4,5,1,1
4263,26021,2,14,1,03,01,01,12,1,1,1,1
4264,26021,2,14,1,03,01,01,12,2,1,1,1
4265,26021,2,14,1,03,01,01,12,3,1,1,1
4266,26021,2,14,1,03,01,01,13,1,6,1,1
4267,26021,2,14,1,03,01,01,13,2,6,1,1
4268,26021,2,14,1,03,01,01,14,1,5,1,1
4269,26021,2,14,1,03,01,01,14,2,5,1,1
4270,26069,2,13,1,14,02,01,1,1,6,1,1
4271,26069,2,13,1,14,02,01,1,2,6,1,1
4272,26069,2,13,1,14,02,01,1,3,6,1,1
4273,26069,2,13,1,14,02,01,2,1,6,1,1
4274,26069,2,13,1,14,02,01,2,2,6,1,1
4275,26069,2,13,1,14,02,01,2,3,6,1,1
4276,26069,2,13,1,14,02,01,3,1,7,1,1
4277,26069,2,13,1,14,02,01,3,2,7,1,1
4278,26069,2,13,1,14,02,01,3,3,7,1,1
4279,26069,2,13,1,14,02,01,3,4,7,1,1
4280,26069,2,13,1,14,02,01,4,1,7,1,1
4281,26069,2,13,1,14,02,01,4,2,7,1,1
4282,26069,2,13,1,14,02,01,4,3,7,2,1
4283,26069,2,13,1,14,02,01,4,4,7,2,1
4284,26069,2,13,1,14,02,01,5,1,1,1,1
4285,26069,2,13,1,14,02,01,5,2,1,1,1
4286,26069,2,13,1,14,02,01,6,1,1,1,1
4287,26069,2,13,1,14,02,01,6,2,1,1,1
4288,26069,2,13,1,14,02,01,6,3,1,1,1
4289,26069,2,13,1,14,02,01,6,4,1,1,1
4290,26069,2,13,1,14,02,01,7,1,2,1,1
4291,26069,2,13,1,14,02,01,7,2,2,1,1
4292,26069,2,13,1,14,02,01,7,3,2,1,1
4293,26069,2,13,1,14,02,01,8,1,2,1,1
4294,26069,2,13,1,14,02,01,8,2,2,1,1
4295,26069,2,13,1,14,02,01,8,3,2,1,1
4296,26069,2,13,1,14,02,01,8,4,2,1,1
4297,26069,2,13,1,14,02,01,8,6,2,1,1
4298,26069,2,13,1,14,02,01,9,1,3,1,1
4299,26069,2,13,1,14,02,01,9,2,3,1,1
4300,26069,2,13,1,14,02,01,9,3,3,1,1
4301,26069,2,13,1,14,02,01,9,4,3,1,1
4302,26069,2,13,1,14,02,01,9,5,3,1,1
4303,26069,2,13,1,14,02,01,10,1,3,1,1
4304,26069,2,13,1,14,02,01,10,2,3,1,1
4305,26069,2,13,1,14,02,01,10,3,3,1,1
4306,26069,2,13,1,14,02,01,11,1,4,1,1
4307,26069,2,13,1,14,02,01,11,2,4,1,1
4308,26069,2,13,1,14,02,01,11,3,4,1,1
4309,26069,2,13,1,14,02,01,11,4,4,1,1
4310,26069,2,13,1,14,02,01,12,1,4,1,1
4311,26069,2,13,1,14,02,01,12,2,4,1,1
4312,26069,2,13,1,14,02,01,12,3,4,1,1
4313,26069,2,13,1,14,02,01,12,4,4,1,1
4314,26069,2,13,1,14,02,01,12,5,4,1,1
4315,26069,2,13,1,14,02,01,12,6,4,1,1
4316,26069,2,13,1,14,02,01,13,1,5,1,1
4317,26069,2,13,1,14,02,01,13,2,5,1,1
4318,26069,2,13,1,14,02,01,13,3,5,1,1
4319,26069,2,13,1,14,02,01,14,1,5,1,1
4320,26069,2,13,1,14,02,01,14,2,5,1,1
