,FSU,Schedule,Survey Year,Sector,NSS-region,State,District,Stratum,Sub-stratum,Sub round,FOD sub region,Sample HHID,Level,Filler,HH size,Religion,Social group,Land Own,Monthly HH expenses A,Impute Home grown B,Wages in Kind C,HH durable spent D,Usual monthly expenses - ABCD,Cooking energy,lighting energy,Washing clothes,Sweeping floor,Dwelling structure,Care giver,NSC,Multiplier
662,TUS20124,106,2019,2,11,1,7,02,01,2,0110,01,3,0,2,1,3,3,8000,0,0,0,8000,2,1,2,2,3,0,004,0000027029
663,TUS20124,106,2019,2,11,1,7,02,01,2,0110,02,3,0,4,1,2,2,15000,0,0,0,15000,2,1,1,3,2,0,004,0000027029
664,TUS20124,106,2019,2,11,1,7,02,01,2,0110,03,3,0,4,1,9,2,20000,0,0,0,20000,2,1,1,2,3,0,004,0000027029
665,TUS20124,106,2019,2,11,1,7,02,01,2,0110,04,3,0,3,1,9,2,20000,0,0,0,20000,2,1,1,2,3,0,004,0000027029
666,TUS20124,106,2019,2,11,1,7,02,01,2,0110,05,3,0,3,1,9,1,15000,0,0,0,15000,2,1,1,2,3,0,004,0000027029
667,TUS20124,106,2019,2,11,1,7,02,01,2,0110,06,3,0,4,1,9,3,20000,0,0,12000,21000,2,1,1,2,3,0,004,0000027029
668,TUS20124,106,2019,2,11,1,7,02,01,2,0110,07,3,0,4,1,9,3,30000,0,0,5000,30417,2,1,1,1,3,0,004,0000027029
669,TUS20124,106,2019,2,11,1,7,02,01,2,0110,08,3,0,3,1,2,1,25000,0,0,0,25000,2,1,1,2,3,0,004,0000027029
670,TUS20124,106,2019,2,11,1,7,02,01,2,0110,09,3,0,1,1,3,1,3000,0,0,0,3000,2,1,2,2,3,0,004,0000027029
671,TUS20124,106,2019,2,11,1,7,02,01,2,0110,10,3,0,4,1,2,2,30000,1000,0,14500,32208,2,1,1,2,3,0,004,0000027029
672,TUS20124,106,2019,2,11,1,7,02,01,2,0110,11,3,0,4,1,9,2,30000,0,0,0,30000,2,1,1,2,3,1,004,0000027029
673,TUS20124,106,2019,2,11,1,7,02,01,2,0110,12,3,0,5,1,2,3,20000,0,0,15000,21250,2,1,1,2,3,0,004,0000027029
674,TUS20124,106,2019,2,11,1,7,02,01,2,0110,13,3,0,4,1,2,3,4000,1000,0,0,5000,2,1,2,2,3,0,004,0000027029
675,TUS20124,106,2019,2,11,1,7,02,01,2,0110,14,3,0,3,1,2,2,20000,0,0,0,20000,2,1,1,2,3,0,004,0000027029
676,TUS20275,106,2019,2,11,1,7,02,01,1,0110,01,3,0,3,1,9,3,15000,0,0,0,15000,2,1,1,3,3,2,004,0000074800
677,TUS20275,106,2019,2,11,1,7,02,01,1,0110,02,3,0,3,1,9,3,10000,0,0,0,10000,2,1,2,2,3,2,004,0000074800
678,TUS20275,106,2019,2,11,1,7,02,01,1,0110,03,3,0,4,1,9,4,20000,400,0,0,20400,2,1,2,2,3,2,004,0000074800
679,TUS20275,106,2019,2,11,1,7,02,01,1,0110,04,3,0,3,1,9,4,15000,0,0,0,15000,2,1,2,1,3,2,004,0000074800
680,TUS20275,106,2019,2,11,1,7,02,01,1,0110,05,3,0,3,1,9,1,10000,0,0,0,10000,2,1,1,2,3,2,004,0000074800
681,TUS20275,106,2019,2,11,1,7,02,01,1,0110,06,3,0,9,1,9,3,30000,600,0,27000,32850,2,1,3,3,3,2,004,0000074800
682,TUS20275,106,2019,2,11,1,7,02,01,1,0110,07,3,0,6,1,3,3,15000,0,0,0,15000,2,1,2,2,3,2,004,0000074800
683,TUS20275,106,2019,2,11,1,7,02,01,1,0110,08,3,0,7,1,9,5,30000,1000,0,30000,33500,2,1,2,2,3,2,004,0000074800
684,TUS20275,106,2019,2,11,1,7,02,01,1,0110,09,3,0,6,1,9,2,16000,0,0,0,16000,2,1,2,2,3,2,004,0000074800
685,TUS20275,106,2019,2,11,1,7,02,01,1,0110,10,3,0,3,1,9,3,20000,0,0,0,20000,2,1,1,2,3,2,004,0000074800
686,TUS20275,106,2019,2,11,1,7,02,01,1,0110,11,3,0,3,1,1,5,35000,2000,0,36000,40000,2,1,3,3,3,2,004,0000074800
687,TUS20275,106,2019,2,11,1,7,02,01,1,0110,12,3,0,1,1,2,1,10000,0,0,0,10000,2,1,2,2,3,0,004,0000074800
688,TUS20275,106,2019,2,11,1,7,02,01,1,0110,13,3,0,1,1,3,1,5000,0,0,0,5000,2,1,2,2,3,0,004,0000074800
689,TUS20275,106,2019,2,11,1,7,02,01,1,0110,14,3,0,4,1,9,3,22000,0,0,0,22000,2,1,2,2,3,2,004,0000074800
690,TUS20639,106,2019,2,14,1,4,01,01,1,0120,01,3,0,1,2,9,1,5000,0,0,0,5000,2,1,1,2,3,0,004,0000018550
691,TUS20639,106,2019,2,14,1,4,01,01,1,0120,02,3,0,4,2,9,1,15000,0,0,2500,15208,2,1,1,2,3,0,004,0000018550
692,TUS20639,106,2019,2,14,1,4,01,01,1,0120,03,3,0,7,2,9,3,19000,1000,3000,2000,23167,2,1,1,2,3,0,004,0000018550
693,TUS20639,106,2019,2,14,1,4,01,01,1,0120,04,3,0,1,2,9,1,4000,0,0,0,4000,2,1,2,2,3,0,004,0000018550
694,TUS20639,106,2019,2,14,1,4,01,01,1,0120,05,3,0,4,2,9,2,11500,1500,0,2500,13208,2,1,2,2,3,2,004,0000018550
695,TUS20639,106,2019,2,14,1,4,01,01,1,0120,06,3,0,4,4,2,2,20000,0,5000,0,25000,2,1,1,1,3,0,004,0000018550
696,TUS20639,106,2019,2,14,1,4,01,01,1,0120,07,3,0,5,2,9,2,11000,1700,0,0,12700,2,1,1,2,3,0,004,0000018550
697,TUS20639,106,2019,2,14,1,4,01,01,1,0120,08,3,0,4,2,1,2,18000,1200,0,3000,19450,2,1,1,2,3,0,004,0000018550
698,TUS20639,106,2019,2,14,1,4,01,01,1,0120,09,3,0,3,2,1,2,8000,0,0,0,8000,2,1,2,2,3,0,004,0000018550
699,TUS20639,106,2019,2,14,1,4,01,01,1,0120,10,3,0,4,2,9,1,13000,5000,2000,0,20000,2,1,1,2,3,0,004,0000018550
700,TUS20639,106,2019,2,14,1,4,01,01,1,0120,11,3,0,4,2,1,1,8500,0,0,1500,8625,2,1,1,2,3,0,004,0000018550
701,TUS20639,106,2019,2,14,1,4,01,01,1,0120,12,3,0,4,2,1,2,9000,1500,0,1000,10583,2,1,2,2,3,0,004,0000018550
702,TUS20639,106,2019,2,14,1,4,01,01,1,0120,13,3,0,4,2,9,1,7000,1500,0,0,8500,2,1,2,2,3,0,004,0000018550
703,TUS20639,106,2019,2,14,1,4,01,01,1,0120,14,3,0,2,2,9,1,7000,0,0,0,7000,2,1,2,2,3,0,004,0000018550
704,TUS20705,106,2019,2,12,1,20,01,01,3,0111,01,3,0,4,1,9,3,5000,0,0,1200,5100,2,1,2,2,2,2,004,0000072738
705,TUS20705,106,2019,2,12,1,20,01,01,3,0111,02,3,0,2,1,9,1,10000,0,0,0,10000,2,1,1,2,3,2,004,0000072738
706,TUS20705,106,2019,2,12,1,20,01,01,3,0111,03,3,0,4,1,9,1,10000,0,100,8000,10767,2,1,2,2,3,2,004,0000072738
707,TUS20705,106,2019,2,12,1,20,01,01,3,0111,04,3,0,6,1,9,2,20000,0,200,3000,20450,2,1,1,2,3,2,004,0000072738
708,TUS20705,106,2019,2,12,1,20,01,01,3,0111,05,3,0,2,1,9,1,10000,0,0,0,10000,2,1,2,2,3,2,004,0000072738
709,TUS20705,106,2019,2,12,1,20,01,01,3,0111,06,3,0,1,1,9,1,6000,0,0,6000,6500,2,1,2,2,3,0,004,0000072738
710,TUS20705,106,2019,2,12,1,20,01,01,3,0111,07,3,0,7,1,9,4,15000,200,0,2000,15367,2,1,2,1,3,2,004,0000072738
711,TUS20705,106,2019,2,12,1,20,01,01,3,0111,08,3,0,4,1,9,3,20000,1000,200,9500,21992,2,1,1,2,3,2,004,0000072738
712,TUS20705,106,2019,2,12,1,20,01,01,3,0111,09,3,0,4,1,9,1,10000,0,200,0,10200,2,1,1,2,3,2,004,0000072738
713,TUS20705,106,2019,2,12,1,20,01,01,3,0111,10,3,0,2,1,9,1,8000,0,0,0,8000,2,1,2,2,3,2,004,0000072738
714,TUS20705,106,2019,2,12,1,20,01,01,3,0111,11,3,0,4,1,9,1,10000,0,200,1200,10300,2,1,2,2,3,2,004,0000072738
715,TUS20705,106,2019,2,12,1,20,01,01,3,0111,12,3,0,5,1,9,1,8000,0,0,0,8000,5,1,2,2,3,2,004,0000072738
716,TUS20705,106,2019,2,12,1,20,01,01,3,0111,13,3,0,6,1,9,1,6000,0,100,0,6100,2,1,1,2,3,2,004,0000072738
717,TUS20705,106,2019,2,12,1,20,01,01,3,0111,14,3,0,5,1,9,1,20000,0,200,3000,20450,2,1,1,2,3,2,004,0000072738
718,TUS21075,106,2019,2,13,1,10,03,02,3,0120,01,3,0,9,2,9,1,20000,0,0,6800,20567,2,1,1,2,3,0,003,0000282024
719,TUS21075,106,2019,2,13,1,10,03,02,3,0120,02,3,0,3,2,9,1,9000,0,0,2409,9201,2,1,2,2,3,0,003,0000282024
720,TUS21075,106,2019,2,13,1,10,03,02,3,0120,03,3,0,3,2,9,1,17000,0,0,2300,17192,2,1,1,2,3,0,003,0000282024
721,TUS21075,106,2019,2,13,1,10,03,02,3,0120,04,3,0,4,2,9,2,13000,0,0,2700,13225,2,1,1,2,3,0,003,0000282024
722,TUS21075,106,2019,2,13,1,10,03,02,3,0120,05,3,0,5,2,9,2,20000,0,0,5900,20492,2,1,1,2,3,0,003,0000282024
723,TUS21075,106,2019,2,13,1,10,03,02,3,0120,06,3,0,6,2,9,3,20000,0,0,4300,20358,2,1,2,2,3,0,003,0000282024
724,TUS21075,106,2019,2,13,1,10,03,02,3,0120,07,3,0,5,2,9,2,25000,0,0,5000,25417,2,1,1,2,3,0,003,0000282024
725,TUS21075,106,2019,2,13,1,10,03,02,3,0120,08,3,0,8,2,9,2,30000,0,0,5000,30417,2,1,1,2,3,0,003,0000282024
726,TUS21075,106,2019,2,13,1,10,03,02,3,0120,09,3,0,4,2,9,1,12000,0,0,3200,12267,2,1,1,2,3,0,003,0000282024
727,TUS21075,106,2019,2,13,1,10,03,02,3,0120,10,3,0,4,2,9,1,20000,0,0,2300,20192,2,1,1,2,3,0,003,0000282024
728,TUS21075,106,2019,2,13,1,10,03,02,3,0120,11,3,0,5,2,9,2,30000,0,0,5700,30475,2,1,1,2,3,0,003,0000282024
729,TUS21075,106,2019,2,13,1,10,03,02,3,0120,12,3,0,3,2,9,1,15000,0,0,1400,15117,2,1,1,2,3,0,003,0000282024
730,TUS21075,106,2019,2,13,1,10,03,02,3,0120,13,3,0,5,2,9,1,20000,0,0,5400,20450,2,1,1,2,3,0,003,0000282024
731,TUS21075,106,2019,2,13,1,10,03,02,3,0120,14,3,0,5,2,9,3,25000,5700,6500,0,37200,2,1,1,2,3,0,003,0000282024
732,TUS21119,106,2019,2,11,1,21,01,01,4,0110,01,3,0,3,1,2,1,7000,0,0,0,7000,2,1,2,2,3,2,004,0000093954
733,TUS21119,106,2019,2,11,1,21,01,01,4,0110,02,3,0,4,1,2,1,6000,0,0,0,6000,2,1,2,2,3,2,004,0000093954
734,TUS21119,106,2019,2,11,1,21,01,01,4,0110,03,3,0,4,1,2,1,6000,0,0,0,6000,2,1,1,2,3,1,004,0000093954
735,TUS21119,106,2019,2,11,1,21,01,01,4,0110,04,3,0,4,1,2,1,20000,0,0,23000,21917,2,1,1,2,3,2,004,0000093954
736,TUS21119,106,2019,2,11,1,21,01,01,4,0110,05,3,0,4,1,2,1,20000,0,0,0,20000,2,1,1,2,3,2,004,0000093954
737,TUS21119,106,2019,2,11,1,21,01,01,4,0110,06,3,0,3,1,2,1,6000,0,0,0,6000,1,1,2,2,3,2,004,0000093954
738,TUS21119,106,2019,2,11,1,21,01,01,4,0110,07,3,0,4,1,2,2,20000,500,1000,0,21500,2,1,2,2,3,2,004,0000093954
739,TUS21119,106,2019,2,11,1,21,01,01,4,0110,08,3,0,4,1,2,1,8000,0,0,0,8000,2,1,2,2,3,2,004,0000093954
740,TUS21119,106,2019,2,11,1,21,01,01,4,0110,09,3,0,2,1,2,1,3000,0,0,0,3000,1,1,2,2,3,2,004,0000093954
741,TUS21119,106,2019,2,11,1,21,01,01,4,0110,10,3,0,3,1,2,1,20000,0,0,0,20000,2,1,1,2,3,2,004,0000093954
742,TUS21119,106,2019,2,11,1,21,01,01,4,0110,11,3,0,2,1,2,1,5000,0,0,0,5000,1,1,2,2,3,2,004,0000093954
743,TUS21119,106,2019,2,11,1,21,01,01,4,0110,12,3,0,5,1,2,2,20000,0,0,18000,21500,2,1,1,2,3,2,004,0000093954
744,TUS21119,106,2019,2,11,1,21,01,01,4,0110,13,3,0,9,1,2,1,20000,0,0,0,20000,2,1,2,2,3,2,004,0000093954
745,TUS21119,106,2019,2,11,1,21,01,01,4,0110,14,3,0,4,1,2,1,6000,0,0,0,6000,2,1,1,2,3,2,004,0000093954
746,TUS21182,106,2019,2,13,1,10,03,02,2,0120,01,3,0,6,2,9,2,20000,0,0,0,20000,2,1,1,2,3,2,003,0000230524
747,TUS21182,106,2019,2,13,1,10,03,02,2,0120,02,3,0,7,2,9,2,35000,0,0,100000,43333,2,1,1,1,3,2,003,0000230524
748,TUS21182,106,2019,2,13,1,10,03,02,2,0120,03,3,0,5,2,9,2,10000,0,0,0,10000,2,1,1,2,3,2,003,0000230524
749,TUS21182,106,2019,2,13,1,10,03,02,2,0120,04,3,0,5,2,9,2,15000,0,0,0,15000,2,1,2,2,3,2,003,0000230524
750,TUS21182,106,2019,2,13,1,10,03,02,2,0120,05,3,0,6,2,9,2,15000,0,0,0,15000,2,1,1,2,3,2,003,0000230524
751,TUS21182,106,2019,2,13,1,10,03,02,2,0120,06,3,0,8,2,9,1,13000,0,0,0,13000,2,1,2,2,3,2,003,0000230524
752,TUS21182,106,2019,2,13,1,10,03,02,2,0120,07,3,0,4,2,9,1,9000,0,0,0,9000,2,1,2,2,3,2,003,0000230524
753,TUS21182,106,2019,2,13,1,10,03,02,2,0120,08,3,0,7,2,9,3,30000,0,0,15000,31250,2,1,1,2,3,2,003,0000230524
754,TUS21182,106,2019,2,13,1,10,03,02,2,0120,09,3,0,7,2,9,2,16000,0,0,0,16000,2,1,1,2,3,2,003,0000230524
755,TUS21182,106,2019,2,13,1,10,03,02,2,0120,10,3,0,5,2,9,2,10000,0,0,500000,51667,2,1,1,2,3,2,003,0000230524
756,TUS21182,106,2019,2,13,1,10,03,02,2,0120,11,3,0,5,2,9,1,6000,0,0,0,6000,2,1,2,2,3,2,003,0000230524
757,TUS21182,106,2019,2,13,1,10,03,02,2,0120,12,3,0,3,2,9,1,8000,0,0,0,8000,2,1,2,2,3,2,003,0000230524
758,TUS21182,106,2019,2,13,1,10,03,02,2,0120,13,3,0,2,2,9,1,6000,0,0,0,6000,2,1,2,2,3,2,003,0000230524
759,TUS21182,106,2019,2,13,1,10,03,02,2,0120,14,3,0,1,2,9,1,4500,0,0,0,4500,2,1,2,2,3,0,003,0000230524
760,TUS21222,106,2019,2,13,1,8,01,01,3,0122,01,3,0,4,1,3,3,5800,500,0,6000,6800,2,1,1,1,3,2,003,0000051176
761,TUS21222,106,2019,2,13,1,8,01,01,3,0122,02,3,0,5,1,3,3,6000,400,100,9600,7300,2,1,1,1,3,0,003,0000051176
762,TUS21222,106,2019,2,13,1,8,01,01,3,0122,03,3,0,4,1,3,3,15800,600,0,12000,17400,2,1,1,1,3,2,003,0000051176
763,TUS21222,106,2019,2,13,1,8,01,01,3,0122,04,3,0,2,2,3,3,3500,300,550,2500,4558,2,1,1,2,2,2,003,0000051176
764,TUS21222,106,2019,2,13,1,8,01,01,3,0122,05,3,0,5,1,2,3,8000,500,600,6000,9600,2,1,1,1,3,0,003,0000051176
765,TUS21222,106,2019,2,13,1,8,01,01,3,0122,06,3,0,4,1,3,3,25000,800,1000,15000,28050,2,1,1,1,3,2,003,0000051176
766,TUS21222,106,2019,2,13,1,8,01,01,3,0122,07,3,0,7,1,3,3,6000,500,800,1800,7450,2,1,1,1,3,0,003,0000051176
767,TUS21222,106,2019,2,13,1,8,01,01,3,0122,08,3,0,1,1,3,3,3000,0,500,8400,4200,2,1,2,2,3,0,003,0000051176
768,TUS21222,106,2019,2,13,1,8,01,01,3,0122,09,3,0,5,1,3,3,15000,300,300,10000,16433,2,1,2,2,3,0,003,0000051176
769,TUS21222,106,2019,2,13,1,8,01,01,3,0122,10,3,0,4,1,3,5,8500,800,300,15600,10900,2,1,2,2,3,2,003,0000051176
770,TUS21222,106,2019,2,13,1,8,01,01,3,0122,11,3,0,4,1,3,3,6000,450,500,8000,7617,2,1,2,2,3,1,003,0000051176
771,TUS21222,106,2019,2,13,1,8,01,01,3,0122,12,3,0,4,1,3,3,5000,600,850,12000,7450,2,1,2,2,3,2,003,0000051176
772,TUS21222,106,2019,2,13,1,8,01,01,3,0122,13,3,0,6,1,3,3,8000,0,750,6000,9250,2,1,2,2,3,0,003,0000051176
773,TUS21222,106,2019,2,13,1,8,01,01,3,0122,14,3,0,3,1,3,3,4000,0,0,15000,5250,2,1,2,2,3,2,003,0000051176
774,TUS21269,106,2019,2,11,1,7,02,01,4,0110,01,3,0,2,1,1,1,9000,0,0,0,9000,2,1,2,2,3,2,004,0000044943
775,TUS21269,106,2019,2,11,1,7,02,01,4,0110,02,3,0,2,1,9,4,15000,2000,0,0,17000,2,1,2,2,3,2,004,0000044943
776,TUS21269,106,2019,2,11,1,7,02,01,4,0110,03,3,0,2,4,9,1,20000,0,0,0,20000,2,1,3,3,3,2,004,0000044943
777,TUS21269,106,2019,2,11,1,7,02,01,4,0110,04,3,0,2,1,1,1,10000,0,0,6500,10542,2,1,2,2,3,2,004,0000044943
778,TUS21269,106,2019,2,11,1,7,02,01,4,0110,05,3,0,6,1,2,1,20000,700,0,0,20700,2,1,1,2,3,2,004,0000044943
779,TUS21269,106,2019,2,11,1,7,02,01,4,0110,06,3,0,6,1,9,2,15000,500,0,0,15500,1,1,2,2,3,2,004,0000044943
780,TUS21269,106,2019,2,11,1,7,02,01,4,0110,07,3,0,4,1,9,2,20000,500,0,0,20500,2,1,1,2,3,2,004,0000044943
781,TUS21269,106,2019,2,11,1,7,02,01,4,0110,08,3,0,3,1,3,1,5000,0,0,0,5000,1,1,2,2,2,2,004,0000044943
782,TUS21269,106,2019,2,11,1,7,02,01,4,0110,09,3,0,3,1,3,1,6000,0,0,0,6000,1,1,2,2,2,2,004,0000044943
783,TUS21269,106,2019,2,11,1,7,02,01,4,0110,10,3,0,4,1,9,6,20000,5000,0,0,25000,2,1,1,2,3,2,004,0000044943
784,TUS21269,106,2019,2,11,1,7,02,01,4,0110,11,3,0,3,1,3,2,20000,500,200,0,20700,2,1,1,2,3,2,004,0000044943
785,TUS21269,106,2019,2,11,1,7,02,01,4,0110,12,3,0,3,1,9,2,20000,2000,0,27000,24250,2,1,1,2,3,2,004,0000044943
786,TUS21269,106,2019,2,11,1,7,02,01,4,0110,13,3,0,4,1,3,1,8000,0,0,0,8000,2,1,1,2,3,2,004,0000044943
787,TUS21269,106,2019,2,11,1,7,02,01,4,0110,14,3,0,2,1,9,2,20000,500,0,0,20500,2,1,3,3,3,2,004,0000044943
788,TUS21317,106,2019,2,11,1,21,01,01,3,0110,01,3,0,5,1,9,4,20000,2000,0,0,22000,2,1,1,2,3,2,004,0000040436
789,TUS21317,106,2019,2,11,1,21,01,01,3,0110,02,3,0,4,1,9,1,10000,0,0,0,10000,2,1,2,2,3,2,004,0000040436
790,TUS21317,106,2019,2,11,1,21,01,01,3,0110,03,3,0,4,1,9,2,10000,1000,0,0,11000,1,1,2,2,3,2,004,0000040436
791,TUS21317,106,2019,2,11,1,21,01,01,3,0110,04,3,0,4,1,2,1,6000,0,0,0,6000,2,1,2,2,2,2,004,0000040436
792,TUS21317,106,2019,2,11,1,21,01,01,3,0110,05,3,0,5,1,9,1,12000,0,0,0,12000,2,1,2,2,3,2,004,0000040436
793,TUS21317,106,2019,2,11,1,21,01,01,3,0110,06,3,0,5,1,2,3,6000,1500,500,0,8000,1,1,2,2,3,2,004,0000040436
794,TUS21317,106,2019,2,11,1,21,01,01,3,0110,07,3,0,2,1,9,4,4000,2000,0,0,6000,1,1,2,2,3,2,004,0000040436
795,TUS21317,106,2019,2,11,1,21,01,01,3,0110,08,3,0,5,1,2,1,7000,0,0,0,7000,1,1,2,2,2,2,004,0000040436
796,TUS21317,106,2019,2,11,1,21,01,01,3,0110,09,3,0,3,1,2,2,5000,0,0,0,5000,2,1,2,2,2,2,004,0000040436
797,TUS21317,106,2019,2,11,1,21,01,01,3,0110,10,3,0,4,1,2,3,10000,1000,100,0,11100,2,1,2,2,3,2,004,0000040436
798,TUS21317,106,2019,2,11,1,21,01,01,3,0110,11,3,0,3,1,2,1,15000,0,0,0,15000,2,1,1,2,3,2,004,0000040436
799,TUS21317,106,2019,2,11,1,21,01,01,3,0110,12,3,0,1,1,9,1,6000,0,0,0,6000,2,1,2,2,3,0,004,0000040436
800,TUS21317,106,2019,2,11,1,21,01,01,3,0110,13,3,0,5,1,9,5,15000,4000,1000,0,20000,2,1,1,2,3,2,004,0000040436
801,TUS21317,106,2019,2,11,1,21,01,01,3,0110,14,3,0,1,1,9,2,10000,500,0,0,10500,2,1,2,2,3,0,004,0000040436
802,TUS21430,106,2019,2,11,1,7,02,01,3,0110,01,3,0,6,1,3,2,20000,0,0,0,20000,2,1,1,2,3,1,004,0000037714
803,TUS21430,106,2019,2,11,1,7,02,01,3,0110,02,3,0,1,1,3,1,4000,0,0,0,4000,2,1,2,2,2,0,004,0000037714
804,TUS21430,106,2019,2,11,1,7,02,01,3,0110,03,3,0,4,1,9,3,20000,0,0,0,20000,2,1,1,2,3,2,004,0000037714
805,TUS21430,106,2019,2,11,1,7,02,01,3,0110,04,3,0,7,1,2,2,18000,0,0,0,18000,2,1,1,2,3,2,004,0000037714
806,TUS21430,106,2019,2,11,1,7,02,01,3,0110,05,3,0,5,1,9,3,10000,0,0,0,10000,2,1,1,2,3,2,004,0000037714
807,TUS21430,106,2019,2,11,1,7,02,01,3,0110,06,3,0,6,1,2,3,5000,0,0,0,5000,2,1,2,2,3,2,004,0000037714
808,TUS21430,106,2019,2,11,1,7,02,01,3,0110,07,3,0,4,1,2,4,25000,0,0,0,25000,2,1,1,2,3,2,004,0000037714
809,TUS21430,106,2019,2,11,1,7,02,01,3,0110,08,3,0,4,1,2,2,20000,0,0,0,20000,2,1,1,2,3,2,004,0000037714
810,TUS21430,106,2019,2,11,1,7,02,01,3,0110,09,3,0,5,1,2,3,10000,0,0,0,10000,2,1,1,2,3,2,004,0000037714
811,TUS21430,106,2019,2,11,1,7,02,01,3,0110,10,3,0,6,1,3,2,15000,0,0,0,15000,2,1,2,2,3,2,004,0000037714
812,TUS21430,106,2019,2,11,1,7,02,01,3,0110,11,3,0,6,1,2,1,7000,0,0,0,7000,1,1,2,2,3,2,004,0000037714
813,TUS21430,106,2019,2,11,1,7,02,01,3,0110,12,3,0,3,1,2,1,10000,0,0,0,10000,2,1,2,2,3,2,004,0000037714
814,TUS21430,106,2019,2,11,1,7,02,01,3,0110,13,3,0,3,1,2,1,15000,0,0,0,15000,2,1,2,2,3,2,004,0000037714
815,TUS21430,106,2019,2,11,1,7,02,01,3,0110,14,3,0,8,1,2,2,15000,0,0,0,15000,1,1,2,2,3,2,004,0000037714
816,TUS21469,106,2019,2,13,1,8,02,01,3,0122,01,3,0,5,2,9,3,25000,500,0,6000,26000,2,1,1,2,3,0,003,0000055505
817,TUS21469,106,2019,2,13,1,8,02,01,3,0122,02,3,0,7,2,9,6,14500,350,200,2500,15258,2,1,2,2,3,0,003,0000055505
818,TUS21469,106,2019,2,13,1,8,02,01,3,0122,03,3,0,2,2,9,5,19300,500,0,2600,20017,2,1,2,2,3,0,003,0000055505
819,TUS21469,106,2019,2,13,1,8,02,01,3,0122,04,3,0,3,2,9,6,19500,800,0,2800,20533,2,1,2,2,3,0,003,0000055505
820,TUS21469,106,2019,2,13,1,8,02,01,3,0122,05,3,0,7,2,9,5,12500,300,0,22000,14633,2,1,2,1,3,0,003,0000055505
821,TUS21469,106,2019,2,13,1,8,02,01,3,0122,06,3,0,6,2,9,5,14300,400,300,2000,15167,2,1,2,2,3,0,003,0000055505
822,TUS21469,106,2019,2,13,1,8,02,01,3,0122,07,3,0,5,2,9,3,20000,400,0,4000,20733,2,1,2,2,3,0,003,0000055505
823,TUS21469,106,2019,2,13,1,8,02,01,3,0122,08,3,0,7,2,9,3,40000,600,0,6000,41100,2,1,2,2,3,0,003,0000055505
824,TUS21469,106,2019,2,13,1,8,02,01,3,0122,09,3,0,4,2,9,5,14200,600,0,3500,15092,2,1,1,2,3,0,003,0000055505
825,TUS21469,106,2019,2,13,1,8,02,01,3,0122,10,3,0,9,2,9,3,25000,300,0,24000,27300,2,1,2,2,3,0,003,0000055505
826,TUS21469,106,2019,2,13,1,8,02,01,3,0122,11,3,0,6,2,9,5,30700,1200,0,12000,32900,2,1,2,2,3,0,003,0000055505
827,TUS21469,106,2019,2,13,1,8,02,01,3,0122,12,3,0,5,2,9,6,30000,1200,0,15500,32492,2,1,1,2,3,0,003,0000055505
828,TUS21469,106,2019,2,13,1,8,02,01,3,0122,13,3,0,7,2,9,4,18400,200,2520,23500,23078,2,1,1,2,3,0,003,0000055505
829,TUS21469,106,2019,2,13,1,8,02,01,3,0122,14,3,0,4,2,9,5,14000,200,0,18000,15700,2,1,2,2,3,0,003,0000055505
830,TUS21481,106,2019,2,13,1,10,03,01,3,0120,01,3,0,2,2,9,1,9500,0,500,0,10000,2,1,1,2,3,0,003,0000126079
831,TUS21481,106,2019,2,13,1,10,03,01,3,0120,02,3,0,4,2,9,1,26000,0,6000,0,32000,2,1,1,2,3,0,003,0000126079
832,TUS21481,106,2019,2,13,1,10,03,01,3,0120,03,3,0,3,2,9,1,22000,0,2000,0,24000,2,1,1,2,3,0,003,0000126079
833,TUS21481,106,2019,2,13,1,10,03,01,3,0120,04,3,0,4,2,9,2,21000,0,2900,0,23900,2,1,1,2,3,0,003,0000126079
834,TUS21481,106,2019,2,13,1,10,03,01,3,0120,05,3,0,4,2,9,2,20000,0,3000,0,23000,2,1,1,2,3,0,003,0000126079
835,TUS21481,106,2019,2,13,1,10,03,01,3,0120,06,3,0,4,2,9,3,18000,0,0,0,18000,2,1,1,2,3,0,003,0000126079
836,TUS21481,106,2019,2,13,1,10,03,01,3,0120,07,3,0,5,2,9,4,35000,0,1500,0,36500,2,1,1,1,3,0,003,0000126079
837,TUS21481,106,2019,2,13,1,10,03,01,3,0120,08,3,0,3,2,9,1,15000,0,500,0,15500,2,1,1,2,3,0,003,0000126079
838,TUS21481,106,2019,2,13,1,10,03,01,3,0120,09,3,0,4,2,9,3,30000,0,1000,0,31000,2,1,1,1,3,0,003,0000126079
839,TUS21481,106,2019,2,13,1,10,03,01,3,0120,10,3,0,2,2,9,1,7500,0,0,0,7500,2,1,1,2,3,0,003,0000126079
840,TUS21481,106,2019,2,13,1,10,03,01,3,0120,11,3,0,3,2,9,1,9000,0,3000,0,12000,2,1,1,2,3,0,003,0000126079
841,TUS21481,106,2019,2,13,1,10,03,01,3,0120,12,3,0,3,2,9,3,15000,0,600,0,15600,2,1,2,2,3,0,003,0000126079
842,TUS21481,106,2019,2,13,1,10,03,01,3,0120,13,3,0,2,2,9,2,10000,0,500,0,10500,2,1,1,2,3,0,003,0000126079
843,TUS21481,106,2019,2,13,1,10,03,01,3,0120,14,3,0,1,2,9,2,4500,0,300,0,4800,2,1,1,2,3,0,003,0000126079
844,TUS21607,106,2019,2,12,1,19,02,01,4,0111,01,3,0,7,1,2,2,15000,0,0,2500,15208,2,1,1,2,3,2,004,0000026286
845,TUS21607,106,2019,2,12,1,19,02,01,4,0111,02,3,0,4,2,1,1,25000,0,0,0,25000,2,1,1,2,3,2,004,0000026286
846,TUS21607,106,2019,2,12,1,19,02,01,4,0111,03,3,0,6,1,1,2,15000,0,0,0,15000,2,1,2,2,3,2,004,0000026286
847,TUS21607,106,2019,2,12,1,19,02,01,4,0111,04,3,0,2,3,9,2,8000,0,0,5000,8417,2,1,1,2,3,2,004,0000026286
848,TUS21607,106,2019,2,12,1,19,02,01,4,0111,05,3,0,4,2,1,2,7000,0,0,0,7000,2,1,2,2,3,2,004,0000026286
849,TUS21607,106,2019,2,12,1,19,02,01,4,0111,06,3,0,3,2,9,2,5000,0,0,0,5000,1,1,2,2,3,2,004,0000026286
850,TUS21607,106,2019,2,12,1,19,02,01,4,0111,07,3,0,5,1,1,1,15000,0,0,2500,15208,2,1,2,2,3,2,004,0000026286
851,TUS21607,106,2019,2,12,1,19,02,01,4,0111,08,3,0,5,1,9,1,15000,0,0,3400,15283,2,1,1,3,3,2,004,0000026286
852,TUS21607,106,2019,2,12,1,19,02,01,4,0111,09,3,0,2,1,9,2,5000,0,0,0,5000,2,1,2,2,3,2,004,0000026286
853,TUS21607,106,2019,2,12,1,19,02,01,4,0111,10,3,0,4,1,9,2,10000,0,0,15000,11250,2,1,1,2,3,2,004,0000026286
854,TUS21607,106,2019,2,12,1,19,02,01,4,0111,11,3,0,6,1,9,2,25000,0,0,0,25000,2,1,1,2,3,2,004,0000026286
855,TUS21607,106,2019,2,12,1,19,02,01,4,0111,12,3,0,2,1,2,2,15000,0,0,0,15000,2,1,2,2,2,2,004,0000026286
856,TUS21607,106,2019,2,12,1,19,02,01,4,0111,13,3,0,4,1,9,2,7000,0,0,1500,7125,2,1,2,2,3,2,004,0000026286
857,TUS21607,106,2019,2,12,1,19,02,01,4,0111,14,3,0,4,1,3,1,7000,0,0,0,7000,2,1,2,2,2,2,004,0000026286
858,TUS21914,106,2019,2,14,1,3,01,01,4,0120,01,3,0,1,6,1,3,8000,700,500,5500,9658,2,1,2,2,3,0,004,0000005679
859,TUS21914,106,2019,2,14,1,3,01,01,4,0120,02,3,0,3,6,1,2,7000,500,400,8000,8567,2,1,2,2,3,0,004,0000005679
860,TUS21914,106,2019,2,14,1,3,01,01,4,0120,03,3,0,4,6,1,3,12000,400,500,13500,14025,2,1,2,2,3,0,004,0000005679
861,TUS21914,106,2019,2,14,1,3,01,01,4,0120,04,3,0,3,6,1,3,15000,500,400,23000,17817,2,1,1,2,3,0,004,0000005679
862,TUS21914,106,2019,2,14,1,3,01,01,4,0120,05,3,0,4,6,1,1,12500,200,300,15000,14250,2,1,1,2,3,0,004,0000005679
863,TUS21914,106,2019,2,14,1,3,01,01,4,0120,06,3,0,3,6,1,2,13000,400,300,8000,14367,2,1,2,2,3,0,004,0000005679
864,TUS21914,106,2019,2,14,1,3,01,01,4,0120,07,3,0,5,2,1,4,15000,500,500,5000,16417,2,1,1,2,3,2,004,0000005679
865,TUS21914,106,2019,2,14,1,3,01,01,4,0120,08,3,0,2,6,1,1,7500,150,200,4500,8225,2,1,1,2,3,0,004,0000005679
866,TUS21914,106,2019,2,14,1,3,01,01,4,0120,09,3,0,4,6,1,1,9000,400,250,10000,10483,2,1,2,2,3,2,004,0000005679
867,TUS21914,106,2019,2,14,1,3,01,01,4,0120,10,3,0,3,6,1,2,12000,200,400,5600,13067,2,1,2,2,3,0,004,0000005679
868,TUS21914,106,2019,2,14,1,3,01,01,4,0120,11,3,0,5,6,1,4,7000,800,300,8500,8808,2,1,2,2,2,0,004,0000005679
869,TUS21914,106,2019,2,14,1,3,01,01,4,0120,12,3,0,1,6,1,3,7500,500,250,12500,9292,2,1,1,2,3,0,004,0000005679
870,TUS21914,106,2019,2,14,1,3,01,01,4,0120,13,3,0,3,6,1,3,12500,350,400,15000,14500,2,1,1,2,3,0,004,0000005679
871,TUS21914,106,2019,2,14,1,3,01,01,4,0120,14,3,0,3,6,1,3,14500,400,500,17000,16817,2,1,1,2,3,0,004,0000005679
872,TUS22001,106,2019,2,11,1,21,01,01,2,0110,01,3,0,4,1,2,1,20000,0,0,0,20000,2,1,1,2,3,2,004,0000244993
873,TUS22001,106,2019,2,11,1,21,01,01,2,0110,02,3,0,4,1,2,3,19500,500,0,0,20000,2,1,2,2,3,1,004,0000244993
874,TUS22001,106,2019,2,11,1,21,01,01,2,0110,03,3,0,1,1,9,1,16000,0,0,0,16000,19,1,2,2,3,0,004,0000244993
875,TUS22001,106,2019,2,11,1,21,01,01,2,0110,04,3,0,1,2,9,1,15000,0,0,0,15000,19,1,2,2,3,0,004,0000244993
876,TUS22001,106,2019,2,11,1,21,01,01,2,0110,05,3,0,1,2,9,1,13000,0,1000,0,14000,19,1,2,2,3,0,004,0000244993
877,TUS22001,106,2019,2,11,1,21,01,01,2,0110,06,3,0,1,1,9,3,11000,0,400,0,11400,19,1,2,2,3,0,004,0000244993
878,TUS22001,106,2019,2,11,1,21,01,01,2,0110,07,3,0,1,1,2,1,11000,0,1000,0,12000,19,1,2,2,3,0,004,0000244993
879,TUS22001,106,2019,2,11,1,21,01,01,2,0110,08,3,0,1,1,1,1,10000,200,500,0,10700,19,1,2,2,3,0,004,0000244993
880,TUS22001,106,2019,2,11,1,21,01,01,2,0110,09,3,0,1,1,3,6,19000,2000,1000,0,22000,19,1,2,2,3,0,004,0000244993
881,TUS22001,106,2019,2,11,1,21,01,01,2,0110,10,3,0,1,2,9,1,14000,0,1000,0,15000,19,1,2,2,3,0,004,0000244993
882,TUS22001,106,2019,2,11,1,21,01,01,2,0110,11,3,0,1,1,9,4,10000,600,200,6000,11300,19,1,2,2,3,0,004,0000244993
883,TUS22001,106,2019,2,11,1,21,01,01,2,0110,12,3,0,4,2,9,2,16000,1250,0,0,17250,2,1,2,2,3,2,004,0000244993
884,TUS22001,106,2019,2,11,1,21,01,01,2,0110,13,3,0,1,1,9,1,10500,0,0,0,10500,19,1,2,2,3,0,004,0000244993
885,TUS22001,106,2019,2,11,1,21,01,01,2,0110,14,3,0,1,1,9,4,10400,600,0,0,11000,19,1,2,2,3,0,004,0000244993
886,TUS22047,106,2019,2,11,1,21,03,01,4,0110,01,3,0,5,1,9,4,20000,0,0,0,20000,2,1,1,2,3,2,004,0000320407
887,TUS22047,106,2019,2,11,1,21,03,01,4,0110,02,3,0,2,1,9,6,25000,2000,0,0,27000,2,1,1,2,3,2,004,0000320407
888,TUS22047,106,2019,2,11,1,21,03,01,4,0110,03,3,0,4,1,9,3,35000,0,0,0,35000,2,1,1,3,3,2,004,0000320407
889,TUS22047,106,2019,2,11,1,21,03,01,4,0110,04,3,0,2,1,9,2,40000,0,200,0,40200,2,1,1,2,3,2,004,0000320407
890,TUS22047,106,2019,2,11,1,21,03,01,4,0110,05,3,0,3,1,9,2,20000,0,0,0,20000,2,1,1,2,3,2,004,0000320407
891,TUS22047,106,2019,2,11,1,21,03,01,4,0110,06,3,0,3,1,9,2,15000,0,0,0,15000,2,1,1,2,3,2,004,0000320407
892,TUS22047,106,2019,2,11,1,21,03,01,4,0110,07,3,0,2,1,9,2,15000,0,0,0,15000,2,1,1,2,3,2,004,0000320407
893,TUS22047,106,2019,2,11,1,21,03,01,4,0110,08,3,0,3,1,9,2,7000,0,0,0,7000,2,1,1,2,3,2,004,0000320407
894,TUS22047,106,2019,2,11,1,21,03,01,4,0110,09,3,0,2,1,9,1,20000,0,0,0,20000,2,1,1,2,3,2,004,0000320407
895,TUS22047,106,2019,2,11,1,21,03,01,4,0110,10,3,0,2,1,9,4,15000,0,0,0,15000,2,1,1,2,3,2,004,0000320407
896,TUS22047,106,2019,2,11,1,21,03,01,4,0110,11,3,0,5,1,3,1,10000,0,0,0,10000,1,1,2,2,2,2,004,0000320407
897,TUS22047,106,2019,2,11,1,21,03,01,4,0110,12,3,0,1,1,9,1,10000,0,0,0,10000,2,1,1,2,3,0,004,0000320407
898,TUS22047,106,2019,2,11,1,21,03,01,4,0110,13,3,0,1,9,9,1,3000,0,0,0,3000,1,1,2,2,1,0,004,0000320407
899,TUS22047,106,2019,2,11,1,21,03,01,4,0110,14,3,0,3,1,9,3,0,50000,0,0,50000,2,1,1,2,3,2,004,0000320407
900,TUS22101,106,2019,2,13,1,10,03,01,2,0120,01,3,0,4,2,9,2,30000,0,0,0,30000,2,1,1,1,1,0,003,0000196860
901,TUS22101,106,2019,2,13,1,10,03,01,2,0120,02,3,0,5,2,9,1,20000,0,1000,0,21000,2,1,1,2,3,0,003,0000196860
902,TUS22101,106,2019,2,13,1,10,03,01,2,0120,03,3,0,4,2,9,2,25000,0,0,11000,25917,2,1,1,2,3,0,003,0000196860
903,TUS22101,106,2019,2,13,1,10,03,01,2,0120,04,3,0,5,2,9,1,10000,0,700,5000,11117,2,1,2,2,3,0,003,0000196860
904,TUS22101,106,2019,2,13,1,10,03,01,2,0120,05,3,0,1,2,9,0,25000,0,3100,0,28100,2,1,2,2,3,0,003,0000196860
905,TUS22101,106,2019,2,13,1,10,03,01,2,0120,06,3,0,11,2,9,2,33000,0,1000,17000,35417,2,1,1,1,3,0,003,0000196860
906,TUS22101,106,2019,2,13,1,10,03,01,2,0120,07,3,0,3,2,9,1,10000,0,0,0,10000,2,1,1,2,3,0,003,0000196860
907,TUS22101,106,2019,2,13,1,10,03,01,2,0120,08,3,0,4,2,9,3,15000,0,0,0,15000,2,1,2,2,3,0,003,0000196860
908,TUS22101,106,2019,2,13,1,10,03,01,2,0120,09,3,0,4,2,9,2,12000,0,0,0,12000,2,1,1,2,3,0,003,0000196860
909,TUS22101,106,2019,2,13,1,10,03,01,2,0120,10,3,0,3,2,9,2,21000,0,0,0,21000,2,1,1,2,3,0,003,0000196860
910,TUS22101,106,2019,2,13,1,10,03,01,2,0120,11,3,0,2,2,9,1,6500,0,2500,3200,9267,2,1,2,2,3,0,003,0000196860
911,TUS22101,106,2019,2,13,1,10,03,01,2,0120,12,3,0,5,2,9,2,25000,0,0,0,25000,2,1,1,2,3,2,003,0000196860
912,TUS22101,106,2019,2,13,1,10,03,01,2,0120,13,3,0,5,2,9,1,21000,0,300,1500,21425,2,1,2,2,3,0,003,0000196860
913,TUS22101,106,2019,2,13,1,10,03,01,2,0120,14,3,0,1,2,9,0,2500,0,2900,1000,5483,2,1,2,2,3,0,003,0000196860
914,TUS22407,106,2019,2,12,1,19,02,01,3,0111,01,3,0,5,1,9,3,40000,0,0,2000,40167,2,1,1,2,3,2,004,0000026857
915,TUS22407,106,2019,2,12,1,19,02,01,3,0111,02,3,0,1,1,9,3,30000,0,0,12000,31000,2,1,2,2,3,0,004,0000026857
916,TUS22407,106,2019,2,12,1,19,02,01,3,0111,03,3,0,3,1,9,3,40000,0,0,70000,45833,2,1,1,3,3,2,004,0000026857
917,TUS22407,106,2019,2,12,1,19,02,01,3,0111,04,3,0,4,1,9,3,25000,0,0,0,25000,2,1,2,2,3,1,004,0000026857
918,TUS22407,106,2019,2,12,1,19,02,01,3,0111,05,3,0,4,1,3,4,25000,1,1,40000,28335,2,1,1,2,3,2,004,0000026857
919,TUS22407,106,2019,2,12,1,19,02,01,3,0111,06,3,0,3,1,9,6,20000,0,0,13000,21083,2,1,1,2,3,2,004,0000026857
920,TUS22407,106,2019,2,12,1,19,02,01,3,0111,07,3,0,5,1,9,3,25000,0,0,5000,25417,2,1,1,2,3,2,004,0000026857
921,TUS22407,106,2019,2,12,1,19,02,01,3,0111,08,3,0,2,1,9,3,25000,0,0,42000,28500,2,1,3,3,3,2,004,0000026857
922,TUS22407,106,2019,2,12,1,19,02,01,3,0111,09,3,0,3,1,9,2,15000,0,0,25000,17083,2,1,1,3,3,2,004,0000026857
923,TUS22407,106,2019,2,12,1,19,02,01,3,0111,10,3,0,2,1,9,1,10000,0,0,0,10000,2,1,2,2,3,2,004,0000026857
924,TUS22407,106,2019,2,12,1,19,02,01,3,0111,11,3,0,2,1,9,2,20000,0,0,5000,20417,2,1,1,2,3,2,004,0000026857
925,TUS22407,106,2019,2,12,1,19,02,01,3,0111,12,3,0,3,1,9,3,25000,0,0,45000,28750,2,1,1,3,3,2,004,0000026857
926,TUS22407,106,2019,2,12,1,19,02,01,3,0111,13,3,0,2,1,9,3,25000,0,0,0,25000,2,1,1,3,3,2,004,0000026857
927,TUS22407,106,2019,2,12,1,19,02,01,3,0111,14,3,0,3,1,9,2,25000,0,0,19000,26583,2,1,1,2,3,2,004,0000026857
928,TUS22418,106,2019,2,13,1,8,02,01,1,0122,01,3,0,2,2,9,3,6000,0,0,14000,7167,1,1,2,2,3,0,003,0000049238
929,TUS22418,106,2019,2,13,1,8,02,01,1,0122,02,3,0,2,2,9,3,10000,0,0,9600,10800,2,1,2,2,3,0,003,0000049238
930,TUS22418,106,2019,2,13,1,8,02,01,1,0122,03,3,0,3,2,9,3,15000,0,0,20000,16667,2,1,1,2,3,2,003,0000049238
931,TUS22418,106,2019,2,13,1,8,02,01,1,0122,04,3,0,5,2,9,3,40000,0,0,50000,44167,2,1,1,2,3,0,003,0000049238
932,TUS22418,106,2019,2,13,1,8,02,01,1,0122,05,3,0,6,2,9,3,20000,0,0,8000,20667,2,1,2,2,3,0,003,0000049238
933,TUS22418,106,2019,2,13,1,8,02,01,1,0122,06,3,0,5,2,9,3,20000,200,0,3000,20450,2,1,2,2,3,0,003,0000049238
934,TUS22418,106,2019,2,13,1,8,02,01,1,0122,07,3,0,8,2,9,3,35000,0,0,25000,37083,2,1,1,2,3,0,003,0000049238
935,TUS22418,106,2019,2,13,1,8,02,01,1,0122,08,3,0,7,2,9,3,40000,0,0,15000,41250,2,1,1,2,3,0,003,0000049238
936,TUS22418,106,2019,2,13,1,8,02,01,1,0122,09,3,0,3,2,2,3,8000,300,0,5000,8717,2,1,2,2,3,0,003,0000049238
937,TUS22418,106,2019,2,13,1,8,02,01,1,0122,10,3,0,5,2,2,3,13000,0,0,600,13050,2,1,2,2,3,0,003,0000049238
938,TUS22418,106,2019,2,13,1,8,02,01,1,0122,11,3,0,5,2,9,3,60000,0,0,20000,61667,2,1,1,1,3,0,003,0000049238
939,TUS22418,106,2019,2,13,1,8,02,01,1,0122,12,3,0,3,2,9,2,10000,0,0,1500,10125,2,1,2,2,3,0,003,0000049238
940,TUS22418,106,2019,2,13,1,8,02,01,1,0122,13,3,0,4,2,9,3,7000,0,0,14000,8167,2,1,2,2,3,0,003,0000049238
941,TUS22418,106,2019,2,13,1,8,02,01,1,0122,14,3,0,2,2,9,3,6000,0,0,2000,6167,1,1,2,2,3,0,003,0000049238
942,TUS22509,106,2019,2,13,1,10,03,01,1,0120,01,3,0,5,2,9,1,15000,0,0,6000,15500,2,1,2,2,3,0,003,0000159257
943,TUS22509,106,2019,2,13,1,10,03,01,1,0120,02,3,0,4,2,9,1,8000,0,100,10000,8933,2,1,2,2,3,2,003,0000159257
944,TUS22509,106,2019,2,13,1,10,03,01,1,0120,03,3,0,5,2,9,2,12000,0,0,18000,13500,2,1,1,2,3,2,003,0000159257
945,TUS22509,106,2019,2,13,1,10,03,01,1,0120,04,3,0,3,2,9,2,5500,0,0,5000,5917,2,1,1,2,3,2,003,0000159257
946,TUS22509,106,2019,2,13,1,10,03,01,1,0120,05,3,0,5,2,9,1,30000,0,0,42000,33500,2,1,1,2,3,2,003,0000159257
947,TUS22509,106,2019,2,13,1,10,03,01,1,0120,06,3,0,5,2,9,3,14000,0,0,20000,15667,2,1,1,2,3,2,003,0000159257
948,TUS22509,106,2019,2,13,1,10,03,01,1,0120,07,3,0,3,2,9,1,7000,0,0,5000,7417,2,1,2,2,3,2,003,0000159257
949,TUS22509,106,2019,2,13,1,10,03,01,1,0120,08,3,0,6,2,9,3,32000,0,0,36000,35000,2,1,1,1,3,2,003,0000159257
950,TUS22509,106,2019,2,13,1,10,03,01,1,0120,09,3,0,3,2,9,1,9000,0,0,14000,10167,2,1,1,2,3,2,003,0000159257
951,TUS22509,106,2019,2,13,1,10,03,01,1,0120,10,3,0,6,2,9,3,14000,0,0,18000,15500,2,1,1,2,3,2,003,0000159257
952,TUS22509,106,2019,2,13,1,10,03,01,1,0120,11,3,0,4,2,9,2,9000,0,0,10000,9833,2,1,1,2,3,2,003,0000159257
953,TUS22509,106,2019,2,13,1,10,03,01,1,0120,12,3,0,7,2,9,1,7000,0,0,9000,7750,2,1,1,2,3,2,003,0000159257
954,TUS22509,106,2019,2,13,1,10,03,01,1,0120,13,3,0,3,2,9,3,20000,0,0,20000,21667,2,1,1,2,3,2,003,0000159257
955,TUS22509,106,2019,2,13,1,10,03,01,1,0120,14,3,0,5,2,9,5,30000,0,0,40000,33333,2,1,1,2,3,2,003,0000159257
956,TUS22986,106,2019,2,13,1,2,01,01,2,0120,01,3,0,4,2,9,2,15500,1500,450,3500,17742,2,1,2,2,3,2,003,0000197726
957,TUS22986,106,2019,2,13,1,2,01,01,2,0120,02,3,0,5,2,9,1,12000,0,0,0,12000,2,1,1,2,3,2,003,0000197726
958,TUS22986,106,2019,2,13,1,2,01,01,2,0120,03,3,0,4,2,9,2,12000,0,0,0,12000,2,1,2,2,3,2,003,0000197726
959,TUS22986,106,2019,2,13,1,2,01,01,2,0120,04,3,0,8,2,9,1,25000,0,0,0,25000,2,1,1,2,3,2,003,0000197726
960,TUS22986,106,2019,2,13,1,2,01,01,2,0120,05,3,0,7,2,9,1,18000,0,0,0,18000,2,1,1,2,3,0,003,0000197726
961,TUS22986,106,2019,2,13,1,2,01,01,2,0120,06,3,0,5,2,9,1,13000,0,350,3500,13642,2,1,2,2,3,2,003,0000197726
962,TUS22986,106,2019,2,13,1,2,01,01,2,0120,07,3,0,6,2,9,1,16000,0,550,4000,16883,2,1,1,2,3,2,003,0000197726
963,TUS22986,106,2019,2,13,1,2,01,01,2,0120,08,3,0,4,2,9,1,12000,0,0,0,12000,2,1,1,2,3,2,003,0000197726
964,TUS22986,106,2019,2,13,1,2,01,01,2,0120,09,3,0,7,2,9,2,16000,5000,0,0,21000,2,1,2,2,3,2,003,0000197726
965,TUS22986,106,2019,2,13,1,2,01,01,2,0120,10,3,0,5,2,9,3,16000,5000,0,0,21000,2,1,1,2,3,2,003,0000197726
966,TUS22986,106,2019,2,13,1,2,01,01,2,0120,11,3,0,4,2,9,1,11000,0,0,0,11000,2,1,2,2,3,2,003,0000197726
967,TUS22986,106,2019,2,13,1,2,01,01,2,0120,12,3,0,4,2,9,1,20000,0,0,0,20000,2,1,1,2,3,2,003,0000197726
968,TUS22986,106,2019,2,13,1,2,01,01,2,0120,13,3,0,4,2,9,1,5000,2000,0,0,7000,2,1,1,2,2,0,003,0000197726
969,TUS22986,106,2019,2,13,1,2,01,01,2,0120,14,3,0,4,2,9,1,11000,0,0,0,11000,2,1,2,2,3,2,003,0000197726
970,TUS23013,106,2019,2,14,1,3,01,01,2,0120,01,3,0,1,1,3,0,4000,0,0,0,4000,2,1,2,2,1,0,004,0000010032
971,TUS23013,106,2019,2,14,1,3,01,01,2,0120,02,3,0,4,6,1,1,8000,0,0,2500,8208,2,1,1,2,2,0,004,0000010032
972,TUS23013,106,2019,2,14,1,3,01,01,2,0120,03,3,0,1,1,3,0,4000,0,0,8000,4667,2,1,2,2,1,0,004,0000010032
973,TUS23013,106,2019,2,14,1,3,01,01,2,0120,04,3,0,7,6,1,3,12000,2500,0,14000,15667,2,1,1,2,2,0,004,0000010032
974,TUS23013,106,2019,2,14,1,3,01,01,2,0120,05,3,0,4,6,1,1,6000,0,0,8000,6667,2,1,1,2,2,0,004,0000010032
975,TUS23013,106,2019,2,14,1,3,01,01,2,0120,06,3,0,2,1,3,0,8000,0,0,15000,9250,2,1,2,2,2,0,004,0000010032
976,TUS23013,106,2019,2,14,1,3,01,01,2,0120,07,3,0,2,1,9,0,5000,0,0,0,5000,2,1,2,2,2,0,004,0000010032
977,TUS23013,106,2019,2,14,1,3,01,01,2,0120,08,3,0,3,6,1,2,6000,0,0,0,6000,2,1,2,2,2,0,004,0000010032
978,TUS23013,106,2019,2,14,1,3,01,01,2,0120,09,3,0,4,1,2,0,6000,0,0,8000,6667,2,1,2,2,1,0,004,0000010032
979,TUS23013,106,2019,2,14,1,3,01,01,2,0120,10,3,0,1,1,9,0,6000,0,0,0,6000,2,1,2,2,2,0,004,0000010032
980,TUS23013,106,2019,2,14,1,3,01,01,2,0120,11,3,0,2,6,1,1,6000,0,0,0,6000,2,1,2,2,2,2,004,0000010032
981,TUS23013,106,2019,2,14,1,3,01,01,2,0120,12,3,0,1,1,3,0,5000,0,0,12000,6000,2,1,2,2,2,0,004,0000010032
982,TUS23013,106,2019,2,14,1,3,01,01,2,0120,13,3,0,5,6,1,3,11000,800,0,10000,12633,2,1,1,2,2,0,004,0000010032
983,TUS23013,106,2019,2,14,1,3,01,01,2,0120,14,3,0,4,6,1,3,8000,4000,0,2000,12167,2,1,2,2,2,0,004,0000010032
984,TUS23027,106,2019,2,12,1,19,01,01,2,0111,01,3,0,5,1,9,2,18000,0,400,10000,19233,2,1,1,2,3,2,004,0000099188
985,TUS23027,106,2019,2,12,1,19,01,01,2,0111,02,3,0,8,1,9,4,12500,0,250,5000,13167,2,1,2,2,3,2,004,0000099188
986,TUS23027,106,2019,2,12,1,19,01,01,2,0111,03,3,0,3,1,9,4,15000,0,200,0,15200,2,2,2,2,2,2,004,0000099188
987,TUS23027,106,2019,2,12,1,19,01,01,2,0111,04,3,0,10,1,9,4,14000,0,200,18000,15700,2,1,2,2,3,2,004,0000099188
988,TUS23027,106,2019,2,12,1,19,01,01,2,0111,05,3,0,4,1,9,3,8000,1500,300,5000,10217,2,1,2,2,3,2,004,0000099188
989,TUS23027,106,2019,2,12,1,19,01,01,2,0111,06,3,0,6,1,2,1,8000,0,300,0,8300,2,1,2,2,3,2,004,0000099188
990,TUS23027,106,2019,2,12,1,19,01,01,2,0111,07,3,0,5,1,9,3,10000,0,300,5000,10717,2,1,1,2,3,2,004,0000099188
991,TUS23027,106,2019,2,12,1,19,01,01,2,0111,08,3,0,3,1,9,3,7000,0,150,20000,8817,2,1,2,2,3,2,004,0000099188
992,TUS23027,106,2019,2,12,1,19,01,01,2,0111,09,3,0,4,1,2,1,10000,0,50,8000,10717,2,1,2,2,2,2,004,0000099188
993,TUS23027,106,2019,2,12,1,19,01,01,2,0111,10,3,0,4,1,2,3,10000,0,400,8000,11067,2,1,2,2,2,2,004,0000099188
994,TUS23027,106,2019,2,12,1,19,01,01,2,0111,11,3,0,3,1,9,3,10000,0,300,6000,10800,2,1,2,2,3,2,004,0000099188
995,TUS23027,106,2019,2,12,1,19,01,01,2,0111,12,3,0,4,1,2,4,4000,0,200,6000,4700,2,1,2,2,2,2,004,0000099188
996,TUS23027,106,2019,2,12,1,19,01,01,2,0111,13,3,0,6,1,2,3,8000,0,300,3000,8550,2,1,2,2,3,2,004,0000099188
997,TUS23027,106,2019,2,12,1,19,01,01,2,0111,14,3,0,6,1,2,3,5000,0,400,13000,6483,2,1,2,2,3,2,004,0000099188
998,TUS23073,106,2019,2,12,1,19,02,01,2,0111,01,3,0,4,1,9,5,30000,5000,500,10000,36333,2,1,1,2,2,2,004,0000044857
999,TUS23073,106,2019,2,12,1,19,02,01,2,0111,02,3,0,1,1,9,3,20000,0,200,10000,21033,2,1,3,3,3,0,004,0000044857
1000,TUS23073,106,2019,2,12,1,19,02,01,2,0111,03,3,0,1,1,9,0,5000,3000,50,1500,8175,1,1,2,2,3,0,004,0000044857
1001,TUS23073,106,2019,2,12,1,19,02,01,2,0111,04,3,0,1,1,1,0,2000,0,500,0,2500,2,1,2,2,3,0,004,0000044857
1002,TUS23073,106,2019,2,12,1,19,02,01,2,0111,05,3,0,3,1,9,0,10000,0,100,8000,10767,2,1,2,2,3,2,004,0000044857
1003,TUS23073,106,2019,2,12,1,19,02,01,2,0111,06,3,0,6,6,1,3,15000,0,200,3000,15450,2,1,2,2,2,2,004,0000044857
1004,TUS23073,106,2019,2,12,1,19,02,01,2,0111,07,3,0,4,1,9,4,20000,0,500,5000,20917,2,1,1,2,3,2,004,0000044857
1005,TUS23073,106,2019,2,12,1,19,02,01,2,0111,08,3,0,2,1,2,0,15000,0,200,20000,16867,2,1,1,2,3,2,004,0000044857
1006,TUS23073,106,2019,2,12,1,19,02,01,2,0111,09,3,0,3,1,9,4,25000,0,200,3000,25450,2,1,2,2,3,2,004,0000044857
1007,TUS23073,106,2019,2,12,1,19,02,01,2,0111,10,3,0,4,1,9,0,20000,0,200,10000,21033,2,1,1,2,3,2,004,0000044857
1008,TUS23073,106,2019,2,12,1,19,02,01,2,0111,11,3,0,9,1,9,3,20000,0,1000,10000,21833,2,1,2,2,3,2,004,0000044857
1009,TUS23073,106,2019,2,12,1,19,02,01,2,0111,12,3,0,6,1,9,3,10000,0,200,2000,10367,2,1,2,2,3,2,004,0000044857
1010,TUS23073,106,2019,2,12,1,19,02,01,2,0111,13,3,0,6,1,9,0,15000,0,100,0,15100,2,1,2,2,3,2,004,0000044857
1011,TUS23073,106,2019,2,12,1,19,02,01,2,0111,14,3,0,2,1,9,3,20000,0,200,3000,20450,2,1,2,2,3,2,004,0000044857
1012,TUS23201,106,2019,2,13,1,10,03,02,1,0120,01,3,0,2,2,9,4,10500,0,0,33000,13250,2,1,1,1,3,2,003,0000078476
1013,TUS23201,106,2019,2,13,1,10,03,02,1,0120,02,3,0,1,2,9,1,3000,0,0,8000,3667,2,1,2,2,3,0,003,0000078476
1014,TUS23201,106,2019,2,13,1,10,03,02,1,0120,03,3,0,3,2,9,2,9000,0,0,0,9000,2,1,1,2,3,2,003,0000078476
1015,TUS23201,106,2019,2,13,1,10,03,02,1,0120,04,3,0,4,2,9,3,16500,0,0,0,16500,2,1,1,2,3,2,003,0000078476
1016,TUS23201,106,2019,2,13,1,10,03,02,1,0120,05,3,0,4,2,9,2,15500,0,0,0,15500,2,1,1,2,3,2,003,0000078476
1017,TUS23201,106,2019,2,13,1,10,03,02,1,0120,06,3,0,4,2,9,4,40000,0,0,25000,42083,2,1,1,1,3,2,003,0000078476
1018,TUS23201,106,2019,2,13,1,10,03,02,1,0120,07,3,0,5,2,9,1,18000,0,0,0,18000,2,1,1,2,3,2,003,0000078476
1019,TUS23201,106,2019,2,13,1,10,03,02,1,0120,08,3,0,1,2,3,1,6000,0,0,19000,7583,2,1,2,2,3,0,003,0000078476
1020,TUS23201,106,2019,2,13,1,10,03,02,1,0120,09,3,0,3,2,9,1,8000,0,0,6000,8500,2,1,2,2,3,2,003,0000078476
1021,TUS23201,106,2019,2,13,1,10,03,02,1,0120,10,3,0,6,1,9,6,40000,0,0,12000,41000,2,1,1,2,3,2,003,0000078476
1022,TUS23201,106,2019,2,13,1,10,03,02,1,0120,11,3,0,5,2,9,5,4300,0,0,35000,7217,2,1,1,1,3,2,003,0000078476
1023,TUS23201,106,2019,2,13,1,10,03,02,1,0120,12,3,0,6,2,9,2,20000,0,0,0,20000,2,1,1,2,3,2,003,0000078476
1024,TUS23201,106,2019,2,13,1,10,03,02,1,0120,13,3,0,4,2,9,1,15000,0,0,0,15000,2,1,1,2,3,2,003,0000078476
1025,TUS23201,106,2019,2,13,1,10,03,02,1,0120,14,3,0,3,2,9,5,12000,0,0,0,12000,2,1,1,2,3,2,003,0000078476
1026,TUS24004,106,2019,2,11,1,21,01,01,1,0110,01,3,0,4,4,9,3,18000,0,0,40000,21333,2,1,2,2,3,0,004,0000079682
1027,TUS24004,106,2019,2,11,1,21,01,01,1,0110,02,3,0,4,1,2,1,6000,0,200,0,6200,1,1,2,2,3,0,004,0000079682
1028,TUS24004,106,2019,2,11,1,21,01,01,1,0110,03,3,0,5,4,9,2,17000,0,0,20000,18667,2,1,2,2,3,0,004,0000079682
1029,TUS24004,106,2019,2,11,1,21,01,01,1,0110,04,3,0,3,4,9,3,8000,0,0,3000,8250,2,1,2,2,3,0,004,0000079682
1030,TUS24004,106,2019,2,11,1,21,01,01,1,0110,05,3,0,5,4,9,4,18000,4200,0,0,22200,2,1,1,2,3,0,004,0000079682
1031,TUS24004,106,2019,2,11,1,21,01,01,1,0110,06,3,0,4,4,9,2,12000,0,0,0,12000,2,1,2,2,3,0,004,0000079682
1032,TUS24004,106,2019,2,11,1,21,01,01,1,0110,07,3,0,3,4,9,2,15000,0,0,0,15000,2,1,2,2,3,0,004,0000079682
1033,TUS24004,106,2019,2,11,1,21,01,01,1,0110,08,3,0,1,1,2,1,5000,0,0,9000,5750,2,1,2,2,3,0,004,0000079682
1034,TUS24004,106,2019,2,11,1,21,01,01,1,0110,09,3,0,6,4,9,2,15000,0,0,0,15000,2,1,2,2,3,0,004,0000079682
1035,TUS24004,106,2019,2,11,1,21,01,01,1,0110,10,3,0,7,4,9,5,16000,800,0,12000,17800,2,1,1,2,3,2,004,0000079682
1036,TUS24004,106,2019,2,11,1,21,01,01,1,0110,11,3,0,3,4,9,2,15000,0,0,20000,16667,2,1,1,2,3,0,004,0000079682
1037,TUS24004,106,2019,2,11,1,21,01,01,1,0110,12,3,0,3,4,9,1,16500,0,0,25000,18583,2,1,1,3,3,0,004,0000079682
1038,TUS24004,106,2019,2,11,1,21,01,01,1,0110,13,3,0,3,4,9,3,15000,0,0,30000,17500,2,1,2,2,3,2,004,0000079682
1039,TUS24004,106,2019,2,11,1,21,01,01,1,0110,14,3,0,6,4,9,3,35000,0,200,40000,38533,2,1,1,2,3,2,004,0000079682
1040,TUS24088,106,2019,2,12,1,19,02,01,1,0111,01,3,0,1,1,9,1,6500,0,0,6000,7000,1,1,2,2,3,0,004,0000039143
1041,TUS24088,106,2019,2,12,1,19,02,01,1,0111,02,3,0,6,1,2,2,17000,1850,0,6500,19392,2,1,2,2,3,2,004,0000039143
1042,TUS24088,106,2019,2,12,1,19,02,01,1,0111,03,3,0,4,1,9,5,40000,0,0,65000,45417,1,1,1,3,3,2,004,0000039143
1043,TUS24088,106,2019,2,12,1,19,02,01,1,0111,04,3,0,4,1,9,4,32000,0,0,35000,34917,1,1,1,2,3,2,004,0000039143
1044,TUS24088,106,2019,2,12,1,19,02,01,1,0111,05,3,0,4,1,2,2,15000,1250,250,0,16500,2,1,2,2,3,2,004,0000039143
1045,TUS24088,106,2019,2,12,1,19,02,01,1,0111,06,3,0,4,4,9,1,12000,0,0,6000,12500,2,1,2,2,3,2,004,0000039143
1046,TUS24088,106,2019,2,12,1,19,02,01,1,0111,07,3,0,4,1,9,3,20500,0,0,48000,24500,2,1,1,2,3,2,004,0000039143
1047,TUS24088,106,2019,2,12,1,19,02,01,1,0111,08,3,0,6,1,2,4,12500,0,0,12000,13500,2,1,2,2,3,2,004,0000039143
1048,TUS24088,106,2019,2,12,1,19,02,01,1,0111,09,3,0,5,1,3,4,15000,0,0,24000,17000,2,1,2,2,3,2,004,0000039143
1049,TUS24088,106,2019,2,12,1,19,02,01,1,0111,10,3,0,4,1,2,3,18000,0,0,12000,19000,2,1,2,2,3,2,004,0000039143
1050,TUS24088,106,2019,2,12,1,19,02,01,1,0111,11,3,0,5,1,9,6,50000,0,0,150000,62500,2,1,1,3,3,2,004,0000039143
1051,TUS24088,106,2019,2,12,1,19,02,01,1,0111,12,3,0,5,1,9,3,14000,0,0,6000,14500,2,1,2,2,3,2,004,0000039143
1052,TUS24088,106,2019,2,12,1,19,02,01,1,0111,13,3,0,5,1,2,4,10500,0,950,0,11450,1,1,2,2,3,2,004,0000039143
1053,TUS24088,106,2019,2,12,1,19,02,01,1,0111,14,3,0,4,4,1,3,12500,0,1250,75000,20000,2,1,1,2,3,2,004,0000039143
1054,TUS24260,106,2019,2,13,1,15,01,01,1,0121,01,3,0,5,2,9,3,13200,1700,500,33200,18167,2,1,1,2,3,2,003,0000207031
1055,TUS24260,106,2019,2,13,1,15,01,01,1,0121,02,3,0,4,2,9,5,19300,1000,300,87500,27892,2,1,1,2,3,2,003,0000207031
1056,TUS24260,106,2019,2,13,1,15,01,01,1,0121,03,3,0,2,2,9,3,4800,1100,0,5600,6367,2,1,2,2,3,2,003,0000207031
1057,TUS24260,106,2019,2,13,1,15,01,01,1,0121,04,3,0,7,2,9,4,11600,1200,200,75000,19250,2,1,1,2,3,1,003,0000207031
1058,TUS24260,106,2019,2,13,1,15,01,01,1,0121,05,3,0,5,2,9,2,12150,1500,300,66500,19492,2,1,1,2,3,2,003,0000207031
1059,TUS24260,106,2019,2,13,1,15,01,01,1,0121,06,3,0,5,2,9,4,6000,200,500,32400,9400,2,1,2,2,3,1,003,0000207031
1060,TUS24260,106,2019,2,13,1,15,01,01,1,0121,07,3,0,5,2,9,2,12150,1500,300,66500,19492,2,1,1,2,3,2,003,0000207031
1061,TUS24260,106,2019,2,13,1,15,01,01,1,0121,08,3,0,4,2,9,3,5500,150,200,14400,7050,2,1,2,2,3,2,003,0000207031
1062,TUS24260,106,2019,2,13,1,15,01,01,1,0121,09,3,0,4,2,9,4,6200,200,100,6000,7000,2,1,1,2,3,2,003,0000207031
1063,TUS24260,106,2019,2,13,1,15,01,01,1,0121,10,3,0,4,2,9,2,4200,800,100,13730,6244,2,1,2,2,3,2,003,0000207031
1064,TUS24260,106,2019,2,13,1,15,01,01,1,0121,11,3,0,4,2,9,4,6500,200,250,36000,9950,2,1,2,2,3,2,003,0000207031
1065,TUS24260,106,2019,2,13,1,15,01,01,1,0121,12,3,0,5,2,9,3,7000,200,100,24000,9300,2,1,2,2,3,2,003,0000207031
1066,TUS24260,106,2019,2,13,1,15,01,01,1,0121,13,3,0,2,2,9,2,7500,600,150,13100,9342,2,1,2,2,3,2,003,0000207031
1067,TUS24260,106,2019,2,13,1,15,01,01,1,0121,14,3,0,1,2,9,3,1500,100,50,14600,2867,2,1,2,2,3,0,003,0000207031
1068,TUS24285,106,2019,2,12,1,6,01,01,1,0110,01,3,0,1,1,2,1,4000,0,0,0,4000,2,1,2,2,2,0,004,0000133195
1069,TUS24285,106,2019,2,12,1,6,01,01,1,0110,02,3,0,2,1,9,1,9000,0,500,12000,10500,2,1,1,3,3,2,004,0000133195
1070,TUS24285,106,2019,2,12,1,6,01,01,1,0110,03,3,0,4,1,9,2,15000,0,500,30000,18000,2,1,1,3,3,2,004,0000133195
1071,TUS24285,106,2019,2,12,1,6,01,01,1,0110,04,3,0,4,1,9,1,20000,0,500,12000,21500,2,1,1,3,3,2,004,0000133195
1072,TUS24285,106,2019,2,12,1,6,01,01,1,0110,05,3,0,3,1,9,1,9000,0,200,0,9200,2,1,2,2,3,1,004,0000133195
1073,TUS24285,106,2019,2,12,1,6,01,01,1,0110,06,3,0,4,2,9,1,12000,0,0,6000,12500,2,1,2,3,3,2,004,0000133195
1074,TUS24285,106,2019,2,12,1,6,01,01,1,0110,07,3,0,2,1,2,1,10000,0,500,0,10500,2,1,1,3,3,2,004,0000133195
1075,TUS24285,106,2019,2,12,1,6,01,01,1,0110,08,3,0,3,2,9,1,13000,0,500,6000,14000,2,1,1,3,3,2,004,0000133195
1076,TUS24285,106,2019,2,12,1,6,01,01,1,0110,09,3,0,3,2,2,1,13000,0,500,0,13500,2,1,2,2,3,2,004,0000133195
1077,TUS24285,106,2019,2,12,1,6,01,01,1,0110,10,3,0,6,2,2,1,14000,0,500,12000,15500,2,1,2,3,3,2,004,0000133195
1078,TUS24285,106,2019,2,12,1,6,01,01,1,0110,11,3,0,2,1,9,1,8000,0,0,0,8000,2,1,2,2,3,2,004,0000133195
1079,TUS24285,106,2019,2,12,1,6,01,01,1,0110,12,3,0,2,1,2,1,8000,0,0,0,8000,2,1,2,2,3,2,004,0000133195
1080,TUS24285,106,2019,2,12,1,6,01,01,1,0110,13,3,0,2,1,2,1,12000,0,200,0,12200,2,1,1,3,3,2,004,0000133195
1081,TUS24285,106,2019,2,12,1,6,01,01,1,0110,14,3,0,4,2,2,1,15000,0,200,6000,15700,2,1,2,2,3,2,004,0000133195
1082,TUS24606,106,2019,2,11,1,21,03,01,1,0110,01,3,0,3,1,9,4,35000,0,0,0,35000,5,1,1,3,3,2,004,0000196379
1083,TUS24606,106,2019,2,11,1,21,03,01,1,0110,02,3,0,1,1,9,4,1000,0,0,0,1000,2,1,3,3,3,0,004,0000196379
1084,TUS24606,106,2019,2,11,1,21,03,01,1,0110,03,3,0,2,1,9,1,10000,0,0,0,10000,2,1,1,3,3,2,004,0000196379
1085,TUS24606,106,2019,2,11,1,21,03,01,1,0110,04,3,0,3,1,9,4,18500,0,0,0,18500,2,1,1,3,3,2,004,0000196379
1086,TUS24606,106,2019,2,11,1,21,03,01,1,0110,05,3,0,2,1,9,1,12500,0,0,0,12500,2,1,1,3,3,2,004,0000196379
1087,TUS24606,106,2019,2,11,1,21,03,01,1,0110,06,3,0,4,1,9,4,30000,0,0,0,30000,2,1,1,2,3,2,004,0000196379
1088,TUS24606,106,2019,2,11,1,21,03,01,1,0110,07,3,0,2,1,9,3,20000,0,0,100000,28333,2,1,1,3,3,2,004,0000196379
1089,TUS24606,106,2019,2,11,1,21,03,01,1,0110,08,3,0,2,1,9,5,10000,0,0,0,10000,2,1,1,3,3,2,004,0000196379
1090,TUS24606,106,2019,2,11,1,21,03,01,1,0110,09,3,0,3,1,9,4,18500,0,0,0,18500,2,1,1,3,3,2,004,0000196379
1091,TUS24606,106,2019,2,11,1,21,03,01,1,0110,10,3,0,5,1,9,6,20000,0,0,0,20000,2,1,1,2,3,2,004,0000196379
1092,TUS24606,106,2019,2,11,1,21,03,01,1,0110,11,3,0,2,1,9,4,9500,0,0,0,9500,2,1,1,3,3,2,004,0000196379
1093,TUS24606,106,2019,2,11,1,21,03,01,1,0110,12,3,0,1,1,9,3,6500,0,0,0,6500,2,1,1,3,3,0,004,0000196379
1094,TUS24606,106,2019,2,11,1,21,03,01,1,0110,13,3,0,1,1,9,6,8500,0,0,0,8500,2,1,1,3,3,0,004,0000196379
1095,TUS24606,106,2019,2,11,1,21,03,01,1,0110,14,3,0,2,1,9,1,20000,0,0,0,20000,2,1,1,3,3,2,004,0000196379
1096,TUS24841,106,2019,2,11,1,21,03,01,3,0110,01,3,0,5,1,9,1,20000,0,0,22000,21833,2,1,1,2,3,2,004,0000390173
1097,TUS24841,106,2019,2,11,1,21,03,01,3,0110,02,3,0,2,1,9,1,6000,0,0,0,6000,2,1,1,2,3,2,004,0000390173
1098,TUS24841,106,2019,2,11,1,21,03,01,3,0110,03,3,0,1,1,3,1,3000,0,0,5000,3417,2,1,2,2,3,0,004,0000390173
1099,TUS24841,106,2019,2,11,1,21,03,01,3,0110,04,3,0,4,1,9,1,15000,0,0,0,15000,2,1,1,2,3,2,004,0000390173
1100,TUS24841,106,2019,2,11,1,21,03,01,3,0110,05,3,0,3,1,2,1,8000,0,0,0,8000,2,1,1,2,3,2,004,0000390173
1101,TUS24841,106,2019,2,11,1,21,03,01,3,0110,06,3,0,2,2,9,1,30000,0,0,0,30000,2,1,2,2,3,2,004,0000390173
1102,TUS24841,106,2019,2,11,1,21,03,01,3,0110,07,3,0,1,4,9,1,20000,0,0,0,20000,2,1,1,2,3,0,004,0000390173
1103,TUS24841,106,2019,2,11,1,21,03,01,3,0110,08,3,0,5,1,9,1,15000,0,0,0,15000,2,1,1,2,3,2,004,0000390173
1104,TUS24841,106,2019,2,11,1,21,03,01,3,0110,09,3,0,3,1,2,1,5000,0,0,6000,5500,2,1,2,2,3,2,004,0000390173
1105,TUS24841,106,2019,2,11,1,21,03,01,3,0110,10,3,0,3,1,9,3,15000,2000,0,7500,17625,2,1,1,2,3,2,004,0000390173
1106,TUS24841,106,2019,2,11,1,21,03,01,3,0110,11,3,0,3,1,9,1,8000,0,0,0,8000,2,1,2,2,3,2,004,0000390173
1107,TUS24841,106,2019,2,11,1,21,03,01,3,0110,12,3,0,3,1,2,1,10000,0,0,0,10000,2,1,1,2,3,2,004,0000390173
1108,TUS24841,106,2019,2,11,1,21,03,01,3,0110,13,3,0,4,4,9,5,20000,1000,0,0,21000,2,1,1,2,3,2,004,0000390173
1109,TUS24841,106,2019,2,11,1,21,03,01,3,0110,14,3,0,3,1,9,1,10000,0,0,38000,13167,2,1,1,2,3,2,004,0000390173
1110,TUS25209,106,2019,2,12,1,6,01,01,4,0110,01,3,0,2,2,9,1,8000,0,0,0,8000,2,1,2,2,3,2,004,0000064236
1111,TUS25209,106,2019,2,12,1,6,01,01,4,0110,02,3,0,4,2,9,1,15000,0,0,0,15000,2,1,2,2,3,2,004,0000064236
1112,TUS25209,106,2019,2,12,1,6,01,01,4,0110,03,3,0,1,1,9,1,5000,0,0,0,5000,2,1,2,2,3,0,004,0000064236
1113,TUS25209,106,2019,2,12,1,6,01,01,4,0110,04,3,0,6,1,9,1,20000,0,0,0,20000,2,1,1,2,3,2,004,0000064236
1114,TUS25209,106,2019,2,12,1,6,01,01,4,0110,05,3,0,3,1,9,1,20000,0,0,76500,26375,2,1,1,2,3,2,004,0000064236
1115,TUS25209,106,2019,2,12,1,6,01,01,4,0110,06,3,0,4,1,9,1,20000,0,0,0,20000,2,1,1,2,3,2,004,0000064236
1116,TUS25209,106,2019,2,12,1,6,01,01,4,0110,07,3,0,3,1,9,2,15000,200,0,0,15200,2,1,1,2,3,2,004,0000064236
1117,TUS25209,106,2019,2,12,1,6,01,01,4,0110,08,3,0,2,1,9,1,12000,0,0,0,12000,2,1,2,2,3,2,004,0000064236
1118,TUS25209,106,2019,2,12,1,6,01,01,4,0110,09,3,0,4,1,9,1,20000,0,0,0,20000,2,1,1,2,3,2,004,0000064236
1119,TUS25209,106,2019,2,12,1,6,01,01,4,0110,10,3,0,3,1,9,1,20000,0,0,0,20000,2,1,2,2,3,2,004,0000064236
1120,TUS25209,106,2019,2,12,1,6,01,01,4,0110,11,3,0,4,1,9,1,10000,0,0,0,10000,2,1,2,2,3,2,004,0000064236
1121,TUS25209,106,2019,2,12,1,6,01,01,4,0110,12,3,0,2,1,9,1,10000,0,0,0,10000,2,1,1,2,3,2,004,0000064236
1122,TUS25209,106,2019,2,12,1,6,01,01,4,0110,13,3,0,5,1,9,5,20000,5000,0,28000,27333,2,1,1,2,3,2,004,0000064236
1123,TUS25209,106,2019,2,12,1,6,01,01,4,0110,14,3,0,4,1,9,1,20000,0,0,0,20000,2,1,1,2,3,2,004,0000064236
1124,TUS25343,106,2019,2,11,1,21,03,01,2,0110,01,3,0,6,1,9,1,35000,0,0,0,35000,2,1,1,2,3,2,004,0000229970
1125,TUS25343,106,2019,2,11,1,21,03,01,2,0110,02,3,0,3,1,9,1,15000,0,0,0,15000,2,1,1,2,3,0,004,0000229970
1126,TUS25343,106,2019,2,11,1,21,03,01,2,0110,03,3,0,4,1,9,2,30000,2000,0,0,32000,2,1,1,2,3,0,004,0000229970
1127,TUS25343,106,2019,2,11,1,21,03,01,2,0110,04,3,0,2,1,9,1,14000,0,200,0,14200,2,1,2,2,3,0,004,0000229970
1128,TUS25343,106,2019,2,11,1,21,03,01,2,0110,05,3,0,3,1,9,1,7000,0,500,0,7500,2,1,2,2,3,0,004,0000229970
1129,TUS25343,106,2019,2,11,1,21,03,01,2,0110,06,3,0,4,1,9,1,15000,0,0,2500,15208,2,1,1,2,3,0,004,0000229970
1130,TUS25343,106,2019,2,11,1,21,03,01,2,0110,07,3,0,3,1,9,1,28000,0,200,0,28200,2,1,1,2,3,0,004,0000229970
1131,TUS25343,106,2019,2,11,1,21,03,01,2,0110,08,3,0,1,1,9,1,12000,500,0,0,12500,2,1,2,2,3,0,004,0000229970
1132,TUS25343,106,2019,2,11,1,21,03,01,2,0110,09,3,0,4,1,9,1,25000,0,0,0,25000,2,1,1,3,3,0,004,0000229970
1133,TUS25343,106,2019,2,11,1,21,03,01,2,0110,10,3,0,4,2,1,1,25000,0,500,0,25500,2,1,1,2,3,0,004,0000229970
1134,TUS25343,106,2019,2,11,1,21,03,01,2,0110,11,3,0,3,1,9,1,40000,0,0,0,40000,2,1,1,2,3,0,004,0000229970
1135,TUS25343,106,2019,2,11,1,21,03,01,2,0110,12,3,0,4,1,9,1,25000,0,0,0,25000,2,1,2,2,3,0,004,0000229970
1136,TUS25343,106,2019,2,11,1,21,03,01,2,0110,13,3,0,3,1,9,1,30000,0,0,40000,33333,2,1,1,2,3,0,004,0000229970
1137,TUS25343,106,2019,2,11,1,21,03,01,2,0110,14,3,0,1,2,1,1,4000,0,0,0,4000,2,1,2,2,3,0,004,0000229970
1138,TUS26021,106,2019,2,14,1,3,01,01,3,0120,01,3,0,2,6,1,4,11000,0,800,30000,14300,2,1,1,2,3,0,004,0000008896
1139,TUS26021,106,2019,2,14,1,3,01,01,3,0120,02,3,0,4,6,1,3,17000,0,0,18000,18500,2,1,1,2,3,0,004,0000008896
1140,TUS26021,106,2019,2,14,1,3,01,01,3,0120,03,3,0,6,2,9,2,8000,0,1100,6000,9600,2,1,2,2,2,0,004,0000008896
1141,TUS26021,106,2019,2,14,1,3,01,01,3,0120,04,3,0,1,2,9,3,10500,0,0,24000,12500,2,1,3,2,3,0,004,0000008896
1142,TUS26021,106,2019,2,14,1,3,01,01,3,0120,05,3,0,5,6,1,3,13850,0,350,12000,15200,2,1,2,2,3,0,004,0000008896
1143,TUS26021,106,2019,2,14,1,3,01,01,3,0120,06,3,0,4,2,9,3,19600,500,0,18000,21600,2,1,1,2,3,0,004,0000008896
1144,TUS26021,106,2019,2,14,1,3,01,01,3,0120,07,3,0,4,2,9,3,9000,0,0,25000,11083,2,1,2,2,3,0,004,0000008896
1145,TUS26021,106,2019,2,14,1,3,01,01,3,0120,08,3,0,3,2,9,3,12300,0,0,27000,14550,2,1,2,2,3,0,004,0000008896
1146,TUS26021,106,2019,2,14,1,3,01,01,3,0120,09,3,0,4,2,9,2,15300,0,0,40000,18633,2,1,2,2,3,0,004,0000008896
1147,TUS26021,106,2019,2,14,1,3,01,01,3,0120,10,3,0,4,6,1,2,15500,0,0,30000,18000,2,1,2,2,3,0,004,0000008896
1148,TUS26021,106,2019,2,14,1,3,01,01,3,0120,11,3,0,4,2,9,3,13000,0,0,24000,15000,2,1,2,2,2,0,004,0000008896
1149,TUS26021,106,2019,2,14,1,3,01,01,3,0120,12,3,0,4,6,1,2,13600,0,700,15000,15550,2,1,2,2,3,0,004,0000008896
1150,TUS26021,106,2019,2,14,1,3,01,01,3,0120,13,3,0,4,6,1,3,9500,0,0,20000,11167,2,1,2,2,3,0,004,0000008896
1151,TUS26021,106,2019,2,14,1,3,01,01,3,0120,14,3,0,3,1,9,3,15000,0,0,20000,16667,2,1,2,2,3,0,004,0000008896
1152,TUS26069,106,2019,2,13,1,14,02,01,2,0121,01,3,0,3,2,1,3,5000,500,500,15000,7250,2,1,1,2,3,0,003,0000044762
1153,TUS26069,106,2019,2,13,1,14,02,01,2,0121,02,3,0,3,2,1,4,4000,400,500,12000,5900,2,1,1,2,3,0,003,0000044762
1154,TUS26069,106,2019,2,13,1,14,02,01,2,0121,03,3,0,5,2,1,4,6000,600,700,12000,8300,2,1,1,2,3,0,003,0000044762
1155,TUS26069,106,2019,2,13,1,14,02,01,2,0121,04,3,0,4,2,1,4,6000,400,500,15000,8150,2,1,1,2,3,0,003,0000044762
1156,TUS26069,106,2019,2,13,1,14,02,01,2,0121,05,3,0,2,2,1,4,5000,700,300,10000,6833,1,1,1,2,3,0,003,0000044762
1157,TUS26069,106,2019,2,13,1,14,02,01,2,0121,06,3,0,5,2,1,5,6000,600,400,15000,8250,2,1,1,2,3,0,003,0000044762
1158,TUS26069,106,2019,2,13,1,14,02,01,2,0121,07,3,0,3,2,1,5,6000,1000,500,14500,8708,2,1,1,2,3,0,003,0000044762
1159,TUS26069,106,2019,2,13,1,14,02,01,2,0121,08,3,0,6,2,1,4,6000,1000,500,10000,8333,2,1,1,2,3,0,003,0000044762
1160,TUS26069,106,2019,2,13,1,14,02,01,2,0121,09,3,0,5,2,1,3,6000,700,500,15000,8450,2,1,1,2,3,0,003,0000044762
1161,TUS26069,106,2019,2,13,1,14,02,01,2,0121,10,3,0,3,2,2,4,5000,500,500,15000,7250,2,1,1,2,3,0,003,0000044762
1162,TUS26069,106,2019,2,13,1,14,02,01,2,0121,11,3,0,4,2,2,4,6000,400,500,15000,8150,2,1,1,2,3,0,003,0000044762
1163,TUS26069,106,2019,2,13,1,14,02,01,2,0121,12,3,0,6,2,2,4,6000,1000,500,16000,8833,2,1,1,2,3,0,003,0000044762
1164,TUS26069,106,2019,2,13,1,14,02,01,2,0121,13,3,0,3,2,2,4,4000,400,400,14000,5967,2,1,1,2,3,0,003,0000044762
1165,TUS26069,106,2019,2,13,1,14,02,01,2,0121,14,3,0,3,2,2,5,6000,600,300,12000,7900,2,1,1,2,3,0,003,0000044762
