,FSU,Sector,State,District,Stratum,Sub-stratum,Sample HHID,PersonID,Day of the week,Type of the day,Response code,NSC,Multiplier
162439,10026,1,13,1,1,33,1,1,4.0,1.0,1.0,4,30086
162440,10026,1,13,1,1,33,1,2,4.0,1.0,1.0,4,30086
162441,10026,1,13,1,1,33,1,3,4.0,1.0,1.0,4,30086
162442,10026,1,13,1,1,33,1,4,4.0,1.0,1.0,4,30086
162443,10026,1,13,1,1,33,2,1,2.0,1.0,1.0,4,30086
162444,10026,1,13,1,1,33,2,2,2.0,1.0,1.0,4,30086
162445,10026,1,13,1,1,33,3,1,3.0,1.0,1.0,4,30086
162446,10026,1,13,1,1,33,3,2,3.0,1.0,1.0,4,30086
162447,10026,1,13,1,1,33,3,3,3.0,1.0,1.0,4,30086
162448,10026,1,13,1,1,33,4,1,6.0,1.0,1.0,4,30086
162449,10026,1,13,1,1,33,4,2,6.0,1.0,1.0,4,30086
162450,10026,1,13,1,1,33,5,1,3.0,1.0,1.0,4,30086
162451,10026,1,13,1,1,33,5,2,3.0,1.0,1.0,4,30086
162452,10026,1,13,1,1,33,6,1,7.0,2.0,1.0,4,30086
162453,10026,1,13,1,1,33,6,2,7.0,2.0,1.0,4,30086
162454,10026,1,13,1,1,33,6,3,7.0,2.0,1.0,4,30086
162455,10026,1,13,1,1,33,6,4,7.0,2.0,1.0,4,30086
162456,10026,1,13,1,1,33,7,1,5.0,1.0,1.0,4,30086
162457,10026,1,13,1,1,33,7,2,5.0,1.0,1.0,4,30086
162458,10026,1,13,1,1,33,8,1,7.0,2.0,1.0,4,30086
162459,10026,1,13,1,1,33,8,2,7.0,2.0,1.0,4,30086
162460,10026,1,13,1,1,33,8,3,7.0,2.0,1.0,4,30086
162461,10026,1,13,1,1,33,9,1,1.0,1.0,1.0,4,30086
162462,10026,1,13,1,1,33,9,2,1.0,1.0,1.0,4,30086
162463,10026,1,13,1,1,33,9,3,1.0,1.0,1.0,4,30086
162464,10026,1,13,1,1,33,9,4,1.0,1.0,1.0,4,30086
162465,10026,1,13,1,1,33,9,5,1.0,1.0,1.0,4,30086
162466,10026,1,13,1,1,33,9,6,1.0,1.0,1.0,4,30086
162467,10026,1,13,1,1,33,9,7,1.0,1.0,1.0,4,30086
162468,10026,1,13,1,1,33,10,1,1.0,1.0,1.0,4,30086
162469,10026,1,13,1,1,33,10,2,1.0,1.0,1.0,4,30086
162470,10026,1,13,1,1,33,10,3,1.0,1.0,1.0,4,30086
162471,10026,1,13,1,1,33,10,4,1.0,1.0,1.0,4,30086
162472,10026,1,13,1,1,33,10,7,1.0,1.0,1.0,4,30086
162473,10026,1,13,1,1,33,11,1,6.0,1.0,1.0,4,30086
162474,10026,1,13,1,1,33,12,1,4.0,1.0,1.0,4,30086
162475,10026,1,13,1,1,33,13,1,2.0,1.0,1.0,4,30086
162476,10026,1,13,1,1,33,13,2,2.0,1.0,1.0,4,30086
162477,10026,1,13,1,1,33,13,3,2.0,1.0,1.0,4,30086
162478,10026,1,13,1,1,33,14,1,5.0,1.0,1.0,4,30086
162479,10026,1,13,1,1,33,14,2,5.0,1.0,1.0,4,30086
162480,10026,1,13,1,1,33,14,3,5.0,1.0,1.0,4,30086
162481,10290,1,13,5,1,35,1,1,2.0,1.0,1.0,4,70307
162482,10290,1,13,5,1,35,1,2,2.0,1.0,1.0,4,70307
162483,10290,1,13,5,1,35,1,3,2.0,1.0,1.0,4,70307
162484,10290,1,13,5,1,35,1,4,2.0,1.0,1.0,4,70307
162485,10290,1,13,5,1,35,2,1,2.0,1.0,1.0,4,70307
162486,10290,1,13,5,1,35,2,2,2.0,1.0,1.0,4,70307
162487,10290,1,13,5,1,35,3,1,3.0,1.0,1.0,4,70307
162488,10290,1,13,5,1,35,3,2,3.0,1.0,1.0,4,70307
162489,10290,1,13,5,1,35,4,1,3.0,1.0,1.0,4,70307
162490,10290,1,13,5,1,35,4,2,3.0,1.0,1.0,4,70307
162491,10290,1,13,5,1,35,4,3,3.0,1.0,1.0,4,70307
162492,10290,1,13,5,1,35,5,1,4.0,1.0,1.0,4,70307
162493,10290,1,13,5,1,35,5,2,4.0,1.0,1.0,4,70307
162494,10290,1,13,5,1,35,6,1,4.0,1.0,1.0,4,70307
162495,10290,1,13,5,1,35,6,2,4.0,1.0,1.0,4,70307
162496,10290,1,13,5,1,35,6,3,4.0,1.0,1.0,4,70307
162497,10290,1,13,5,1,35,7,1,5.0,1.0,1.0,4,70307
162498,10290,1,13,5,1,35,7,2,5.0,1.0,1.0,4,70307
162499,10290,1,13,5,1,35,7,3,5.0,1.0,1.0,4,70307
162500,10290,1,13,5,1,35,8,1,5.0,1.0,1.0,4,70307
162501,10290,1,13,5,1,35,9,1,6.0,2.0,1.0,4,70307
162502,10290,1,13,5,1,35,9,2,6.0,2.0,1.0,4,70307
162503,10290,1,13,5,1,35,9,3,6.0,2.0,1.0,4,70307
162504,10290,1,13,5,1,35,9,4,6.0,2.0,1.0,4,70307
162505,10290,1,13,5,1,35,10,1,6.0,1.0,1.0,4,70307
162506,10290,1,13,5,1,35,11,1,7.0,2.0,1.0,4,70307
162507,10290,1,13,5,1,35,11,2,7.0,2.0,1.0,4,70307
162508,10290,1,13,5,1,35,11,3,7.0,2.0,1.0,4,70307
162509,10290,1,13,5,1,35,12,1,7.0,2.0,1.0,4,70307
162510,10290,1,13,5,1,35,12,2,7.0,2.0,1.0,4,70307
162511,10290,1,13,5,1,35,13,1,1.0,1.0,1.0,4,70307
162512,10290,1,13,5,1,35,13,2,1.0,1.0,1.0,4,70307
162513,10290,1,13,5,1,35,14,1,1.0,1.0,1.0,4,70307
162514,10290,1,13,5,1,35,14,2,1.0,1.0,1.0,4,70307
162515,10310,1,13,11,1,40,1,1,5.0,2.0,1.0,4,128018
162516,10310,1,13,11,1,40,1,2,5.0,1.0,1.0,4,128018
162517,10310,1,13,11,1,40,1,3,5.0,1.0,1.0,4,128018
162518,10310,1,13,11,1,40,2,1,5.0,1.0,1.0,4,128018
162519,10310,1,13,11,1,40,3,1,6.0,1.0,1.0,4,128018
162520,10310,1,13,11,1,40,3,2,6.0,1.0,1.0,4,128018
162521,10310,1,13,11,1,40,3,3,6.0,1.0,1.0,4,128018
162522,10310,1,13,11,1,40,4,1,6.0,1.0,1.0,4,128018
162523,10310,1,13,11,1,40,4,2,6.0,1.0,1.0,4,128018
162524,10310,1,13,11,1,40,5,1,7.0,2.0,1.0,4,128018
162525,10310,1,13,11,1,40,5,2,7.0,2.0,1.0,4,128018
162526,10310,1,13,11,1,40,5,3,7.0,2.0,1.0,4,128018
162527,10310,1,13,11,1,40,6,1,7.0,2.0,1.0,4,128018
162528,10310,1,13,11,1,40,6,2,7.0,2.0,1.0,4,128018
162529,10310,1,13,11,1,40,6,3,7.0,2.0,1.0,4,128018
162530,10310,1,13,11,1,40,7,1,1.0,1.0,1.0,4,128018
162531,10310,1,13,11,1,40,7,2,1.0,1.0,1.0,4,128018
162532,10310,1,13,11,1,40,8,1,1.0,1.0,1.0,4,128018
162533,10310,1,13,11,1,40,8,2,1.0,1.0,1.0,4,128018
162534,10310,1,13,11,1,40,8,3,1.0,1.0,1.0,4,128018
162535,10310,1,13,11,1,40,8,4,1.0,1.0,1.0,4,128018
162536,10310,1,13,11,1,40,9,1,2.0,1.0,1.0,4,128018
162537,10310,1,13,11,1,40,9,2,2.0,1.0,1.0,4,128018
162538,10310,1,13,11,1,40,10,1,2.0,1.0,1.0,4,128018
162539,10310,1,13,11,1,40,10,2,2.0,1.0,1.0,4,128018
162540,10310,1,13,11,1,40,10,3,2.0,1.0,1.0,4,128018
162541,10310,1,13,11,1,40,10,4,2.0,1.0,1.0,4,128018
162542,10310,1,13,11,1,40,11,1,3.0,1.0,1.0,4,128018
162543,10310,1,13,11,1,40,12,1,3.0,1.0,1.0,4,128018
162544,10310,1,13,11,1,40,12,2,3.0,1.0,1.0,4,128018
162545,10310,1,13,11,1,40,13,1,4.0,1.0,1.0,4,128018
162546,10310,1,13,11,1,40,13,2,4.0,1.0,1.0,4,128018
162547,10310,1,13,11,1,40,13,3,4.0,1.0,1.0,4,128018
162548,10310,1,13,11,1,40,14,1,4.0,1.0,1.0,4,128018
162549,10310,1,13,11,1,40,14,2,4.0,1.0,1.0,4,128018
162550,10310,1,13,11,1,40,14,3,4.0,1.0,1.0,4,128018
162551,10546,1,13,7,1,34,1,1,5.0,1.0,1.0,4,41914
162552,10546,1,13,7,1,34,1,2,5.0,1.0,1.0,4,41914
162553,10546,1,13,7,1,34,2,1,5.0,1.0,1.0,4,41914
162554,10546,1,13,7,1,34,2,2,5.0,1.0,1.0,4,41914
162555,10546,1,13,7,1,34,3,1,6.0,1.0,1.0,4,41914
162556,10546,1,13,7,1,34,3,2,6.0,1.0,1.0,4,41914
162557,10546,1,13,7,1,34,3,3,6.0,1.0,1.0,4,41914
162558,10546,1,13,7,1,34,4,1,6.0,2.0,1.0,4,41914
162559,10546,1,13,7,1,34,4,2,6.0,2.0,1.0,4,41914
162560,10546,1,13,7,1,34,4,3,6.0,2.0,1.0,4,41914
162561,10546,1,13,7,1,34,5,1,7.0,1.0,1.0,4,41914
162562,10546,1,13,7,1,34,5,2,7.0,1.0,1.0,4,41914
162563,10546,1,13,7,1,34,6,1,7.0,1.0,1.0,4,41914
162564,10546,1,13,7,1,34,6,2,7.0,1.0,1.0,4,41914
162565,10546,1,13,7,1,34,7,1,2.0,1.0,1.0,4,41914
162566,10546,1,13,7,1,34,7,2,2.0,1.0,1.0,4,41914
162567,10546,1,13,7,1,34,7,3,2.0,1.0,1.0,4,41914
162568,10546,1,13,7,1,34,8,1,1.0,1.0,1.0,4,41914
162569,10546,1,13,7,1,34,9,1,2.0,1.0,1.0,4,41914
162570,10546,1,13,7,1,34,9,2,2.0,1.0,1.0,4,41914
162571,10546,1,13,7,1,34,9,3,2.0,1.0,1.0,4,41914
162572,10546,1,13,7,1,34,10,1,2.0,1.0,1.0,4,41914
162573,10546,1,13,7,1,34,11,1,3.0,1.0,1.0,4,41914
162574,10546,1,13,7,1,34,12,1,3.0,1.0,1.0,4,41914
162575,10546,1,13,7,1,34,12,2,3.0,1.0,1.0,4,41914
162576,10546,1,13,7,1,34,13,1,4.0,1.0,1.0,4,41914
162577,10546,1,13,7,1,34,14,1,4.0,1.0,1.0,4,41914
162578,10906,1,13,1,1,36,1,1,2.0,1.0,1.0,4,39161
162579,10906,1,13,1,1,36,1,2,2.0,1.0,1.0,4,39161
162580,10906,1,13,1,1,36,1,3,2.0,1.0,1.0,4,39161
162581,10906,1,13,1,1,36,1,4,2.0,1.0,1.0,4,39161
162582,10906,1,13,1,1,36,1,5,2.0,1.0,1.0,4,39161
162583,10906,1,13,1,1,36,2,1,2.0,1.0,1.0,4,39161
162584,10906,1,13,1,1,36,2,2,2.0,1.0,1.0,4,39161
162585,10906,1,13,1,1,36,2,3,2.0,1.0,1.0,4,39161
162586,10906,1,13,1,1,36,3,1,3.0,1.0,1.0,4,39161
162587,10906,1,13,1,1,36,3,2,3.0,1.0,1.0,4,39161
162588,10906,1,13,1,1,36,3,3,3.0,1.0,1.0,4,39161
162589,10906,1,13,1,1,36,3,4,3.0,1.0,1.0,4,39161
162590,10906,1,13,1,1,36,4,1,3.0,1.0,1.0,4,39161
162591,10906,1,13,1,1,36,4,2,3.0,1.0,1.0,4,39161
162592,10906,1,13,1,1,36,5,1,4.0,1.0,1.0,4,39161
162593,10906,1,13,1,1,36,5,2,4.0,1.0,1.0,4,39161
162594,10906,1,13,1,1,36,5,3,4.0,1.0,1.0,4,39161
162595,10906,1,13,1,1,36,5,4,4.0,1.0,1.0,4,39161
162596,10906,1,13,1,1,36,6,1,4.0,1.0,1.0,4,39161
162597,10906,1,13,1,1,36,6,2,4.0,1.0,1.0,4,39161
162598,10906,1,13,1,1,36,7,1,5.0,1.0,1.0,4,39161
162599,10906,1,13,1,1,36,8,1,5.0,1.0,1.0,4,39161
162600,10906,1,13,1,1,36,8,2,5.0,1.0,1.0,4,39161
162601,10906,1,13,1,1,36,8,3,5.0,1.0,1.0,4,39161
162602,10906,1,13,1,1,36,8,4,5.0,1.0,1.0,4,39161
162603,10906,1,13,1,1,36,9,1,6.0,1.0,1.0,4,39161
162604,10906,1,13,1,1,36,9,2,6.0,1.0,1.0,4,39161
162605,10906,1,13,1,1,36,10,1,6.0,1.0,1.0,4,39161
162606,10906,1,13,1,1,36,10,2,6.0,1.0,1.0,4,39161
162607,10906,1,13,1,1,36,11,1,7.0,2.0,1.0,4,39161
162608,10906,1,13,1,1,36,11,2,7.0,2.0,1.0,4,39161
162609,10906,1,13,1,1,36,12,1,7.0,2.0,1.0,4,39161
162610,10906,1,13,1,1,36,12,2,7.0,2.0,1.0,4,39161
162611,10906,1,13,1,1,36,12,3,7.0,2.0,1.0,4,39161
162612,10906,1,13,1,1,36,12,4,7.0,2.0,1.0,4,39161
162613,10906,1,13,1,1,36,13,1,1.0,1.0,1.0,4,39161
162614,10906,1,13,1,1,36,13,2,1.0,1.0,1.0,4,39161
162615,10906,1,13,1,1,36,13,3,1.0,1.0,1.0,4,39161
162616,10906,1,13,1,1,36,14,1,1.0,1.0,1.0,4,39161
162617,10906,1,13,1,1,36,14,2,1.0,1.0,1.0,4,39161
162618,10906,1,13,1,1,36,14,3,1.0,1.0,1.0,4,39161
162619,10906,1,13,1,1,36,14,4,1.0,1.0,1.0,4,39161
162620,11117,1,13,10,1,38,1,1,7.0,2.0,1.0,4,54096
162621,11117,1,13,10,1,38,1,2,7.0,2.0,1.0,4,54096
162622,11117,1,13,10,1,38,1,3,7.0,2.0,1.0,4,54096
162623,11117,1,13,10,1,38,2,1,7.0,2.0,1.0,4,54096
162624,11117,1,13,10,1,38,2,2,7.0,2.0,1.0,4,54096
162625,11117,1,13,10,1,38,3,1,1.0,1.0,1.0,4,54096
162626,11117,1,13,10,1,38,3,2,1.0,1.0,1.0,4,54096
162627,11117,1,13,10,1,38,3,3,1.0,1.0,1.0,4,54096
162628,11117,1,13,10,1,38,3,4,1.0,1.0,1.0,4,54096
162629,11117,1,13,10,1,38,4,1,1.0,1.0,1.0,4,54096
162630,11117,1,13,10,1,38,5,1,2.0,1.0,1.0,4,54096
162631,11117,1,13,10,1,38,5,2,2.0,1.0,1.0,4,54096
162632,11117,1,13,10,1,38,5,3,2.0,1.0,1.0,4,54096
162633,11117,1,13,10,1,38,6,1,2.0,1.0,1.0,4,54096
162634,11117,1,13,10,1,38,6,2,2.0,1.0,1.0,4,54096
162635,11117,1,13,10,1,38,6,3,2.0,1.0,1.0,4,54096
162636,11117,1,13,10,1,38,7,1,3.0,1.0,1.0,4,54096
162637,11117,1,13,10,1,38,8,1,3.0,1.0,1.0,4,54096
162638,11117,1,13,10,1,38,8,2,3.0,1.0,1.0,4,54096
162639,11117,1,13,10,1,38,9,1,4.0,1.0,1.0,4,54096
162640,11117,1,13,10,1,38,9,2,4.0,1.0,1.0,4,54096
162641,11117,1,13,10,1,38,9,3,4.0,1.0,1.0,4,54096
162642,11117,1,13,10,1,38,10,1,4.0,1.0,1.0,4,54096
162643,11117,1,13,10,1,38,11,1,5.0,1.0,1.0,4,54096
162644,11117,1,13,10,1,38,11,2,5.0,1.0,1.0,4,54096
162645,11117,1,13,10,1,38,11,3,5.0,1.0,1.0,4,54096
162646,11117,1,13,10,1,38,11,4,5.0,1.0,1.0,4,54096
162647,11117,1,13,10,1,38,12,1,5.0,1.0,1.0,4,54096
162648,11117,1,13,10,1,38,12,2,5.0,1.0,1.0,4,54096
162649,11117,1,13,10,1,38,13,1,6.0,1.0,1.0,4,54096
162650,11117,1,13,10,1,38,13,2,6.0,1.0,1.0,4,54096
162651,11117,1,13,10,1,38,14,1,6.0,1.0,1.0,4,54096
162652,11117,1,13,10,1,38,14,2,6.0,1.0,1.0,4,54096
162653,11117,1,13,10,1,38,14,3,6.0,1.0,1.0,4,54096
162654,11405,1,13,10,1,35,1,1,5.0,1.0,1.0,4,58286
162655,11405,1,13,10,1,35,1,2,5.0,1.0,1.0,4,58286
162656,11405,1,13,10,1,35,1,3,5.0,1.0,1.0,4,58286
162657,11405,1,13,10,1,35,2,1,5.0,1.0,1.0,4,58286
162658,11405,1,13,10,1,35,2,2,5.0,1.0,1.0,4,58286
162659,11405,1,13,10,1,35,3,1,6.0,1.0,1.0,4,58286
162660,11405,1,13,10,1,35,3,2,6.0,1.0,1.0,4,58286
162661,11405,1,13,10,1,35,4,1,6.0,1.0,1.0,4,58286
162662,11405,1,13,10,1,35,4,2,6.0,1.0,1.0,4,58286
162663,11405,1,13,10,1,35,4,3,6.0,1.0,1.0,4,58286
162664,11405,1,13,10,1,35,5,1,7.0,2.0,1.0,4,58286
162665,11405,1,13,10,1,35,6,1,7.0,2.0,1.0,4,58286
162666,11405,1,13,10,1,35,7,1,1.0,1.0,1.0,4,58286
162667,11405,1,13,10,1,35,7,2,1.0,1.0,1.0,4,58286
162668,11405,1,13,10,1,35,7,3,1.0,1.0,1.0,4,58286
162669,11405,1,13,10,1,35,7,4,1.0,1.0,1.0,4,58286
162670,11405,1,13,10,1,35,8,1,2.0,1.0,1.0,4,58286
162671,11405,1,13,10,1,35,8,2,2.0,1.0,1.0,4,58286
162672,11405,1,13,10,1,35,8,3,2.0,1.0,1.0,4,58286
162673,11405,1,13,10,1,35,9,1,3.0,1.0,1.0,4,58286
162674,11405,1,13,10,1,35,9,2,3.0,1.0,1.0,4,58286
162675,11405,1,13,10,1,35,10,1,3.0,1.0,1.0,4,58286
162676,11405,1,13,10,1,35,10,2,3.0,1.0,1.0,4,58286
162677,11405,1,13,10,1,35,10,3,3.0,1.0,1.0,4,58286
162678,11405,1,13,10,1,35,11,1,3.0,1.0,1.0,4,58286
162679,11405,1,13,10,1,35,11,2,3.0,1.0,1.0,4,58286
162680,11405,1,13,10,1,35,12,1,4.0,1.0,1.0,4,58286
162681,11405,1,13,10,1,35,12,2,4.0,1.0,1.0,4,58286
162682,11405,1,13,10,1,35,13,1,4.0,1.0,1.0,4,58286
162683,11405,1,13,10,1,35,13,2,4.0,1.0,1.0,4,58286
162684,11405,1,13,10,1,35,13,3,4.0,1.0,1.0,4,58286
162685,11405,1,13,10,1,35,14,1,4.0,1.0,1.0,4,58286
162686,11578,1,13,5,1,39,1,1,4.0,1.0,1.0,4,36207
162687,11578,1,13,5,1,39,1,2,4.0,1.0,1.0,4,36207
162688,11578,1,13,5,1,39,2,1,4.0,1.0,1.0,4,36207
162689,11578,1,13,5,1,39,2,2,4.0,1.0,1.0,4,36207
162690,11578,1,13,5,1,39,3,1,5.0,1.0,1.0,4,36207
162691,11578,1,13,5,1,39,3,2,5.0,1.0,1.0,4,36207
162692,11578,1,13,5,1,39,3,3,5.0,1.0,1.0,4,36207
162693,11578,1,13,5,1,39,3,4,5.0,1.0,1.0,4,36207
162694,11578,1,13,5,1,39,4,1,5.0,1.0,1.0,4,36207
162695,11578,1,13,5,1,39,4,2,5.0,1.0,1.0,4,36207
162696,11578,1,13,5,1,39,4,3,5.0,1.0,1.0,4,36207
162697,11578,1,13,5,1,39,4,4,5.0,1.0,1.0,4,36207
162698,11578,1,13,5,1,39,5,1,6.0,1.0,1.0,4,36207
162699,11578,1,13,5,1,39,5,2,6.0,1.0,1.0,4,36207
162700,11578,1,13,5,1,39,5,3,6.0,1.0,1.0,4,36207
162701,11578,1,13,5,1,39,5,4,6.0,1.0,1.0,4,36207
162702,11578,1,13,5,1,39,6,1,6.0,1.0,1.0,4,36207
162703,11578,1,13,5,1,39,6,2,6.0,1.0,1.0,4,36207
162704,11578,1,13,5,1,39,6,3,6.0,1.0,1.0,4,36207
162705,11578,1,13,5,1,39,7,1,7.0,1.0,1.0,4,36207
162706,11578,1,13,5,1,39,8,1,7.0,1.0,1.0,4,36207
162707,11578,1,13,5,1,39,9,1,1.0,1.0,1.0,4,36207
162708,11578,1,13,5,1,39,9,2,1.0,1.0,1.0,4,36207
162709,11578,1,13,5,1,39,9,3,1.0,1.0,1.0,4,36207
162710,11578,1,13,5,1,39,10,1,1.0,1.0,1.0,4,36207
162711,11578,1,13,5,1,39,10,2,1.0,1.0,1.0,4,36207
162712,11578,1,13,5,1,39,11,1,2.0,1.0,1.0,4,36207
162713,11578,1,13,5,1,39,11,2,2.0,1.0,1.0,4,36207
162714,11578,1,13,5,1,39,11,3,2.0,1.0,1.0,4,36207
162715,11578,1,13,5,1,39,12,1,2.0,1.0,1.0,4,36207
162716,11578,1,13,5,1,39,12,2,2.0,1.0,1.0,4,36207
162717,11578,1,13,5,1,39,13,1,3.0,1.0,1.0,4,36207
162718,11578,1,13,5,1,39,13,2,3.0,1.0,1.0,4,36207
162719,11578,1,13,5,1,39,13,3,3.0,1.0,1.0,4,36207
162720,11578,1,13,5,1,39,13,4,3.0,1.0,1.0,4,36207
162721,11578,1,13,5,1,39,13,5,3.0,1.0,1.0,4,36207
162722,11578,1,13,5,1,39,14,1,3.0,1.0,1.0,4,36207
162723,11578,1,13,5,1,39,14,2,3.0,1.0,1.0,4,36207
162724,11672,1,13,2,1,32,1,1,2.0,2.0,1.0,4,39543
162725,11672,1,13,2,1,32,1,2,2.0,2.0,1.0,4,39543
162726,11672,1,13,2,1,32,2,1,2.0,1.0,1.0,4,39543
162727,11672,1,13,2,1,32,3,1,4.0,1.0,1.0,4,39543
162728,11672,1,13,2,1,32,3,2,4.0,1.0,1.0,4,39543
162729,11672,1,13,2,1,32,4,1,3.0,1.0,1.0,4,39543
162730,11672,1,13,2,1,32,4,2,3.0,1.0,1.0,4,39543
162731,11672,1,13,2,1,32,5,1,4.0,1.0,1.0,4,39543
162732,11672,1,13,2,1,32,6,1,4.0,1.0,1.0,4,39543
162733,11672,1,13,2,1,32,6,2,4.0,1.0,1.0,4,39543
162734,11672,1,13,2,1,32,6,3,4.0,1.0,1.0,4,39543
162735,11672,1,13,2,1,32,7,1,5.0,1.0,1.0,4,39543
162736,11672,1,13,2,1,32,7,2,5.0,1.0,1.0,4,39543
162737,11672,1,13,2,1,32,7,3,5.0,1.0,1.0,4,39543
162738,11672,1,13,2,1,32,8,1,5.0,2.0,1.0,4,39543
162739,11672,1,13,2,1,32,8,2,5.0,2.0,1.0,4,39543
162740,11672,1,13,2,1,32,9,1,6.0,1.0,1.0,4,39543
162741,11672,1,13,2,1,32,9,2,6.0,1.0,1.0,4,39543
162742,11672,1,13,2,1,32,9,3,6.0,1.0,1.0,4,39543
162743,11672,1,13,2,1,32,10,1,6.0,1.0,1.0,4,39543
162744,11672,1,13,2,1,32,10,2,6.0,1.0,1.0,4,39543
162745,11672,1,13,2,1,32,10,3,6.0,1.0,1.0,4,39543
162746,11672,1,13,2,1,32,10,4,6.0,1.0,1.0,4,39543
162747,11672,1,13,2,1,32,10,5,6.0,1.0,1.0,4,39543
162748,11672,1,13,2,1,32,11,1,7.0,1.0,1.0,4,39543
162749,11672,1,13,2,1,32,11,2,7.0,1.0,1.0,4,39543
162750,11672,1,13,2,1,32,12,1,7.0,1.0,1.0,4,39543
162751,11672,1,13,2,1,32,13,1,1.0,1.0,1.0,4,39543
162752,11672,1,13,2,1,32,13,2,1.0,2.0,1.0,4,39543
162753,11672,1,13,2,1,32,13,3,1.0,1.0,1.0,4,39543
162754,11672,1,13,2,1,32,13,4,1.0,1.0,1.0,4,39543
162755,11672,1,13,2,1,32,14,1,1.0,1.0,1.0,4,39543
162756,11672,1,13,2,1,32,14,2,1.0,1.0,1.0,4,39543
162757,11672,1,13,2,1,32,14,3,1.0,1.0,1.0,4,39543
162758,11859,1,13,3,1,32,1,1,2.0,1.0,1.0,4,112464
162759,11859,1,13,3,1,32,1,2,2.0,1.0,1.0,4,112464
162760,11859,1,13,3,1,32,1,3,2.0,1.0,1.0,4,112464
162761,11859,1,13,3,1,32,2,1,2.0,1.0,1.0,4,112464
162762,11859,1,13,3,1,32,3,1,3.0,1.0,1.0,4,112464
162763,11859,1,13,3,1,32,3,2,3.0,1.0,1.0,4,112464
162764,11859,1,13,3,1,32,3,3,3.0,1.0,1.0,4,112464
162765,11859,1,13,3,1,32,4,1,3.0,1.0,1.0,4,112464
162766,11859,1,13,3,1,32,4,2,3.0,1.0,1.0,4,112464
162767,11859,1,13,3,1,32,5,1,4.0,1.0,1.0,4,112464
162768,11859,1,13,3,1,32,5,2,4.0,1.0,1.0,4,112464
162769,11859,1,13,3,1,32,6,1,4.0,1.0,1.0,4,112464
162770,11859,1,13,3,1,32,6,2,4.0,1.0,1.0,4,112464
162771,11859,1,13,3,1,32,6,3,4.0,1.0,1.0,4,112464
162772,11859,1,13,3,1,32,7,1,5.0,1.0,1.0,4,112464
162773,11859,1,13,3,1,32,8,1,5.0,1.0,1.0,4,112464
162774,11859,1,13,3,1,32,8,2,5.0,1.0,1.0,4,112464
162775,11859,1,13,3,1,32,8,3,5.0,1.0,1.0,4,112464
162776,11859,1,13,3,1,32,9,1,6.0,1.0,1.0,4,112464
162777,11859,1,13,3,1,32,9,2,6.0,1.0,1.0,4,112464
162778,11859,1,13,3,1,32,10,1,6.0,1.0,1.0,4,112464
162779,11859,1,13,3,1,32,10,2,6.0,1.0,1.0,4,112464
162780,11859,1,13,3,1,32,10,3,6.0,1.0,1.0,4,112464
162781,11859,1,13,3,1,32,11,1,7.0,2.0,1.0,4,112464
162782,11859,1,13,3,1,32,12,1,1.0,1.0,1.0,4,112464
162783,11859,1,13,3,1,32,12,2,1.0,1.0,1.0,4,112464
162784,11859,1,13,3,1,32,12,3,1.0,1.0,1.0,4,112464
162785,11859,1,13,3,1,32,12,4,1.0,1.0,1.0,4,112464
162786,11859,1,13,3,1,32,13,1,1.0,1.0,1.0,4,112464
162787,11859,1,13,3,1,32,13,2,1.0,1.0,1.0,4,112464
162788,11859,1,13,3,1,32,14,1,1.0,1.0,1.0,4,112464
162789,11873,1,13,10,1,31,1,1,1.0,1.0,1.0,4,30600
162790,11873,1,13,10,1,31,1,2,1.0,1.0,1.0,4,30600
162791,11873,1,13,10,1,31,1,3,1.0,1.0,1.0,4,30600
162792,11873,1,13,10,1,31,1,4,1.0,1.0,1.0,4,30600
162793,11873,1,13,10,1,31,2,1,1.0,1.0,1.0,4,30600
162794,11873,1,13,10,1,31,2,2,1.0,1.0,1.0,4,30600
162795,11873,1,13,10,1,31,3,1,2.0,1.0,1.0,4,30600
162796,11873,1,13,10,1,31,3,2,2.0,1.0,1.0,4,30600
162797,11873,1,13,10,1,31,4,1,2.0,1.0,1.0,4,30600
162798,11873,1,13,10,1,31,4,2,2.0,1.0,1.0,4,30600
162799,11873,1,13,10,1,31,4,3,2.0,1.0,1.0,4,30600
162800,11873,1,13,10,1,31,4,4,2.0,1.0,1.0,4,30600
162801,11873,1,13,10,1,31,5,1,3.0,1.0,1.0,4,30600
162802,11873,1,13,10,1,31,5,2,3.0,1.0,1.0,4,30600
162803,11873,1,13,10,1,31,5,3,3.0,1.0,1.0,4,30600
162804,11873,1,13,10,1,31,6,1,3.0,1.0,1.0,4,30600
162805,11873,1,13,10,1,31,6,2,3.0,1.0,1.0,4,30600
162806,11873,1,13,10,1,31,7,1,4.0,1.0,1.0,4,30600
162807,11873,1,13,10,1,31,7,2,4.0,1.0,1.0,4,30600
162808,11873,1,13,10,1,31,8,1,4.0,1.0,1.0,4,30600
162809,11873,1,13,10,1,31,8,2,4.0,1.0,1.0,4,30600
162810,11873,1,13,10,1,31,8,3,4.0,1.0,1.0,4,30600
162811,11873,1,13,10,1,31,9,1,4.0,1.0,1.0,4,30600
162812,11873,1,13,10,1,31,9,2,4.0,1.0,1.0,4,30600
162813,11873,1,13,10,1,31,9,3,4.0,1.0,1.0,4,30600
162814,11873,1,13,10,1,31,10,1,5.0,1.0,1.0,4,30600
162815,11873,1,13,10,1,31,10,2,5.0,1.0,1.0,4,30600
162816,11873,1,13,10,1,31,10,3,5.0,1.0,1.0,4,30600
162817,11873,1,13,10,1,31,11,1,6.0,1.0,1.0,4,30600
162818,11873,1,13,10,1,31,11,2,6.0,1.0,1.0,4,30600
162819,11873,1,13,10,1,31,11,3,6.0,1.0,1.0,4,30600
162820,11873,1,13,10,1,31,11,4,6.0,1.0,1.0,4,30600
162821,11873,1,13,10,1,31,12,1,6.0,1.0,1.0,4,30600
162822,11873,1,13,10,1,31,12,2,6.0,1.0,1.0,4,30600
162823,11873,1,13,10,1,31,13,1,7.0,2.0,1.0,4,30600
162824,11873,1,13,10,1,31,13,2,7.0,2.0,1.0,4,30600
162825,11873,1,13,10,1,31,14,1,7.0,2.0,1.0,4,30600
162826,11873,1,13,10,1,31,14,2,7.0,2.0,1.0,4,30600
162827,11873,1,13,10,1,31,14,3,7.0,2.0,1.0,4,30600
162828,11909,1,13,7,1,37,1,1,1.0,1.0,1.0,4,38614
162829,11909,1,13,7,1,37,1,2,1.0,1.0,1.0,4,38614
162830,11909,1,13,7,1,37,1,3,1.0,1.0,1.0,4,38614
162831,11909,1,13,7,1,37,1,4,1.0,1.0,1.0,4,38614
162832,11909,1,13,7,1,37,2,1,1.0,1.0,1.0,4,38614
162833,11909,1,13,7,1,37,2,2,1.0,1.0,1.0,4,38614
162834,11909,1,13,7,1,37,3,1,2.0,1.0,1.0,4,38614
162835,11909,1,13,7,1,37,3,2,2.0,1.0,1.0,4,38614
162836,11909,1,13,7,1,37,3,3,2.0,1.0,1.0,4,38614
162837,11909,1,13,7,1,37,3,4,2.0,1.0,1.0,4,38614
162838,11909,1,13,7,1,37,3,5,2.0,1.0,1.0,4,38614
162839,11909,1,13,7,1,37,3,6,2.0,1.0,1.0,4,38614
162840,11909,1,13,7,1,37,3,7,2.0,1.0,1.0,4,38614
162841,11909,1,13,7,1,37,3,8,2.0,1.0,1.0,4,38614
162842,11909,1,13,7,1,37,4,1,2.0,1.0,1.0,4,38614
162843,11909,1,13,7,1,37,5,1,3.0,1.0,1.0,4,38614
162844,11909,1,13,7,1,37,5,2,3.0,1.0,1.0,4,38614
162845,11909,1,13,7,1,37,6,1,3.0,1.0,1.0,4,38614
162846,11909,1,13,7,1,37,6,2,3.0,1.0,1.0,4,38614
162847,11909,1,13,7,1,37,6,3,3.0,1.0,1.0,4,38614
162848,11909,1,13,7,1,37,7,1,4.0,1.0,1.0,4,38614
162849,11909,1,13,7,1,37,7,2,4.0,1.0,1.0,4,38614
162850,11909,1,13,7,1,37,7,3,4.0,1.0,1.0,4,38614
162851,11909,1,13,7,1,37,8,1,4.0,1.0,1.0,4,38614
162852,11909,1,13,7,1,37,8,2,4.0,1.0,1.0,4,38614
162853,11909,1,13,7,1,37,8,3,4.0,1.0,1.0,4,38614
162854,11909,1,13,7,1,37,8,4,4.0,1.0,1.0,4,38614
162855,11909,1,13,7,1,37,9,1,5.0,1.0,1.0,4,38614
162856,11909,1,13,7,1,37,9,2,5.0,1.0,1.0,4,38614
162857,11909,1,13,7,1,37,10,1,5.0,1.0,1.0,4,38614
162858,11909,1,13,7,1,37,10,2,5.0,1.0,1.0,4,38614
162859,11909,1,13,7,1,37,10,3,5.0,1.0,1.0,4,38614
162860,11909,1,13,7,1,37,10,4,5.0,1.0,1.0,4,38614
162861,11909,1,13,7,1,37,11,1,6.0,1.0,1.0,4,38614
162862,11909,1,13,7,1,37,11,2,6.0,1.0,1.0,4,38614
162863,11909,1,13,7,1,37,12,1,6.0,1.0,1.0,4,38614
162864,11909,1,13,7,1,37,12,2,6.0,1.0,1.0,4,38614
162865,11909,1,13,7,1,37,12,3,6.0,1.0,1.0,4,38614
162866,11909,1,13,7,1,37,13,1,7.0,2.0,1.0,4,38614
162867,11909,1,13,7,1,37,13,2,7.0,2.0,1.0,4,38614
162868,11909,1,13,7,1,37,14,1,7.0,2.0,1.0,4,38614
162869,11909,1,13,7,1,37,14,2,7.0,2.0,1.0,4,38614
162870,12301,1,13,11,1,39,1,1,7.0,2.0,1.0,4,54643
162871,12301,1,13,11,1,39,1,2,7.0,2.0,1.0,4,54643
162872,12301,1,13,11,1,39,1,3,7.0,2.0,1.0,4,54643
162873,12301,1,13,11,1,39,1,4,7.0,2.0,1.0,4,54643
162874,12301,1,13,11,1,39,1,5,7.0,2.0,1.0,4,54643
162875,12301,1,13,11,1,39,2,1,7.0,2.0,1.0,4,54643
162876,12301,1,13,11,1,39,3,1,1.0,1.0,1.0,4,54643
162877,12301,1,13,11,1,39,4,1,1.0,1.0,1.0,4,54643
162878,12301,1,13,11,1,39,4,2,1.0,1.0,1.0,4,54643
162879,12301,1,13,11,1,39,4,3,1.0,1.0,1.0,4,54643
162880,12301,1,13,11,1,39,4,4,1.0,1.0,1.0,4,54643
162881,12301,1,13,11,1,39,5,1,2.0,1.0,1.0,4,54643
162882,12301,1,13,11,1,39,6,1,2.0,1.0,1.0,4,54643
162883,12301,1,13,11,1,39,7,1,3.0,1.0,1.0,4,54643
162884,12301,1,13,11,1,39,7,2,3.0,1.0,1.0,4,54643
162885,12301,1,13,11,1,39,7,3,3.0,1.0,1.0,4,54643
162886,12301,1,13,11,1,39,8,1,3.0,1.0,1.0,4,54643
162887,12301,1,13,11,1,39,9,1,4.0,1.0,1.0,4,54643
162888,12301,1,13,11,1,39,10,1,4.0,1.0,1.0,4,54643
162889,12301,1,13,11,1,39,11,1,5.0,1.0,1.0,4,54643
162890,12301,1,13,11,1,39,12,1,5.0,1.0,1.0,4,54643
162891,12301,1,13,11,1,39,13,1,6.0,1.0,1.0,4,54643
162892,12301,1,13,11,1,39,14,1,6.0,1.0,1.0,4,54643
162893,12321,1,13,10,1,40,1,1,4.0,1.0,1.0,4,17304
162894,12321,1,13,10,1,40,2,1,4.0,1.0,1.0,4,17304
162895,12321,1,13,10,1,40,2,2,4.0,1.0,1.0,4,17304
162896,12321,1,13,10,1,40,2,3,4.0,1.0,1.0,4,17304
162897,12321,1,13,10,1,40,3,1,5.0,1.0,1.0,4,17304
162898,12321,1,13,10,1,40,4,1,5.0,1.0,1.0,4,17304
162899,12321,1,13,10,1,40,4,2,5.0,1.0,1.0,4,17304
162900,12321,1,13,10,1,40,5,1,6.0,1.0,1.0,4,17304
162901,12321,1,13,10,1,40,5,2,6.0,1.0,1.0,4,17304
162902,12321,1,13,10,1,40,5,3,6.0,1.0,1.0,4,17304
162903,12321,1,13,10,1,40,6,1,6.0,1.0,1.0,4,17304
162904,12321,1,13,10,1,40,7,1,7.0,2.0,1.0,4,17304
162905,12321,1,13,10,1,40,7,2,7.0,2.0,1.0,4,17304
162906,12321,1,13,10,1,40,7,3,7.0,2.0,1.0,4,17304
162907,12321,1,13,10,1,40,8,1,7.0,2.0,1.0,4,17304
162908,12321,1,13,10,1,40,8,2,7.0,2.0,1.0,4,17304
162909,12321,1,13,10,1,40,8,3,7.0,2.0,1.0,4,17304
162910,12321,1,13,10,1,40,9,1,1.0,1.0,1.0,4,17304
162911,12321,1,13,10,1,40,9,2,1.0,1.0,1.0,4,17304
162912,12321,1,13,10,1,40,9,3,1.0,1.0,1.0,4,17304
162913,12321,1,13,10,1,40,10,1,1.0,1.0,1.0,4,17304
162914,12321,1,13,10,1,40,11,1,2.0,1.0,1.0,4,17304
162915,12321,1,13,10,1,40,11,2,2.0,1.0,1.0,4,17304
162916,12321,1,13,10,1,40,12,1,2.0,1.0,1.0,4,17304
162917,12321,1,13,10,1,40,12,2,2.0,1.0,1.0,4,17304
162918,12321,1,13,10,1,40,13,1,3.0,1.0,1.0,4,17304
162919,12321,1,13,10,1,40,14,1,3.0,1.0,1.0,4,17304
162920,12379,1,13,8,1,36,1,1,5.0,1.0,1.0,4,55086
162921,12379,1,13,8,1,36,1,2,5.0,1.0,1.0,4,55086
162922,12379,1,13,8,1,36,1,3,5.0,1.0,1.0,4,55086
162923,12379,1,13,8,1,36,1,4,5.0,1.0,1.0,4,55086
162924,12379,1,13,8,1,36,2,1,5.0,1.0,1.0,4,55086
162925,12379,1,13,8,1,36,2,2,5.0,1.0,1.0,4,55086
162926,12379,1,13,8,1,36,2,3,5.0,1.0,1.0,4,55086
162927,12379,1,13,8,1,36,2,4,5.0,1.0,1.0,4,55086
162928,12379,1,13,8,1,36,3,1,2.0,1.0,1.0,4,55086
162929,12379,1,13,8,1,36,3,2,2.0,1.0,1.0,4,55086
162930,12379,1,13,8,1,36,3,3,2.0,1.0,1.0,4,55086
162931,12379,1,13,8,1,36,3,4,2.0,1.0,1.0,4,55086
162932,12379,1,13,8,1,36,4,1,1.0,1.0,1.0,4,55086
162933,12379,1,13,8,1,36,5,1,6.0,1.0,1.0,4,55086
162934,12379,1,13,8,1,36,5,2,6.0,1.0,1.0,4,55086
162935,12379,1,13,8,1,36,5,3,6.0,1.0,1.0,4,55086
162936,12379,1,13,8,1,36,5,4,6.0,1.0,1.0,4,55086
162937,12379,1,13,8,1,36,5,5,6.0,1.0,1.0,4,55086
162938,12379,1,13,8,1,36,6,1,1.0,1.0,1.0,4,55086
162939,12379,1,13,8,1,36,6,2,1.0,1.0,1.0,4,55086
162940,12379,1,13,8,1,36,7,1,7.0,2.0,1.0,4,55086
162941,12379,1,13,8,1,36,7,2,7.0,2.0,1.0,4,55086
162942,12379,1,13,8,1,36,7,3,7.0,2.0,1.0,4,55086
162943,12379,1,13,8,1,36,7,4,7.0,2.0,1.0,4,55086
162944,12379,1,13,8,1,36,7,5,7.0,2.0,1.0,4,55086
162945,12379,1,13,8,1,36,8,1,4.0,1.0,1.0,4,55086
162946,12379,1,13,8,1,36,8,2,4.0,1.0,1.0,4,55086
162947,12379,1,13,8,1,36,8,3,4.0,1.0,1.0,4,55086
162948,12379,1,13,8,1,36,9,1,7.0,2.0,1.0,4,55086
162949,12379,1,13,8,1,36,9,2,7.0,2.0,1.0,4,55086
162950,12379,1,13,8,1,36,9,3,7.0,2.0,1.0,4,55086
162951,12379,1,13,8,1,36,10,1,6.0,1.0,1.0,4,55086
162952,12379,1,13,8,1,36,10,2,6.0,1.0,1.0,4,55086
162953,12379,1,13,8,1,36,10,3,6.0,1.0,1.0,4,55086
162954,12379,1,13,8,1,36,10,4,6.0,1.0,1.0,4,55086
162955,12379,1,13,8,1,36,11,1,2.0,1.0,1.0,4,55086
162956,12379,1,13,8,1,36,11,2,2.0,1.0,1.0,4,55086
162957,12379,1,13,8,1,36,11,3,2.0,1.0,1.0,4,55086
162958,12379,1,13,8,1,36,12,1,3.0,1.0,1.0,4,55086
162959,12379,1,13,8,1,36,12,2,3.0,1.0,1.0,4,55086
162960,12379,1,13,8,1,36,12,3,3.0,1.0,1.0,4,55086
162961,12379,1,13,8,1,36,12,4,3.0,1.0,1.0,4,55086
162962,12379,1,13,8,1,36,13,1,3.0,1.0,1.0,4,55086
162963,12379,1,13,8,1,36,13,2,3.0,1.0,1.0,4,55086
162964,12379,1,13,8,1,36,13,3,3.0,1.0,1.0,4,55086
162965,12379,1,13,8,1,36,14,1,4.0,1.0,1.0,4,55086
162966,12379,1,13,8,1,36,14,2,4.0,1.0,1.0,4,55086
162967,12381,1,13,5,1,40,1,1,4.0,1.0,1.0,4,28779
162968,12381,1,13,5,1,40,1,3,4.0,1.0,1.0,4,28779
162969,12381,1,13,5,1,40,2,1,4.0,1.0,1.0,4,28779
162970,12381,1,13,5,1,40,2,2,4.0,1.0,1.0,4,28779
162971,12381,1,13,5,1,40,2,3,4.0,1.0,1.0,4,28779
162972,12381,1,13,5,1,40,2,4,4.0,1.0,1.0,4,28779
162973,12381,1,13,5,1,40,2,5,4.0,1.0,1.0,4,28779
162974,12381,1,13,5,1,40,2,6,4.0,1.0,1.0,4,28779
162975,12381,1,13,5,1,40,3,1,5.0,1.0,1.0,4,28779
162976,12381,1,13,5,1,40,3,2,5.0,1.0,1.0,4,28779
162977,12381,1,13,5,1,40,3,3,5.0,1.0,1.0,4,28779
162978,12381,1,13,5,1,40,4,1,6.0,1.0,1.0,4,28779
162979,12381,1,13,5,1,40,4,2,6.0,1.0,1.0,4,28779
162980,12381,1,13,5,1,40,4,3,6.0,1.0,1.0,4,28779
162981,12381,1,13,5,1,40,5,1,5.0,1.0,1.0,4,28779
162982,12381,1,13,5,1,40,5,2,5.0,1.0,1.0,4,28779
162983,12381,1,13,5,1,40,5,3,5.0,1.0,1.0,4,28779
162984,12381,1,13,5,1,40,5,7,5.0,1.0,1.0,4,28779
162985,12381,1,13,5,1,40,6,1,6.0,1.0,1.0,4,28779
162986,12381,1,13,5,1,40,7,1,7.0,2.0,1.0,4,28779
162987,12381,1,13,5,1,40,7,2,7.0,2.0,1.0,4,28779
162988,12381,1,13,5,1,40,8,1,7.0,2.0,1.0,4,28779
162989,12381,1,13,5,1,40,9,1,1.0,1.0,1.0,4,28779
162990,12381,1,13,5,1,40,10,1,1.0,1.0,1.0,4,28779
162991,12381,1,13,5,1,40,10,2,1.0,1.0,1.0,4,28779
162992,12381,1,13,5,1,40,11,1,2.0,1.0,1.0,4,28779
162993,12381,1,13,5,1,40,11,2,2.0,1.0,1.0,4,28779
162994,12381,1,13,5,1,40,11,3,2.0,1.0,1.0,4,28779
162995,12381,1,13,5,1,40,12,1,2.0,1.0,1.0,4,28779
162996,12381,1,13,5,1,40,12,2,2.0,1.0,1.0,4,28779
162997,12381,1,13,5,1,40,12,3,2.0,1.0,1.0,4,28779
162998,12381,1,13,5,1,40,12,4,2.0,1.0,1.0,4,28779
162999,12381,1,13,5,1,40,12,5,2.0,1.0,1.0,4,28779
163000,12381,1,13,5,1,40,12,6,2.0,1.0,1.0,4,28779
163001,12381,1,13,5,1,40,12,7,2.0,1.0,1.0,4,28779
163002,12381,1,13,5,1,40,13,1,3.0,1.0,1.0,4,28779
163003,12381,1,13,5,1,40,13,2,3.0,1.0,1.0,4,28779
163004,12381,1,13,5,1,40,13,3,3.0,1.0,1.0,4,28779
163005,12381,1,13,5,1,40,14,1,3.0,1.0,1.0,4,28779
163006,12381,1,13,5,1,40,14,2,3.0,1.0,1.0,4,28779
163007,12494,1,13,3,1,40,1,1,2.0,1.0,1.0,4,35486
163008,12494,1,13,3,1,40,1,2,2.0,1.0,1.0,4,35486
163009,12494,1,13,3,1,40,1,3,2.0,1.0,1.0,4,35486
163010,12494,1,13,3,1,40,2,1,2.0,1.0,1.0,4,35486
163011,12494,1,13,3,1,40,2,2,2.0,1.0,1.0,4,35486
163012,12494,1,13,3,1,40,2,3,2.0,1.0,1.0,4,35486
163013,12494,1,13,3,1,40,3,1,3.0,1.0,1.0,4,35486
163014,12494,1,13,3,1,40,4,1,3.0,1.0,1.0,4,35486
163015,12494,1,13,3,1,40,4,2,3.0,1.0,1.0,4,35486
163016,12494,1,13,3,1,40,4,3,3.0,1.0,1.0,4,35486
163017,12494,1,13,3,1,40,4,4,3.0,1.0,1.0,4,35486
163018,12494,1,13,3,1,40,5,1,4.0,1.0,1.0,4,35486
163019,12494,1,13,3,1,40,5,2,4.0,1.0,1.0,4,35486
163020,12494,1,13,3,1,40,5,3,4.0,1.0,1.0,4,35486
163021,12494,1,13,3,1,40,6,1,4.0,1.0,1.0,4,35486
163022,12494,1,13,3,1,40,6,2,4.0,1.0,1.0,4,35486
163023,12494,1,13,3,1,40,6,3,4.0,1.0,1.0,4,35486
163024,12494,1,13,3,1,40,7,1,5.0,1.0,1.0,4,35486
163025,12494,1,13,3,1,40,7,2,5.0,1.0,1.0,4,35486
163026,12494,1,13,3,1,40,8,1,5.0,1.0,1.0,4,35486
163027,12494,1,13,3,1,40,8,2,5.0,1.0,1.0,4,35486
163028,12494,1,13,3,1,40,8,3,5.0,1.0,1.0,4,35486
163029,12494,1,13,3,1,40,9,1,6.0,1.0,1.0,4,35486
163030,12494,1,13,3,1,40,9,2,6.0,1.0,1.0,4,35486
163031,12494,1,13,3,1,40,10,1,6.0,1.0,1.0,4,35486
163032,12494,1,13,3,1,40,10,2,6.0,1.0,1.0,4,35486
163033,12494,1,13,3,1,40,10,3,6.0,1.0,1.0,4,35486
163034,12494,1,13,3,1,40,11,1,7.0,2.0,1.0,4,35486
163035,12494,1,13,3,1,40,11,2,7.0,2.0,1.0,4,35486
163036,12494,1,13,3,1,40,12,1,7.0,2.0,1.0,4,35486
163037,12494,1,13,3,1,40,12,2,7.0,2.0,1.0,4,35486
163038,12494,1,13,3,1,40,13,1,7.0,2.0,1.0,4,35486
163039,12494,1,13,3,1,40,13,2,7.0,2.0,1.0,4,35486
163040,12494,1,13,3,1,40,14,1,1.0,1.0,1.0,4,35486
163041,12494,1,13,3,1,40,14,2,1.0,1.0,1.0,4,35486
163042,12496,1,13,10,1,33,1,1,7.0,2.0,1.0,4,36338
163043,12496,1,13,10,1,33,1,2,7.0,2.0,1.0,4,36338
163044,12496,1,13,10,1,33,1,3,7.0,2.0,1.0,4,36338
163045,12496,1,13,10,1,33,2,1,7.0,1.0,1.0,4,36338
163046,12496,1,13,10,1,33,2,2,7.0,1.0,1.0,4,36338
163047,12496,1,13,10,1,33,2,3,7.0,1.0,1.0,4,36338
163048,12496,1,13,10,1,33,3,1,1.0,1.0,1.0,4,36338
163049,12496,1,13,10,1,33,3,2,1.0,1.0,1.0,4,36338
163050,12496,1,13,10,1,33,4,1,1.0,1.0,1.0,4,36338
163051,12496,1,13,10,1,33,4,2,1.0,1.0,1.0,4,36338
163052,12496,1,13,10,1,33,5,1,2.0,1.0,1.0,4,36338
163053,12496,1,13,10,1,33,5,2,2.0,1.0,1.0,4,36338
163054,12496,1,13,10,1,33,5,3,2.0,1.0,1.0,4,36338
163055,12496,1,13,10,1,33,6,1,2.0,1.0,1.0,4,36338
163056,12496,1,13,10,1,33,6,2,2.0,1.0,1.0,4,36338
163057,12496,1,13,10,1,33,6,3,2.0,1.0,1.0,4,36338
163058,12496,1,13,10,1,33,7,1,3.0,1.0,1.0,4,36338
163059,12496,1,13,10,1,33,7,2,3.0,1.0,1.0,4,36338
163060,12496,1,13,10,1,33,8,1,3.0,1.0,1.0,4,36338
163061,12496,1,13,10,1,33,8,2,3.0,1.0,1.0,4,36338
163062,12496,1,13,10,1,33,9,1,4.0,1.0,1.0,4,36338
163063,12496,1,13,10,1,33,9,2,4.0,1.0,1.0,4,36338
163064,12496,1,13,10,1,33,9,3,4.0,1.0,1.0,4,36338
163065,12496,1,13,10,1,33,10,1,4.0,1.0,1.0,4,36338
163066,12496,1,13,10,1,33,10,2,4.0,1.0,1.0,4,36338
163067,12496,1,13,10,1,33,10,3,4.0,1.0,1.0,4,36338
163068,12496,1,13,10,1,33,10,4,4.0,1.0,1.0,4,36338
163069,12496,1,13,10,1,33,11,1,5.0,1.0,1.0,4,36338
163070,12496,1,13,10,1,33,11,2,5.0,1.0,1.0,4,36338
163071,12496,1,13,10,1,33,12,1,5.0,1.0,1.0,4,36338
163072,12496,1,13,10,1,33,12,2,5.0,1.0,1.0,4,36338
163073,12496,1,13,10,1,33,12,3,5.0,1.0,1.0,4,36338
163074,12496,1,13,10,1,33,13,1,6.0,1.0,1.0,4,36338
163075,12496,1,13,10,1,33,13,2,6.0,1.0,1.0,4,36338
163076,12496,1,13,10,1,33,13,3,6.0,1.0,1.0,4,36338
163077,12496,1,13,10,1,33,14,1,6.0,1.0,1.0,4,36338
163078,12538,1,13,7,1,21,1,1,3.0,1.0,1.0,4,15686
163079,12538,1,13,7,1,21,1,2,3.0,1.0,1.0,4,15686
163080,12538,1,13,7,1,21,1,3,3.0,1.0,1.0,4,15686
163081,12538,1,13,7,1,21,1,4,3.0,1.0,1.0,4,15686
163082,12538,1,13,7,1,21,2,1,3.0,1.0,1.0,4,15686
163083,12538,1,13,7,1,21,2,2,3.0,1.0,1.0,4,15686
163084,12538,1,13,7,1,21,2,3,3.0,1.0,1.0,4,15686
163085,12538,1,13,7,1,21,3,1,4.0,1.0,1.0,4,15686
163086,12538,1,13,7,1,21,3,2,4.0,1.0,1.0,4,15686
163087,12538,1,13,7,1,21,4,1,4.0,1.0,1.0,4,15686
163088,12538,1,13,7,1,21,4,2,4.0,1.0,1.0,4,15686
163089,12538,1,13,7,1,21,5,1,5.0,1.0,1.0,4,15686
163090,12538,1,13,7,1,21,5,2,5.0,1.0,1.0,4,15686
163091,12538,1,13,7,1,21,5,3,5.0,1.0,1.0,4,15686
163092,12538,1,13,7,1,21,6,1,5.0,1.0,1.0,4,15686
163093,12538,1,13,7,1,21,6,2,5.0,1.0,1.0,4,15686
163094,12538,1,13,7,1,21,7,1,6.0,1.0,1.0,4,15686
163095,12538,1,13,7,1,21,7,2,6.0,1.0,1.0,4,15686
163096,12538,1,13,7,1,21,7,3,6.0,1.0,1.0,4,15686
163097,12538,1,13,7,1,21,7,4,6.0,1.0,1.0,4,15686
163098,12538,1,13,7,1,21,8,1,6.0,1.0,1.0,4,15686
163099,12538,1,13,7,1,21,8,2,6.0,1.0,1.0,4,15686
163100,12538,1,13,7,1,21,9,1,7.0,2.0,1.0,4,15686
163101,12538,1,13,7,1,21,9,2,7.0,2.0,1.0,4,15686
163102,12538,1,13,7,1,21,9,3,7.0,2.0,1.0,4,15686
163103,12538,1,13,7,1,21,9,4,7.0,2.0,1.0,4,15686
163104,12538,1,13,7,1,21,10,1,7.0,2.0,1.0,4,15686
163105,12538,1,13,7,1,21,10,2,7.0,2.0,1.0,4,15686
163106,12538,1,13,7,1,21,11,1,1.0,1.0,1.0,4,15686
163107,12538,1,13,7,1,21,11,2,1.0,1.0,1.0,4,15686
163108,12538,1,13,7,1,21,11,3,1.0,1.0,1.0,4,15686
163109,12538,1,13,7,1,21,11,4,1.0,1.0,1.0,4,15686
163110,12538,1,13,7,1,21,12,1,1.0,1.0,1.0,4,15686
163111,12538,1,13,7,1,21,12,2,1.0,1.0,1.0,4,15686
163112,12538,1,13,7,1,21,13,1,2.0,1.0,1.0,4,15686
163113,12538,1,13,7,1,21,13,2,2.0,1.0,1.0,4,15686
163114,12538,1,13,7,1,21,13,3,2.0,1.0,1.0,4,15686
163115,12538,1,13,7,1,21,13,4,2.0,1.0,1.0,4,15686
163116,12538,1,13,7,1,21,14,1,2.0,1.0,1.0,4,15686
163117,12538,1,13,7,1,21,14,2,2.0,1.0,1.0,4,15686
163118,12538,1,13,7,1,21,14,3,2.0,1.0,1.0,4,15686
163119,12812,1,13,5,1,39,1,1,2.0,1.0,1.0,4,51375
163120,12812,1,13,5,1,39,1,2,2.0,1.0,1.0,4,51375
163121,12812,1,13,5,1,39,1,3,2.0,1.0,1.0,4,51375
163122,12812,1,13,5,1,39,1,4,2.0,1.0,1.0,4,51375
163123,12812,1,13,5,1,39,1,5,2.0,1.0,1.0,4,51375
163124,12812,1,13,5,1,39,2,1,2.0,1.0,1.0,4,51375
163125,12812,1,13,5,1,39,2,2,2.0,1.0,1.0,4,51375
163126,12812,1,13,5,1,39,2,3,2.0,1.0,1.0,4,51375
163127,12812,1,13,5,1,39,2,4,2.0,1.0,1.0,4,51375
163128,12812,1,13,5,1,39,3,1,3.0,1.0,1.0,4,51375
163129,12812,1,13,5,1,39,3,2,3.0,1.0,1.0,4,51375
163130,12812,1,13,5,1,39,4,1,3.0,1.0,1.0,4,51375
163131,12812,1,13,5,1,39,4,2,3.0,1.0,1.0,4,51375
163132,12812,1,13,5,1,39,4,3,3.0,1.0,1.0,4,51375
163133,12812,1,13,5,1,39,5,1,4.0,1.0,1.0,4,51375
163134,12812,1,13,5,1,39,5,2,4.0,1.0,1.0,4,51375
163135,12812,1,13,5,1,39,5,3,4.0,1.0,1.0,4,51375
163136,12812,1,13,5,1,39,5,4,4.0,1.0,1.0,4,51375
163137,12812,1,13,5,1,39,5,5,4.0,1.0,1.0,4,51375
163138,12812,1,13,5,1,39,6,1,4.0,1.0,2.0,4,51375
163139,12812,1,13,5,1,39,7,1,5.0,1.0,1.0,4,51375
163140,12812,1,13,5,1,39,7,2,5.0,1.0,1.0,4,51375
163141,12812,1,13,5,1,39,7,3,5.0,1.0,1.0,4,51375
163142,12812,1,13,5,1,39,7,4,5.0,1.0,1.0,4,51375
163143,12812,1,13,5,1,39,8,1,5.0,1.0,1.0,4,51375
163144,12812,1,13,5,1,39,8,2,5.0,1.0,1.0,4,51375
163145,12812,1,13,5,1,39,8,3,5.0,1.0,1.0,4,51375
163146,12812,1,13,5,1,39,9,1,6.0,1.0,1.0,4,51375
163147,12812,1,13,5,1,39,9,2,6.0,1.0,1.0,4,51375
163148,12812,1,13,5,1,39,9,3,6.0,1.0,1.0,4,51375
163149,12812,1,13,5,1,39,9,4,6.0,1.0,1.0,4,51375
163150,12812,1,13,5,1,39,9,5,6.0,1.0,1.0,4,51375
163151,12812,1,13,5,1,39,10,1,6.0,1.0,1.0,4,51375
163152,12812,1,13,5,1,39,10,2,6.0,1.0,1.0,4,51375
163153,12812,1,13,5,1,39,11,1,7.0,2.0,1.0,4,51375
163154,12812,1,13,5,1,39,11,2,7.0,2.0,1.0,4,51375
163155,12812,1,13,5,1,39,11,3,7.0,2.0,1.0,4,51375
163156,12812,1,13,5,1,39,12,1,7.0,2.0,1.0,4,51375
163157,12812,1,13,5,1,39,12,2,7.0,2.0,1.0,4,51375
163158,12812,1,13,5,1,39,12,3,7.0,2.0,1.0,4,51375
163159,12812,1,13,5,1,39,12,4,7.0,2.0,1.0,4,51375
163160,12812,1,13,5,1,39,13,1,1.0,1.0,1.0,4,51375
163161,12812,1,13,5,1,39,13,2,1.0,1.0,1.0,4,51375
163162,12812,1,13,5,1,39,14,1,1.0,1.0,1.0,4,51375
163163,12812,1,13,5,1,39,14,2,1.0,1.0,1.0,4,51375
163164,12812,1,13,5,1,39,14,3,1.0,1.0,1.0,4,51375
163165,12812,1,13,5,1,39,14,4,1.0,1.0,1.0,4,51375
163166,13004,1,13,1,1,38,1,1,2.0,1.0,1.0,4,27321
163167,13004,1,13,1,1,38,1,2,2.0,1.0,1.0,4,27321
163168,13004,1,13,1,1,38,1,3,2.0,1.0,1.0,4,27321
163169,13004,1,13,1,1,38,2,1,1.0,1.0,1.0,4,27321
163170,13004,1,13,1,1,38,2,2,1.0,1.0,1.0,4,27321
163171,13004,1,13,1,1,38,2,3,1.0,1.0,1.0,4,27321
163172,13004,1,13,1,1,38,2,4,1.0,1.0,1.0,4,27321
163173,13004,1,13,1,1,38,3,1,7.0,2.0,1.0,4,27321
163174,13004,1,13,1,1,38,3,2,7.0,2.0,1.0,4,27321
163175,13004,1,13,1,1,38,3,3,7.0,2.0,1.0,4,27321
163176,13004,1,13,1,1,38,3,4,7.0,2.0,1.0,4,27321
163177,13004,1,13,1,1,38,3,5,7.0,2.0,1.0,4,27321
163178,13004,1,13,1,1,38,3,6,7.0,2.0,1.0,4,27321
163179,13004,1,13,1,1,38,4,1,5.0,1.0,1.0,4,27321
163180,13004,1,13,1,1,38,4,2,5.0,1.0,1.0,4,27321
163181,13004,1,13,1,1,38,4,3,5.0,1.0,1.0,4,27321
163182,13004,1,13,1,1,38,5,1,4.0,1.0,1.0,4,27321
163183,13004,1,13,1,1,38,5,2,4.0,1.0,1.0,4,27321
163184,13004,1,13,1,1,38,5,3,4.0,1.0,1.0,4,27321
163185,13004,1,13,1,1,38,5,4,4.0,1.0,1.0,4,27321
163186,13004,1,13,1,1,38,6,1,4.0,1.0,1.0,4,27321
163187,13004,1,13,1,1,38,6,2,4.0,1.0,1.0,4,27321
163188,13004,1,13,1,1,38,6,3,4.0,1.0,1.0,4,27321
163189,13004,1,13,1,1,38,6,4,4.0,1.0,1.0,4,27321
163190,13004,1,13,1,1,38,6,5,4.0,1.0,1.0,4,27321
163191,13004,1,13,1,1,38,7,1,2.0,1.0,1.0,4,27321
163192,13004,1,13,1,1,38,7,2,2.0,1.0,1.0,4,27321
163193,13004,1,13,1,1,38,7,3,2.0,1.0,1.0,4,27321
163194,13004,1,13,1,1,38,8,1,1.0,1.0,1.0,4,27321
163195,13004,1,13,1,1,38,8,2,1.0,1.0,1.0,4,27321
163196,13004,1,13,1,1,38,9,1,3.0,1.0,1.0,4,27321
163197,13004,1,13,1,1,38,9,2,3.0,1.0,1.0,4,27321
163198,13004,1,13,1,1,38,9,3,3.0,1.0,1.0,4,27321
163199,13004,1,13,1,1,38,9,4,3.0,1.0,1.0,4,27321
163200,13004,1,13,1,1,38,9,5,3.0,1.0,1.0,4,27321
163201,13004,1,13,1,1,38,10,1,6.0,1.0,1.0,4,27321
163202,13004,1,13,1,1,38,10,2,6.0,1.0,1.0,4,27321
163203,13004,1,13,1,1,38,11,1,6.0,1.0,1.0,4,27321
163204,13004,1,13,1,1,38,12,1,5.0,1.0,1.0,4,27321
163205,13004,1,13,1,1,38,12,2,5.0,1.0,1.0,4,27321
163206,13004,1,13,1,1,38,12,3,5.0,1.0,1.0,4,27321
163207,13004,1,13,1,1,38,12,4,5.0,1.0,1.0,4,27321
163208,13004,1,13,1,1,38,12,5,5.0,1.0,1.0,4,27321
163209,13004,1,13,1,1,38,13,1,7.0,2.0,1.0,4,27321
163210,13004,1,13,1,1,38,13,2,7.0,2.0,1.0,4,27321
163211,13004,1,13,1,1,38,13,3,7.0,2.0,1.0,4,27321
163212,13004,1,13,1,1,38,13,4,7.0,2.0,1.0,4,27321
163213,13004,1,13,1,1,38,13,5,7.0,2.0,1.0,4,27321
163214,13004,1,13,1,1,38,13,6,7.0,2.0,1.0,4,27321
163215,13004,1,13,1,1,38,13,7,7.0,2.0,1.0,4,27321
163216,13004,1,13,1,1,38,13,8,7.0,2.0,1.0,4,27321
163217,13004,1,13,1,1,38,14,1,3.0,1.0,1.0,4,27321
163218,13004,1,13,1,1,38,14,2,3.0,1.0,1.0,4,27321
163219,13004,1,13,1,1,38,14,3,3.0,1.0,1.0,4,27321
163220,13004,1,13,1,1,38,14,4,3.0,1.0,1.0,4,27321
163221,13511,1,13,7,1,39,1,1,2.0,1.0,1.0,4,25955
163222,13511,1,13,7,1,39,1,2,2.0,1.0,1.0,4,25955
163223,13511,1,13,7,1,39,2,1,2.0,1.0,1.0,4,25955
163224,13511,1,13,7,1,39,2,2,2.0,1.0,1.0,4,25955
163225,13511,1,13,7,1,39,2,3,2.0,1.0,1.0,4,25955
163226,13511,1,13,7,1,39,2,4,2.0,1.0,1.0,4,25955
163227,13511,1,13,7,1,39,2,5,2.0,1.0,1.0,4,25955
163228,13511,1,13,7,1,39,2,6,2.0,1.0,1.0,4,25955
163229,13511,1,13,7,1,39,3,1,3.0,1.0,1.0,4,25955
163230,13511,1,13,7,1,39,3,2,3.0,1.0,1.0,4,25955
163231,13511,1,13,7,1,39,4,1,3.0,1.0,1.0,4,25955
163232,13511,1,13,7,1,39,4,2,3.0,1.0,1.0,4,25955
163233,13511,1,13,7,1,39,4,3,3.0,1.0,1.0,4,25955
163234,13511,1,13,7,1,39,4,4,3.0,1.0,1.0,4,25955
163235,13511,1,13,7,1,39,5,1,4.0,1.0,1.0,4,25955
163236,13511,1,13,7,1,39,6,1,4.0,1.0,1.0,4,25955
163237,13511,1,13,7,1,39,6,2,4.0,1.0,1.0,4,25955
163238,13511,1,13,7,1,39,7,1,5.0,1.0,1.0,4,25955
163239,13511,1,13,7,1,39,7,2,5.0,1.0,1.0,4,25955
163240,13511,1,13,7,1,39,8,1,5.0,1.0,1.0,4,25955
163241,13511,1,13,7,1,39,8,2,5.0,1.0,1.0,4,25955
163242,13511,1,13,7,1,39,8,3,5.0,1.0,1.0,4,25955
163243,13511,1,13,7,1,39,9,1,6.0,1.0,1.0,4,25955
163244,13511,1,13,7,1,39,10,1,6.0,1.0,1.0,4,25955
163245,13511,1,13,7,1,39,10,2,6.0,1.0,1.0,4,25955
163246,13511,1,13,7,1,39,10,3,6.0,1.0,1.0,4,25955
163247,13511,1,13,7,1,39,10,4,6.0,1.0,1.0,4,25955
163248,13511,1,13,7,1,39,10,5,6.0,1.0,1.0,4,25955
163249,13511,1,13,7,1,39,11,1,7.0,2.0,1.0,4,25955
163250,13511,1,13,7,1,39,11,2,7.0,2.0,1.0,4,25955
163251,13511,1,13,7,1,39,11,3,7.0,2.0,1.0,4,25955
163252,13511,1,13,7,1,39,11,4,7.0,2.0,1.0,4,25955
163253,13511,1,13,7,1,39,11,5,7.0,2.0,1.0,4,25955
163254,13511,1,13,7,1,39,12,1,7.0,2.0,1.0,4,25955
163255,13511,1,13,7,1,39,12,2,7.0,2.0,1.0,4,25955
163256,13511,1,13,7,1,39,13,1,1.0,1.0,1.0,4,25955
163257,13511,1,13,7,1,39,13,2,1.0,1.0,1.0,4,25955
163258,13511,1,13,7,1,39,14,1,1.0,1.0,1.0,4,25955
163259,13511,1,13,7,1,39,14,2,1.0,1.0,1.0,4,25955
163260,13511,1,13,7,1,39,14,3,1.0,1.0,1.0,4,25955
163261,13511,1,13,7,1,39,14,4,1.0,1.0,1.0,4,25955
163262,13780,1,13,3,1,11,1,1,2.0,1.0,1.0,4,9143
163263,13780,1,13,3,1,11,1,2,2.0,1.0,1.0,4,9143
163264,13780,1,13,3,1,11,2,1,2.0,1.0,1.0,4,9143
163265,13780,1,13,3,1,11,2,2,2.0,1.0,1.0,4,9143
163266,13780,1,13,3,1,11,2,3,2.0,1.0,1.0,4,9143
163267,13780,1,13,3,1,11,3,1,3.0,1.0,1.0,4,9143
163268,13780,1,13,3,1,11,3,2,3.0,1.0,1.0,4,9143
163269,13780,1,13,3,1,11,4,1,3.0,1.0,1.0,4,9143
163270,13780,1,13,3,1,11,4,2,3.0,1.0,1.0,4,9143
163271,13780,1,13,3,1,11,4,3,3.0,1.0,1.0,4,9143
163272,13780,1,13,3,1,11,5,1,4.0,1.0,1.0,4,9143
163273,13780,1,13,3,1,11,5,2,4.0,1.0,1.0,4,9143
163274,13780,1,13,3,1,11,6,1,5.0,1.0,1.0,4,9143
163275,13780,1,13,3,1,11,6,2,5.0,1.0,1.0,4,9143
163276,13780,1,13,3,1,11,7,1,6.0,1.0,1.0,4,9143
163277,13780,1,13,3,1,11,7,2,6.0,1.0,1.0,4,9143
163278,13780,1,13,3,1,11,7,3,6.0,1.0,1.0,4,9143
163279,13780,1,13,3,1,11,8,1,5.0,1.0,1.0,4,9143
163280,13780,1,13,3,1,11,8,2,5.0,1.0,1.0,4,9143
163281,13780,1,13,3,1,11,9,1,7.0,2.0,1.0,4,9143
163282,13780,1,13,3,1,11,9,2,7.0,2.0,1.0,4,9143
163283,13780,1,13,3,1,11,9,3,7.0,2.0,1.0,4,9143
163284,13780,1,13,3,1,11,10,1,7.0,2.0,1.0,4,9143
163285,13780,1,13,3,1,11,10,2,7.0,2.0,1.0,4,9143
163286,13780,1,13,3,1,11,10,3,7.0,2.0,1.0,4,9143
163287,13780,1,13,3,1,11,11,1,1.0,1.0,1.0,4,9143
163288,13780,1,13,3,1,11,11,2,1.0,1.0,1.0,4,9143
163289,13780,1,13,3,1,11,11,3,1.0,1.0,1.0,4,9143
163290,13780,1,13,3,1,11,12,1,1.0,1.0,1.0,4,9143
163291,13780,1,13,3,1,11,12,2,1.0,1.0,1.0,4,9143
163292,13780,1,13,3,1,11,13,1,3.0,1.0,1.0,4,9143
163293,13780,1,13,3,1,11,13,2,3.0,1.0,1.0,4,9143
163294,13780,1,13,3,1,11,14,1,4.0,1.0,1.0,4,9143
163295,13780,1,13,3,1,11,14,2,4.0,1.0,1.0,4,9143
163296,13885,1,13,7,1,32,1,1,3.0,1.0,1.0,4,38654
163297,13885,1,13,7,1,32,1,2,3.0,1.0,1.0,4,38654
163298,13885,1,13,7,1,32,2,1,3.0,1.0,1.0,4,38654
163299,13885,1,13,7,1,32,2,2,3.0,1.0,1.0,4,38654
163300,13885,1,13,7,1,32,2,3,3.0,1.0,1.0,4,38654
163301,13885,1,13,7,1,32,3,1,3.0,1.0,1.0,4,38654
163302,13885,1,13,7,1,32,4,1,5.0,1.0,1.0,4,38654
163303,13885,1,13,7,1,32,4,2,5.0,1.0,1.0,4,38654
163304,13885,1,13,7,1,32,4,3,5.0,1.0,1.0,4,38654
163305,13885,1,13,7,1,32,5,1,6.0,1.0,1.0,4,38654
163306,13885,1,13,7,1,32,5,2,6.0,1.0,1.0,4,38654
163307,13885,1,13,7,1,32,6,1,6.0,1.0,1.0,4,38654
163308,13885,1,13,7,1,32,6,2,6.0,1.0,1.0,4,38654
163309,13885,1,13,7,1,32,6,3,6.0,1.0,1.0,4,38654
163310,13885,1,13,7,1,32,7,1,1.0,2.0,1.0,4,38654
163311,13885,1,13,7,1,32,7,2,1.0,2.0,1.0,4,38654
163312,13885,1,13,7,1,32,7,3,1.0,2.0,1.0,4,38654
163313,13885,1,13,7,1,32,8,1,7.0,1.0,1.0,4,38654
163314,13885,1,13,7,1,32,9,1,2.0,1.0,1.0,4,38654
163315,13885,1,13,7,1,32,9,2,2.0,1.0,1.0,4,38654
163316,13885,1,13,7,1,32,10,1,1.0,1.0,1.0,4,38654
163317,13885,1,13,7,1,32,10,2,1.0,1.0,1.0,4,38654
163318,13885,1,13,7,1,32,10,3,1.0,1.0,1.0,4,38654
163319,13885,1,13,7,1,32,11,1,2.0,1.0,1.0,4,38654
163320,13885,1,13,7,1,32,11,2,2.0,1.0,1.0,4,38654
163321,13885,1,13,7,1,32,11,3,2.0,1.0,1.0,4,38654
163322,13885,1,13,7,1,32,11,4,2.0,1.0,1.0,4,38654
163323,13885,1,13,7,1,32,12,1,2.0,1.0,1.0,4,38654
163324,13885,1,13,7,1,32,13,1,3.0,1.0,1.0,4,38654
163325,13885,1,13,7,1,32,13,2,3.0,1.0,1.0,4,38654
163326,13885,1,13,7,1,32,13,3,3.0,1.0,1.0,4,38654
163327,13885,1,13,7,1,32,14,1,3.0,1.0,1.0,4,38654
163328,14291,1,13,2,1,38,1,1,3.0,1.0,1.0,4,27625
163329,14291,1,13,2,1,38,1,2,3.0,1.0,1.0,4,27625
163330,14291,1,13,2,1,38,1,3,3.0,1.0,1.0,4,27625
163331,14291,1,13,2,1,38,2,1,3.0,1.0,1.0,4,27625
163332,14291,1,13,2,1,38,2,2,3.0,1.0,1.0,4,27625
163333,14291,1,13,2,1,38,2,3,3.0,1.0,1.0,4,27625
163334,14291,1,13,2,1,38,2,4,3.0,1.0,1.0,4,27625
163335,14291,1,13,2,1,38,3,1,4.0,1.0,1.0,4,27625
163336,14291,1,13,2,1,38,3,2,4.0,1.0,1.0,4,27625
163337,14291,1,13,2,1,38,3,3,4.0,1.0,1.0,4,27625
163338,14291,1,13,2,1,38,3,4,4.0,1.0,1.0,4,27625
163339,14291,1,13,2,1,38,4,1,4.0,1.0,1.0,4,27625
163340,14291,1,13,2,1,38,4,2,4.0,1.0,1.0,4,27625
163341,14291,1,13,2,1,38,4,3,4.0,1.0,1.0,4,27625
163342,14291,1,13,2,1,38,5,1,5.0,1.0,1.0,4,27625
163343,14291,1,13,2,1,38,5,2,5.0,1.0,1.0,4,27625
163344,14291,1,13,2,1,38,5,3,5.0,1.0,1.0,4,27625
163345,14291,1,13,2,1,38,6,1,5.0,1.0,1.0,4,27625
163346,14291,1,13,2,1,38,6,2,5.0,1.0,1.0,4,27625
163347,14291,1,13,2,1,38,6,3,5.0,1.0,1.0,4,27625
163348,14291,1,13,2,1,38,7,1,6.0,1.0,1.0,4,27625
163349,14291,1,13,2,1,38,7,2,6.0,1.0,1.0,4,27625
163350,14291,1,13,2,1,38,8,1,6.0,1.0,1.0,4,27625
163351,14291,1,13,2,1,38,8,2,6.0,1.0,1.0,4,27625
163352,14291,1,13,2,1,38,8,3,6.0,1.0,1.0,4,27625
163353,14291,1,13,2,1,38,8,4,6.0,1.0,1.0,4,27625
163354,14291,1,13,2,1,38,9,1,7.0,1.0,1.0,4,27625
163355,14291,1,13,2,1,38,9,2,7.0,1.0,1.0,4,27625
163356,14291,1,13,2,1,38,9,3,7.0,1.0,1.0,4,27625
163357,14291,1,13,2,1,38,10,1,7.0,2.0,1.0,4,27625
163358,14291,1,13,2,1,38,10,2,7.0,2.0,1.0,4,27625
163359,14291,1,13,2,1,38,10,3,7.0,2.0,1.0,4,27625
163360,14291,1,13,2,1,38,11,1,1.0,1.0,1.0,4,27625
163361,14291,1,13,2,1,38,11,2,1.0,1.0,1.0,4,27625
163362,14291,1,13,2,1,38,11,3,1.0,1.0,1.0,4,27625
163363,14291,1,13,2,1,38,11,4,1.0,1.0,1.0,4,27625
163364,14291,1,13,2,1,38,12,1,1.0,1.0,1.0,4,27625
163365,14291,1,13,2,1,38,12,2,1.0,1.0,1.0,4,27625
163366,14291,1,13,2,1,38,12,3,1.0,1.0,1.0,4,27625
163367,14291,1,13,2,1,38,12,4,1.0,1.0,1.0,4,27625
163368,14291,1,13,2,1,38,12,5,1.0,1.0,1.0,4,27625
163369,14291,1,13,2,1,38,13,1,2.0,1.0,1.0,4,27625
163370,14291,1,13,2,1,38,13,2,2.0,1.0,1.0,4,27625
163371,14291,1,13,2,1,38,13,3,2.0,1.0,1.0,4,27625
163372,14291,1,13,2,1,38,14,1,2.0,1.0,1.0,4,27625
163373,14291,1,13,2,1,38,14,2,2.0,1.0,1.0,4,27625
163374,14291,1,13,2,1,38,14,3,2.0,1.0,1.0,4,27625
163375,14291,1,13,2,1,38,14,4,2.0,1.0,1.0,4,27625
163376,14317,1,13,10,1,11,1,1,5.0,1.0,1.0,4,26163
163377,14317,1,13,10,1,11,1,2,5.0,1.0,1.0,4,26163
163378,14317,1,13,10,1,11,1,3,5.0,1.0,1.0,4,26163
163379,14317,1,13,10,1,11,1,4,5.0,1.0,1.0,4,26163
163380,14317,1,13,10,1,11,2,1,5.0,1.0,1.0,4,26163
163381,14317,1,13,10,1,11,2,2,5.0,1.0,1.0,4,26163
163382,14317,1,13,10,1,11,2,3,5.0,1.0,1.0,4,26163
163383,14317,1,13,10,1,11,3,1,6.0,1.0,1.0,4,26163
163384,14317,1,13,10,1,11,3,2,6.0,1.0,1.0,4,26163
163385,14317,1,13,10,1,11,3,3,6.0,1.0,1.0,4,26163
163386,14317,1,13,10,1,11,3,4,6.0,1.0,1.0,4,26163
163387,14317,1,13,10,1,11,3,5,6.0,1.0,1.0,4,26163
163388,14317,1,13,10,1,11,4,1,6.0,1.0,1.0,4,26163
163389,14317,1,13,10,1,11,4,2,6.0,1.0,1.0,4,26163
163390,14317,1,13,10,1,11,5,1,7.0,2.0,1.0,4,26163
163391,14317,1,13,10,1,11,5,2,7.0,2.0,1.0,4,26163
163392,14317,1,13,10,1,11,5,3,7.0,2.0,1.0,4,26163
163393,14317,1,13,10,1,11,5,4,7.0,2.0,1.0,4,26163
163394,14317,1,13,10,1,11,6,1,7.0,2.0,1.0,4,26163
163395,14317,1,13,10,1,11,6,2,7.0,2.0,1.0,4,26163
163396,14317,1,13,10,1,11,6,3,7.0,2.0,1.0,4,26163
163397,14317,1,13,10,1,11,6,4,7.0,2.0,1.0,4,26163
163398,14317,1,13,10,1,11,6,5,7.0,2.0,1.0,4,26163
163399,14317,1,13,10,1,11,7,1,1.0,1.0,1.0,4,26163
163400,14317,1,13,10,1,11,7,2,1.0,1.0,1.0,4,26163
163401,14317,1,13,10,1,11,7,3,1.0,1.0,1.0,4,26163
163402,14317,1,13,10,1,11,8,1,1.0,1.0,1.0,4,26163
163403,14317,1,13,10,1,11,8,2,1.0,1.0,1.0,4,26163
163404,14317,1,13,10,1,11,8,3,1.0,1.0,1.0,4,26163
163405,14317,1,13,10,1,11,8,4,1.0,1.0,1.0,4,26163
163406,14317,1,13,10,1,11,8,5,1.0,1.0,1.0,4,26163
163407,14317,1,13,10,1,11,9,1,2.0,1.0,1.0,4,26163
163408,14317,1,13,10,1,11,9,2,2.0,1.0,1.0,4,26163
163409,14317,1,13,10,1,11,10,1,2.0,1.0,1.0,4,26163
163410,14317,1,13,10,1,11,10,2,2.0,1.0,1.0,4,26163
163411,14317,1,13,10,1,11,10,3,2.0,1.0,1.0,4,26163
163412,14317,1,13,10,1,11,11,1,3.0,1.0,1.0,4,26163
163413,14317,1,13,10,1,11,11,2,3.0,1.0,1.0,4,26163
163414,14317,1,13,10,1,11,11,3,3.0,1.0,1.0,4,26163
163415,14317,1,13,10,1,11,12,1,3.0,1.0,1.0,4,26163
163416,14317,1,13,10,1,11,12,2,3.0,1.0,1.0,4,26163
163417,14317,1,13,10,1,11,13,1,4.0,1.0,1.0,4,26163
163418,14317,1,13,10,1,11,13,2,4.0,1.0,1.0,4,26163
163419,14317,1,13,10,1,11,13,3,4.0,1.0,1.0,4,26163
163420,14317,1,13,10,1,11,13,4,4.0,1.0,1.0,4,26163
163421,14317,1,13,10,1,11,14,1,4.0,1.0,1.0,4,26163
163422,14317,1,13,10,1,11,14,2,4.0,1.0,1.0,4,26163
163423,14317,1,13,10,1,11,14,3,4.0,1.0,1.0,4,26163
163424,14549,1,13,2,1,33,1,1,3.0,1.0,1.0,4,34607
163425,14549,1,13,2,1,33,1,2,3.0,1.0,1.0,4,34607
163426,14549,1,13,2,1,33,2,1,3.0,1.0,1.0,4,34607
163427,14549,1,13,2,1,33,2,2,3.0,1.0,1.0,4,34607
163428,14549,1,13,2,1,33,2,3,3.0,1.0,1.0,4,34607
163429,14549,1,13,2,1,33,2,4,3.0,1.0,1.0,4,34607
163430,14549,1,13,2,1,33,3,1,4.0,1.0,1.0,4,34607
163431,14549,1,13,2,1,33,3,2,4.0,1.0,1.0,4,34607
163432,14549,1,13,2,1,33,4,1,4.0,1.0,1.0,4,34607
163433,14549,1,13,2,1,33,4,2,4.0,1.0,1.0,4,34607
163434,14549,1,13,2,1,33,4,3,4.0,1.0,1.0,4,34607
163435,14549,1,13,2,1,33,5,1,5.0,1.0,1.0,4,34607
163436,14549,1,13,2,1,33,5,2,5.0,1.0,1.0,4,34607
163437,14549,1,13,2,1,33,6,1,5.0,1.0,1.0,4,34607
163438,14549,1,13,2,1,33,6,2,5.0,1.0,1.0,4,34607
163439,14549,1,13,2,1,33,6,3,5.0,1.0,1.0,4,34607
163440,14549,1,13,2,1,33,7,1,6.0,1.0,1.0,4,34607
163441,14549,1,13,2,1,33,7,2,6.0,1.0,1.0,4,34607
163442,14549,1,13,2,1,33,7,3,6.0,1.0,1.0,4,34607
163443,14549,1,13,2,1,33,7,4,6.0,1.0,1.0,4,34607
163444,14549,1,13,2,1,33,8,1,6.0,1.0,1.0,4,34607
163445,14549,1,13,2,1,33,8,2,6.0,1.0,1.0,4,34607
163446,14549,1,13,2,1,33,8,3,6.0,1.0,1.0,4,34607
163447,14549,1,13,2,1,33,9,1,6.0,1.0,1.0,4,34607
163448,14549,1,13,2,1,33,9,2,6.0,1.0,1.0,4,34607
163449,14549,1,13,2,1,33,9,3,6.0,1.0,1.0,4,34607
163450,14549,1,13,2,1,33,10,1,6.0,1.0,1.0,4,34607
163451,14549,1,13,2,1,33,10,2,6.0,1.0,1.0,4,34607
163452,14549,1,13,2,1,33,10,3,6.0,1.0,1.0,4,34607
163453,14549,1,13,2,1,33,11,1,1.0,1.0,1.0,4,34607
163454,14549,1,13,2,1,33,11,2,1.0,1.0,1.0,4,34607
163455,14549,1,13,2,1,33,11,3,1.0,1.0,1.0,4,34607
163456,14549,1,13,2,1,33,12,1,1.0,1.0,1.0,4,34607
163457,14549,1,13,2,1,33,12,2,1.0,1.0,1.0,4,34607
163458,14549,1,13,2,1,33,12,3,1.0,1.0,1.0,4,34607
163459,14549,1,13,2,1,33,12,4,1.0,1.0,1.0,4,34607
163460,14549,1,13,2,1,33,13,1,2.0,1.0,1.0,4,34607
163461,14549,1,13,2,1,33,13,2,2.0,1.0,1.0,4,34607
163462,14549,1,13,2,1,33,13,3,2.0,1.0,1.0,4,34607
163463,14549,1,13,2,1,33,13,4,2.0,1.0,1.0,4,34607
163464,14549,1,13,2,1,33,14,1,2.0,1.0,1.0,4,34607
163465,14549,1,13,2,1,33,14,2,2.0,1.0,1.0,4,34607
163466,14549,1,13,2,1,33,14,3,2.0,1.0,1.0,4,34607
163467,15001,1,13,5,1,37,1,1,6.0,1.0,1.0,4,33557
163468,15001,1,13,5,1,37,1,2,6.0,1.0,1.0,4,33557
163469,15001,1,13,5,1,37,1,3,6.0,1.0,1.0,4,33557
163470,15001,1,13,5,1,37,2,1,6.0,1.0,1.0,4,33557
163471,15001,1,13,5,1,37,2,2,6.0,1.0,1.0,4,33557
163472,15001,1,13,5,1,37,2,3,6.0,1.0,1.0,4,33557
163473,15001,1,13,5,1,37,2,4,6.0,1.0,1.0,4,33557
163474,15001,1,13,5,1,37,3,1,7.0,2.0,1.0,4,33557
163475,15001,1,13,5,1,37,3,2,7.0,2.0,1.0,4,33557
163476,15001,1,13,5,1,37,3,3,7.0,2.0,1.0,4,33557
163477,15001,1,13,5,1,37,3,4,7.0,2.0,1.0,4,33557
163478,15001,1,13,5,1,37,4,1,7.0,2.0,1.0,4,33557
163479,15001,1,13,5,1,37,4,2,7.0,2.0,1.0,4,33557
163480,15001,1,13,5,1,37,4,3,7.0,2.0,1.0,4,33557
163481,15001,1,13,5,1,37,5,1,1.0,1.0,1.0,4,33557
163482,15001,1,13,5,1,37,5,2,1.0,1.0,1.0,4,33557
163483,15001,1,13,5,1,37,6,1,1.0,1.0,1.0,4,33557
163484,15001,1,13,5,1,37,6,2,1.0,1.0,1.0,4,33557
163485,15001,1,13,5,1,37,6,3,1.0,1.0,1.0,4,33557
163486,15001,1,13,5,1,37,7,1,2.0,1.0,1.0,4,33557
163487,15001,1,13,5,1,37,7,2,2.0,1.0,1.0,4,33557
163488,15001,1,13,5,1,37,8,1,2.0,1.0,1.0,4,33557
163489,15001,1,13,5,1,37,8,2,2.0,1.0,1.0,4,33557
163490,15001,1,13,5,1,37,8,3,2.0,1.0,1.0,4,33557
163491,15001,1,13,5,1,37,9,1,3.0,1.0,1.0,4,33557
163492,15001,1,13,5,1,37,9,2,3.0,1.0,1.0,4,33557
163493,15001,1,13,5,1,37,9,3,3.0,1.0,1.0,4,33557
163494,15001,1,13,5,1,37,10,1,3.0,1.0,1.0,4,33557
163495,15001,1,13,5,1,37,11,1,4.0,1.0,1.0,4,33557
163496,15001,1,13,5,1,37,11,2,4.0,1.0,1.0,4,33557
163497,15001,1,13,5,1,37,11,3,4.0,1.0,1.0,4,33557
163498,15001,1,13,5,1,37,12,1,4.0,1.0,1.0,4,33557
163499,15001,1,13,5,1,37,12,2,4.0,1.0,1.0,4,33557
163500,15001,1,13,5,1,37,12,3,4.0,1.0,1.0,4,33557
163501,15001,1,13,5,1,37,12,4,4.0,1.0,1.0,4,33557
163502,15001,1,13,5,1,37,13,1,5.0,1.0,1.0,4,33557
163503,15001,1,13,5,1,37,13,2,5.0,1.0,1.0,4,33557
163504,15001,1,13,5,1,37,13,3,5.0,1.0,1.0,4,33557
163505,15001,1,13,5,1,37,14,1,5.0,1.0,1.0,4,33557
163506,15001,1,13,5,1,37,14,2,5.0,1.0,1.0,4,33557
163507,15083,1,13,7,1,31,1,1,3.0,1.0,1.0,4,15536
163508,15083,1,13,7,1,31,1,2,3.0,1.0,1.0,4,15536
163509,15083,1,13,7,1,31,2,1,4.0,1.0,1.0,4,15536
163510,15083,1,13,7,1,31,2,2,4.0,1.0,1.0,4,15536
163511,15083,1,13,7,1,31,2,3,4.0,1.0,1.0,4,15536
163512,15083,1,13,7,1,31,3,1,3.0,1.0,1.0,4,15536
163513,15083,1,13,7,1,31,3,2,3.0,1.0,1.0,4,15536
163514,15083,1,13,7,1,31,3,3,3.0,1.0,1.0,4,15536
163515,15083,1,13,7,1,31,4,1,4.0,1.0,1.0,4,15536
163516,15083,1,13,7,1,31,4,2,4.0,1.0,1.0,4,15536
163517,15083,1,13,7,1,31,5,1,5.0,1.0,1.0,4,15536
163518,15083,1,13,7,1,31,5,2,5.0,1.0,1.0,4,15536
163519,15083,1,13,7,1,31,5,3,5.0,1.0,1.0,4,15536
163520,15083,1,13,7,1,31,5,4,5.0,1.0,1.0,4,15536
163521,15083,1,13,7,1,31,6,1,5.0,1.0,1.0,4,15536
163522,15083,1,13,7,1,31,7,1,6.0,1.0,1.0,4,15536
163523,15083,1,13,7,1,31,7,2,6.0,1.0,1.0,4,15536
163524,15083,1,13,7,1,31,8,1,6.0,1.0,1.0,4,15536
163525,15083,1,13,7,1,31,8,2,6.0,1.0,1.0,4,15536
163526,15083,1,13,7,1,31,8,3,6.0,1.0,1.0,4,15536
163527,15083,1,13,7,1,31,8,4,6.0,1.0,1.0,4,15536
163528,15083,1,13,7,1,31,9,1,7.0,2.0,1.0,4,15536
163529,15083,1,13,7,1,31,9,2,7.0,2.0,1.0,4,15536
163530,15083,1,13,7,1,31,10,1,7.0,2.0,1.0,4,15536
163531,15083,1,13,7,1,31,10,2,7.0,2.0,1.0,4,15536
163532,15083,1,13,7,1,31,11,1,1.0,1.0,1.0,4,15536
163533,15083,1,13,7,1,31,11,2,1.0,1.0,1.0,4,15536
163534,15083,1,13,7,1,31,11,3,1.0,1.0,1.0,4,15536
163535,15083,1,13,7,1,31,11,4,1.0,1.0,1.0,4,15536
163536,15083,1,13,7,1,31,12,1,1.0,1.0,1.0,4,15536
163537,15083,1,13,7,1,31,12,2,1.0,1.0,1.0,4,15536
163538,15083,1,13,7,1,31,13,1,2.0,1.0,1.0,4,15536
163539,15083,1,13,7,1,31,13,2,2.0,1.0,1.0,4,15536
163540,15083,1,13,7,1,31,13,3,2.0,1.0,1.0,4,15536
163541,15083,1,13,7,1,31,14,1,2.0,1.0,1.0,4,15536
163542,15083,1,13,7,1,31,14,2,2.0,1.0,1.0,4,15536
163543,15091,1,13,3,1,34,1,1,1.0,1.0,1.0,4,25714
163544,15091,1,13,3,1,34,1,2,1.0,1.0,1.0,4,25714
163545,15091,1,13,3,1,34,1,3,1.0,1.0,1.0,4,25714
163546,15091,1,13,3,1,34,1,4,1.0,1.0,1.0,4,25714
163547,15091,1,13,3,1,34,2,1,1.0,1.0,1.0,4,25714
163548,15091,1,13,3,1,34,2,2,1.0,1.0,1.0,4,25714
163549,15091,1,13,3,1,34,2,3,1.0,1.0,1.0,4,25714
163550,15091,1,13,3,1,34,3,1,2.0,1.0,1.0,4,25714
163551,15091,1,13,3,1,34,3,2,2.0,1.0,1.0,4,25714
163552,15091,1,13,3,1,34,4,1,2.0,1.0,1.0,4,25714
163553,15091,1,13,3,1,34,4,2,2.0,1.0,1.0,4,25714
163554,15091,1,13,3,1,34,4,3,2.0,1.0,1.0,4,25714
163555,15091,1,13,3,1,34,4,4,2.0,1.0,1.0,4,25714
163556,15091,1,13,3,1,34,5,1,3.0,1.0,1.0,4,25714
163557,15091,1,13,3,1,34,5,2,3.0,1.0,1.0,4,25714
163558,15091,1,13,3,1,34,6,1,3.0,1.0,1.0,4,25714
163559,15091,1,13,3,1,34,6,2,3.0,1.0,1.0,4,25714
163560,15091,1,13,3,1,34,6,3,3.0,1.0,1.0,4,25714
163561,15091,1,13,3,1,34,7,1,4.0,1.0,1.0,4,25714
163562,15091,1,13,3,1,34,7,2,4.0,1.0,1.0,4,25714
163563,15091,1,13,3,1,34,8,1,4.0,1.0,1.0,4,25714
163564,15091,1,13,3,1,34,8,2,4.0,1.0,1.0,4,25714
163565,15091,1,13,3,1,34,8,3,4.0,1.0,1.0,4,25714
163566,15091,1,13,3,1,34,8,4,4.0,1.0,1.0,4,25714
163567,15091,1,13,3,1,34,8,5,4.0,1.0,1.0,4,25714
163568,15091,1,13,3,1,34,9,1,5.0,1.0,1.0,4,25714
163569,15091,1,13,3,1,34,9,2,5.0,1.0,1.0,4,25714
163570,15091,1,13,3,1,34,10,1,5.0,1.0,1.0,4,25714
163571,15091,1,13,3,1,34,10,2,5.0,1.0,1.0,4,25714
163572,15091,1,13,3,1,34,11,1,6.0,1.0,1.0,4,25714
163573,15091,1,13,3,1,34,11,2,6.0,1.0,1.0,4,25714
163574,15091,1,13,3,1,34,12,1,6.0,1.0,1.0,4,25714
163575,15091,1,13,3,1,34,12,2,6.0,1.0,1.0,4,25714
163576,15091,1,13,3,1,34,13,1,7.0,1.0,1.0,4,25714
163577,15091,1,13,3,1,34,13,2,7.0,1.0,1.0,4,25714
163578,15091,1,13,3,1,34,14,1,7.0,1.0,1.0,4,25714
163579,15091,1,13,3,1,34,14,2,7.0,1.0,1.0,4,25714
163580,15227,1,13,3,1,36,1,1,4.0,1.0,1.0,4,33557
163581,15227,1,13,3,1,36,1,2,4.0,1.0,1.0,4,33557
163582,15227,1,13,3,1,36,2,1,6.0,1.0,1.0,4,33557
163583,15227,1,13,3,1,36,2,2,6.0,1.0,1.0,4,33557
163584,15227,1,13,3,1,36,2,3,6.0,1.0,1.0,4,33557
163585,15227,1,13,3,1,36,2,4,6.0,1.0,1.0,4,33557
163586,15227,1,13,3,1,36,2,5,6.0,1.0,1.0,4,33557
163587,15227,1,13,3,1,36,3,1,3.0,1.0,1.0,4,33557
163588,15227,1,13,3,1,36,3,2,3.0,1.0,1.0,4,33557
163589,15227,1,13,3,1,36,4,1,5.0,1.0,1.0,4,33557
163590,15227,1,13,3,1,36,4,2,5.0,1.0,1.0,4,33557
163591,15227,1,13,3,1,36,4,3,5.0,1.0,1.0,4,33557
163592,15227,1,13,3,1,36,5,1,5.0,1.0,1.0,4,33557
163593,15227,1,13,3,1,36,5,2,5.0,1.0,1.0,4,33557
163594,15227,1,13,3,1,36,5,3,5.0,1.0,1.0,4,33557
163595,15227,1,13,3,1,36,5,4,5.0,1.0,1.0,4,33557
163596,15227,1,13,3,1,36,5,5,5.0,1.0,1.0,4,33557
163597,15227,1,13,3,1,36,6,1,2.0,1.0,1.0,4,33557
163598,15227,1,13,3,1,36,6,2,2.0,1.0,1.0,4,33557
163599,15227,1,13,3,1,36,6,3,2.0,1.0,1.0,4,33557
163600,15227,1,13,3,1,36,7,1,1.0,1.0,1.0,4,33557
163601,15227,1,13,3,1,36,7,2,1.0,1.0,1.0,4,33557
163602,15227,1,13,3,1,36,7,3,1.0,1.0,1.0,4,33557
163603,15227,1,13,3,1,36,7,4,1.0,1.0,1.0,4,33557
163604,15227,1,13,3,1,36,8,1,4.0,1.0,1.0,4,33557
163605,15227,1,13,3,1,36,8,2,4.0,1.0,1.0,4,33557
163606,15227,1,13,3,1,36,8,3,4.0,1.0,1.0,4,33557
163607,15227,1,13,3,1,36,9,1,1.0,1.0,1.0,4,33557
163608,15227,1,13,3,1,36,9,2,1.0,1.0,1.0,4,33557
163609,15227,1,13,3,1,36,10,1,6.0,1.0,1.0,4,33557
163610,15227,1,13,3,1,36,11,1,7.0,1.0,1.0,4,33557
163611,15227,1,13,3,1,36,11,2,7.0,1.0,1.0,4,33557
163612,15227,1,13,3,1,36,12,1,7.0,1.0,1.0,4,33557
163613,15227,1,13,3,1,36,12,2,7.0,1.0,1.0,4,33557
163614,15227,1,13,3,1,36,12,3,7.0,1.0,1.0,4,33557
163615,15227,1,13,3,1,36,12,4,7.0,1.0,1.0,4,33557
163616,15227,1,13,3,1,36,13,1,2.0,1.0,1.0,4,33557
163617,15227,1,13,3,1,36,13,2,2.0,1.0,1.0,4,33557
163618,15227,1,13,3,1,36,13,3,2.0,1.0,1.0,4,33557
163619,15227,1,13,3,1,36,13,4,2.0,1.0,1.0,4,33557
163620,15227,1,13,3,1,36,13,5,2.0,1.0,1.0,4,33557
163621,15227,1,13,3,1,36,14,1,3.0,1.0,1.0,4,33557
163622,15227,1,13,3,1,36,14,2,3.0,1.0,1.0,4,33557
163623,15231,1,13,6,1,38,1,1,1.0,1.0,1.0,4,47216
163624,15231,1,13,6,1,38,1,2,1.0,1.0,1.0,4,47216
163625,15231,1,13,6,1,38,1,3,1.0,1.0,1.0,4,47216
163626,15231,1,13,6,1,38,1,4,1.0,1.0,1.0,4,47216
163627,15231,1,13,6,1,38,1,5,1.0,1.0,1.0,4,47216
163628,15231,1,13,6,1,38,2,1,1.0,1.0,1.0,4,47216
163629,15231,1,13,6,1,38,2,2,1.0,1.0,1.0,4,47216
163630,15231,1,13,6,1,38,2,3,1.0,1.0,1.0,4,47216
163631,15231,1,13,6,1,38,2,4,1.0,1.0,1.0,4,47216
163632,15231,1,13,6,1,38,3,1,2.0,1.0,1.0,4,47216
163633,15231,1,13,6,1,38,3,2,2.0,1.0,1.0,4,47216
163634,15231,1,13,6,1,38,3,3,2.0,1.0,1.0,4,47216
163635,15231,1,13,6,1,38,4,1,2.0,1.0,1.0,4,47216
163636,15231,1,13,6,1,38,4,2,2.0,1.0,1.0,4,47216
163637,15231,1,13,6,1,38,4,3,2.0,1.0,1.0,4,47216
163638,15231,1,13,6,1,38,4,4,2.0,1.0,1.0,4,47216
163639,15231,1,13,6,1,38,5,1,3.0,1.0,1.0,4,47216
163640,15231,1,13,6,1,38,5,2,3.0,1.0,1.0,4,47216
163641,15231,1,13,6,1,38,6,1,3.0,1.0,1.0,4,47216
163642,15231,1,13,6,1,38,6,2,3.0,1.0,1.0,4,47216
163643,15231,1,13,6,1,38,6,3,3.0,1.0,1.0,4,47216
163644,15231,1,13,6,1,38,7,1,4.0,1.0,1.0,4,47216
163645,15231,1,13,6,1,38,7,2,4.0,1.0,1.0,4,47216
163646,15231,1,13,6,1,38,7,3,4.0,1.0,1.0,4,47216
163647,15231,1,13,6,1,38,8,1,4.0,1.0,1.0,4,47216
163648,15231,1,13,6,1,38,8,2,4.0,1.0,1.0,4,47216
163649,15231,1,13,6,1,38,8,3,4.0,1.0,1.0,4,47216
163650,15231,1,13,6,1,38,9,1,5.0,1.0,1.0,4,47216
163651,15231,1,13,6,1,38,9,2,5.0,1.0,1.0,4,47216
163652,15231,1,13,6,1,38,9,3,5.0,1.0,1.0,4,47216
163653,15231,1,13,6,1,38,9,4,5.0,1.0,1.0,4,47216
163654,15231,1,13,6,1,38,10,1,5.0,1.0,1.0,4,47216
163655,15231,1,13,6,1,38,10,2,5.0,1.0,1.0,4,47216
163656,15231,1,13,6,1,38,10,3,5.0,1.0,1.0,4,47216
163657,15231,1,13,6,1,38,11,1,6.0,1.0,1.0,4,47216
163658,15231,1,13,6,1,38,11,2,6.0,1.0,1.0,4,47216
163659,15231,1,13,6,1,38,11,3,6.0,1.0,1.0,4,47216
163660,15231,1,13,6,1,38,12,1,6.0,1.0,1.0,4,47216
163661,15231,1,13,6,1,38,12,2,6.0,1.0,1.0,4,47216
163662,15231,1,13,6,1,38,12,3,6.0,1.0,1.0,4,47216
163663,15231,1,13,6,1,38,12,4,6.0,1.0,1.0,4,47216
163664,15231,1,13,6,1,38,13,1,7.0,1.0,1.0,4,47216
163665,15231,1,13,6,1,38,13,2,7.0,1.0,1.0,4,47216
163666,15231,1,13,6,1,38,14,1,7.0,1.0,1.0,4,47216
163667,15231,1,13,6,1,38,14,2,7.0,1.0,1.0,4,47216
163668,15231,1,13,6,1,38,14,3,7.0,1.0,1.0,4,47216
163669,15412,1,13,1,1,21,1,1,1.0,1.0,1.0,4,19671
163670,15412,1,13,1,1,21,1,2,1.0,1.0,1.0,4,19671
163671,15412,1,13,1,1,21,2,1,1.0,1.0,1.0,4,19671
163672,15412,1,13,1,1,21,2,2,1.0,1.0,1.0,4,19671
163673,15412,1,13,1,1,21,2,3,1.0,1.0,1.0,4,19671
163674,15412,1,13,1,1,21,2,4,1.0,1.0,1.0,4,19671
163675,15412,1,13,1,1,21,2,5,1.0,1.0,1.0,4,19671
163676,15412,1,13,1,1,21,3,1,2.0,1.0,1.0,4,19671
163677,15412,1,13,1,1,21,3,2,2.0,1.0,1.0,4,19671
163678,15412,1,13,1,1,21,3,3,2.0,1.0,1.0,4,19671
163679,15412,1,13,1,1,21,4,1,2.0,1.0,1.0,4,19671
163680,15412,1,13,1,1,21,4,2,2.0,1.0,1.0,4,19671
163681,15412,1,13,1,1,21,4,3,2.0,1.0,1.0,4,19671
163682,15412,1,13,1,1,21,4,4,2.0,1.0,1.0,4,19671
163683,15412,1,13,1,1,21,5,1,3.0,1.0,1.0,4,19671
163684,15412,1,13,1,1,21,5,2,3.0,1.0,1.0,4,19671
163685,15412,1,13,1,1,21,5,3,3.0,1.0,1.0,4,19671
163686,15412,1,13,1,1,21,5,4,3.0,1.0,1.0,4,19671
163687,15412,1,13,1,1,21,6,1,3.0,1.0,1.0,4,19671
163688,15412,1,13,1,1,21,6,2,3.0,1.0,1.0,4,19671
163689,15412,1,13,1,1,21,6,3,3.0,1.0,1.0,4,19671
163690,15412,1,13,1,1,21,6,4,3.0,1.0,1.0,4,19671
163691,15412,1,13,1,1,21,6,5,3.0,1.0,1.0,4,19671
163692,15412,1,13,1,1,21,7,1,4.0,1.0,1.0,4,19671
163693,15412,1,13,1,1,21,7,2,4.0,1.0,1.0,4,19671
163694,15412,1,13,1,1,21,7,3,4.0,1.0,2.0,4,19671
163695,15412,1,13,1,1,21,8,1,4.0,1.0,1.0,4,19671
163696,15412,1,13,1,1,21,8,2,4.0,1.0,1.0,4,19671
163697,15412,1,13,1,1,21,8,3,4.0,1.0,1.0,4,19671
163698,15412,1,13,1,1,21,8,4,4.0,1.0,1.0,4,19671
163699,15412,1,13,1,1,21,9,1,5.0,1.0,1.0,4,19671
163700,15412,1,13,1,1,21,9,2,5.0,1.0,1.0,4,19671
163701,15412,1,13,1,1,21,9,3,5.0,1.0,1.0,4,19671
163702,15412,1,13,1,1,21,9,4,5.0,1.0,1.0,4,19671
163703,15412,1,13,1,1,21,9,5,5.0,1.0,1.0,4,19671
163704,15412,1,13,1,1,21,10,1,5.0,1.0,1.0,4,19671
163705,15412,1,13,1,1,21,10,2,5.0,1.0,1.0,4,19671
163706,15412,1,13,1,1,21,10,3,5.0,1.0,1.0,4,19671
163707,15412,1,13,1,1,21,11,1,6.0,1.0,1.0,4,19671
163708,15412,1,13,1,1,21,11,2,6.0,1.0,1.0,4,19671
163709,15412,1,13,1,1,21,11,3,6.0,1.0,1.0,4,19671
163710,15412,1,13,1,1,21,11,4,6.0,1.0,1.0,4,19671
163711,15412,1,13,1,1,21,11,5,6.0,1.0,1.0,4,19671
163712,15412,1,13,1,1,21,12,1,6.0,1.0,1.0,4,19671
163713,15412,1,13,1,1,21,12,2,6.0,1.0,1.0,4,19671
163714,15412,1,13,1,1,21,13,1,7.0,1.0,1.0,4,19671
163715,15412,1,13,1,1,21,13,2,7.0,1.0,1.0,4,19671
163716,15412,1,13,1,1,21,13,3,7.0,1.0,1.0,4,19671
163717,15412,1,13,1,1,21,13,4,7.0,1.0,2.0,4,19671
163718,15412,1,13,1,1,21,14,1,7.0,1.0,1.0,4,19671
163719,15412,1,13,1,1,21,14,2,7.0,1.0,1.0,4,19671
163720,15412,1,13,1,1,21,14,3,7.0,1.0,1.0,4,19671
163721,15412,1,13,1,1,21,14,4,7.0,1.0,1.0,4,19671
163722,15612,1,13,2,1,31,1,1,5.0,1.0,1.0,4,28929
163723,15612,1,13,2,1,31,1,2,5.0,1.0,1.0,4,28929
163724,15612,1,13,2,1,31,1,3,5.0,1.0,1.0,4,28929
163725,15612,1,13,2,1,31,2,1,5.0,1.0,1.0,4,28929
163726,15612,1,13,2,1,31,2,2,5.0,1.0,1.0,4,28929
163727,15612,1,13,2,1,31,2,3,5.0,1.0,1.0,4,28929
163728,15612,1,13,2,1,31,3,1,7.0,1.0,1.0,4,28929
163729,15612,1,13,2,1,31,3,2,7.0,1.0,1.0,4,28929
163730,15612,1,13,2,1,31,3,3,7.0,1.0,1.0,4,28929
163731,15612,1,13,2,1,31,3,4,7.0,1.0,1.0,4,28929
163732,15612,1,13,2,1,31,4,1,6.0,1.0,1.0,4,28929
163733,15612,1,13,2,1,31,4,2,6.0,1.0,1.0,4,28929
163734,15612,1,13,2,1,31,4,3,6.0,1.0,1.0,4,28929
163735,15612,1,13,2,1,31,4,4,6.0,1.0,1.0,4,28929
163736,15612,1,13,2,1,31,5,1,6.0,1.0,1.0,4,28929
163737,15612,1,13,2,1,31,5,2,6.0,1.0,1.0,4,28929
163738,15612,1,13,2,1,31,5,3,6.0,1.0,1.0,4,28929
163739,15612,1,13,2,1,31,6,1,1.0,1.0,1.0,4,28929
163740,15612,1,13,2,1,31,6,2,1.0,1.0,1.0,4,28929
163741,15612,1,13,2,1,31,6,3,1.0,1.0,1.0,4,28929
163742,15612,1,13,2,1,31,6,4,1.0,1.0,1.0,4,28929
163743,15612,1,13,2,1,31,7,1,1.0,1.0,1.0,4,28929
163744,15612,1,13,2,1,31,7,2,1.0,1.0,1.0,4,28929
163745,15612,1,13,2,1,31,8,1,7.0,1.0,1.0,4,28929
163746,15612,1,13,2,1,31,8,2,7.0,1.0,1.0,4,28929
163747,15612,1,13,2,1,31,8,3,7.0,1.0,1.0,4,28929
163748,15612,1,13,2,1,31,8,4,7.0,1.0,1.0,4,28929
163749,15612,1,13,2,1,31,9,1,2.0,1.0,1.0,4,28929
163750,15612,1,13,2,1,31,9,2,2.0,1.0,1.0,4,28929
163751,15612,1,13,2,1,31,9,3,2.0,1.0,1.0,4,28929
163752,15612,1,13,2,1,31,10,1,3.0,1.0,1.0,4,28929
163753,15612,1,13,2,1,31,10,2,3.0,1.0,1.0,4,28929
163754,15612,1,13,2,1,31,10,3,3.0,1.0,1.0,4,28929
163755,15612,1,13,2,1,31,10,4,3.0,1.0,1.0,4,28929
163756,15612,1,13,2,1,31,10,5,3.0,1.0,1.0,4,28929
163757,15612,1,13,2,1,31,11,1,4.0,1.0,1.0,4,28929
163758,15612,1,13,2,1,31,11,2,4.0,1.0,1.0,4,28929
163759,15612,1,13,2,1,31,11,3,4.0,1.0,1.0,4,28929
163760,15612,1,13,2,1,31,12,1,3.0,1.0,1.0,4,28929
163761,15612,1,13,2,1,31,12,2,3.0,1.0,1.0,4,28929
163762,15612,1,13,2,1,31,12,4,3.0,1.0,1.0,4,28929
163763,15612,1,13,2,1,31,13,1,2.0,1.0,1.0,4,28929
163764,15612,1,13,2,1,31,13,2,2.0,1.0,1.0,4,28929
163765,15612,1,13,2,1,31,13,3,2.0,1.0,1.0,4,28929
163766,15612,1,13,2,1,31,13,4,2.0,1.0,1.0,4,28929
163767,15612,1,13,2,1,31,14,1,4.0,1.0,1.0,4,28929
163768,15612,1,13,2,1,31,14,2,4.0,1.0,1.0,4,28929
163769,15683,1,13,10,1,11,1,1,7.0,2.0,1.0,4,5313
163770,15683,1,13,10,1,11,1,2,7.0,2.0,1.0,4,5313
163771,15683,1,13,10,1,11,2,1,7.0,2.0,1.0,4,5313
163772,15683,1,13,10,1,11,2,2,7.0,2.0,1.0,4,5313
163773,15683,1,13,10,1,11,2,3,7.0,2.0,1.0,4,5313
163774,15683,1,13,10,1,11,3,1,1.0,1.0,1.0,4,5313
163775,15683,1,13,10,1,11,3,2,1.0,1.0,1.0,4,5313
163776,15683,1,13,10,1,11,3,3,1.0,1.0,1.0,4,5313
163777,15683,1,13,10,1,11,4,1,1.0,1.0,1.0,4,5313
163778,15683,1,13,10,1,11,4,2,1.0,1.0,1.0,4,5313
163779,15683,1,13,10,1,11,5,1,2.0,1.0,1.0,4,5313
163780,15683,1,13,10,1,11,5,2,2.0,1.0,1.0,4,5313
163781,15683,1,13,10,1,11,5,3,2.0,1.0,1.0,4,5313
163782,15683,1,13,10,1,11,6,1,2.0,1.0,1.0,4,5313
163783,15683,1,13,10,1,11,6,2,2.0,1.0,1.0,4,5313
163784,15683,1,13,10,1,11,7,1,3.0,1.0,1.0,4,5313
163785,15683,1,13,10,1,11,7,2,3.0,1.0,1.0,4,5313
163786,15683,1,13,10,1,11,7,3,3.0,1.0,1.0,4,5313
163787,15683,1,13,10,1,11,8,1,3.0,1.0,1.0,4,5313
163788,15683,1,13,10,1,11,8,2,3.0,1.0,1.0,4,5313
163789,15683,1,13,10,1,11,9,1,4.0,1.0,1.0,4,5313
163790,15683,1,13,10,1,11,9,2,4.0,1.0,1.0,4,5313
163791,15683,1,13,10,1,11,10,1,4.0,1.0,1.0,4,5313
163792,15683,1,13,10,1,11,10,2,4.0,1.0,1.0,4,5313
163793,15683,1,13,10,1,11,11,1,5.0,1.0,1.0,4,5313
163794,15683,1,13,10,1,11,11,2,5.0,1.0,1.0,4,5313
163795,15683,1,13,10,1,11,11,3,5.0,1.0,1.0,4,5313
163796,15683,1,13,10,1,11,12,1,5.0,1.0,1.0,4,5313
163797,15683,1,13,10,1,11,12,2,5.0,1.0,1.0,4,5313
163798,15683,1,13,10,1,11,12,3,5.0,1.0,1.0,4,5313
163799,15683,1,13,10,1,11,12,4,5.0,1.0,1.0,4,5313
163800,15683,1,13,10,1,11,13,1,6.0,1.0,1.0,4,5313
163801,15683,1,13,10,1,11,13,2,6.0,1.0,1.0,4,5313
163802,15683,1,13,10,1,11,13,3,6.0,1.0,1.0,4,5313
163803,15683,1,13,10,1,11,13,4,6.0,1.0,1.0,4,5313
163804,15683,1,13,10,1,11,14,1,6.0,1.0,1.0,4,5313
163805,16176,1,13,1,1,37,1,1,1.0,1.0,1.0,4,32657
163806,16176,1,13,1,1,37,1,2,1.0,1.0,1.0,4,32657
163807,16176,1,13,1,1,37,1,3,1.0,1.0,1.0,4,32657
163808,16176,1,13,1,1,37,1,4,1.0,1.0,1.0,4,32657
163809,16176,1,13,1,1,37,1,5,1.0,1.0,1.0,4,32657
163810,16176,1,13,1,1,37,2,1,1.0,1.0,1.0,4,32657
163811,16176,1,13,1,1,37,3,1,2.0,1.0,1.0,4,32657
163812,16176,1,13,1,1,37,3,2,2.0,1.0,1.0,4,32657
163813,16176,1,13,1,1,37,4,1,2.0,1.0,1.0,4,32657
163814,16176,1,13,1,1,37,4,2,2.0,1.0,1.0,4,32657
163815,16176,1,13,1,1,37,4,3,2.0,1.0,1.0,4,32657
163816,16176,1,13,1,1,37,4,4,2.0,1.0,1.0,4,32657
163817,16176,1,13,1,1,37,5,1,3.0,1.0,1.0,4,32657
163818,16176,1,13,1,1,37,5,2,3.0,1.0,1.0,4,32657
163819,16176,1,13,1,1,37,5,3,3.0,1.0,1.0,4,32657
163820,16176,1,13,1,1,37,5,4,3.0,1.0,1.0,4,32657
163821,16176,1,13,1,1,37,5,5,3.0,1.0,1.0,4,32657
163822,16176,1,13,1,1,37,6,1,3.0,1.0,1.0,4,32657
163823,16176,1,13,1,1,37,6,2,3.0,1.0,1.0,4,32657
163824,16176,1,13,1,1,37,6,3,3.0,1.0,1.0,4,32657
163825,16176,1,13,1,1,37,7,1,4.0,1.0,1.0,4,32657
163826,16176,1,13,1,1,37,7,2,4.0,1.0,1.0,4,32657
163827,16176,1,13,1,1,37,7,3,4.0,1.0,1.0,4,32657
163828,16176,1,13,1,1,37,7,4,4.0,1.0,1.0,4,32657
163829,16176,1,13,1,1,37,7,5,4.0,1.0,1.0,4,32657
163830,16176,1,13,1,1,37,8,1,4.0,1.0,1.0,4,32657
163831,16176,1,13,1,1,37,8,2,4.0,1.0,1.0,4,32657
163832,16176,1,13,1,1,37,9,1,5.0,1.0,1.0,4,32657
163833,16176,1,13,1,1,37,9,2,5.0,1.0,1.0,4,32657
163834,16176,1,13,1,1,37,10,1,5.0,1.0,1.0,4,32657
163835,16176,1,13,1,1,37,10,2,5.0,1.0,1.0,4,32657
163836,16176,1,13,1,1,37,11,1,1.0,1.0,1.0,4,32657
163837,16176,1,13,1,1,37,11,2,1.0,1.0,1.0,4,32657
163838,16176,1,13,1,1,37,12,1,1.0,1.0,1.0,4,32657
163839,16176,1,13,1,1,37,12,2,1.0,1.0,1.0,4,32657
163840,16176,1,13,1,1,37,13,1,7.0,2.0,1.0,4,32657
163841,16176,1,13,1,1,37,14,1,7.0,2.0,1.0,4,32657
163842,16176,1,13,1,1,37,14,2,7.0,2.0,1.0,4,32657
163843,16188,1,13,6,1,33,1,1,2.0,1.0,1.0,4,74314
163844,16188,1,13,6,1,33,1,2,2.0,1.0,1.0,4,74314
163845,16188,1,13,6,1,33,1,3,2.0,1.0,1.0,4,74314
163846,16188,1,13,6,1,33,1,4,2.0,1.0,1.0,4,74314
163847,16188,1,13,6,1,33,2,1,2.0,1.0,1.0,4,74314
163848,16188,1,13,6,1,33,2,2,2.0,1.0,1.0,4,74314
163849,16188,1,13,6,1,33,3,1,3.0,1.0,1.0,4,74314
163850,16188,1,13,6,1,33,3,2,3.0,1.0,1.0,4,74314
163851,16188,1,13,6,1,33,3,3,3.0,1.0,1.0,4,74314
163852,16188,1,13,6,1,33,4,1,3.0,1.0,1.0,4,74314
163853,16188,1,13,6,1,33,4,2,3.0,1.0,1.0,4,74314
163854,16188,1,13,6,1,33,4,3,3.0,1.0,1.0,4,74314
163855,16188,1,13,6,1,33,4,4,3.0,1.0,1.0,4,74314
163856,16188,1,13,6,1,33,5,1,4.0,1.0,1.0,4,74314
163857,16188,1,13,6,1,33,5,2,4.0,1.0,1.0,4,74314
163858,16188,1,13,6,1,33,5,3,4.0,1.0,1.0,4,74314
163859,16188,1,13,6,1,33,5,4,4.0,1.0,1.0,4,74314
163860,16188,1,13,6,1,33,6,1,4.0,1.0,1.0,4,74314
163861,16188,1,13,6,1,33,6,2,4.0,1.0,1.0,4,74314
163862,16188,1,13,6,1,33,6,3,4.0,1.0,1.0,4,74314
163863,16188,1,13,6,1,33,7,1,5.0,1.0,1.0,4,74314
163864,16188,1,13,6,1,33,7,2,5.0,1.0,1.0,4,74314
163865,16188,1,13,6,1,33,7,3,5.0,1.0,1.0,4,74314
163866,16188,1,13,6,1,33,8,1,5.0,1.0,1.0,4,74314
163867,16188,1,13,6,1,33,8,2,5.0,1.0,1.0,4,74314
163868,16188,1,13,6,1,33,8,3,5.0,1.0,1.0,4,74314
163869,16188,1,13,6,1,33,8,4,5.0,1.0,1.0,4,74314
163870,16188,1,13,6,1,33,9,1,6.0,1.0,1.0,4,74314
163871,16188,1,13,6,1,33,9,2,6.0,1.0,1.0,4,74314
163872,16188,1,13,6,1,33,10,1,6.0,1.0,1.0,4,74314
163873,16188,1,13,6,1,33,10,2,6.0,1.0,1.0,4,74314
163874,16188,1,13,6,1,33,10,3,6.0,1.0,1.0,4,74314
163875,16188,1,13,6,1,33,11,1,7.0,2.0,1.0,4,74314
163876,16188,1,13,6,1,33,11,2,7.0,2.0,1.0,4,74314
163877,16188,1,13,6,1,33,11,3,7.0,2.0,1.0,4,74314
163878,16188,1,13,6,1,33,11,4,7.0,2.0,1.0,4,74314
163879,16188,1,13,6,1,33,11,5,7.0,2.0,1.0,4,74314
163880,16188,1,13,6,1,33,11,6,7.0,2.0,1.0,4,74314
163881,16188,1,13,6,1,33,12,1,7.0,2.0,1.0,4,74314
163882,16188,1,13,6,1,33,12,2,7.0,2.0,1.0,4,74314
163883,16188,1,13,6,1,33,12,3,7.0,2.0,1.0,4,74314
163884,16188,1,13,6,1,33,12,4,7.0,2.0,1.0,4,74314
163885,16188,1,13,6,1,33,12,5,7.0,2.0,1.0,4,74314
163886,16188,1,13,6,1,33,13,1,1.0,1.0,1.0,4,74314
163887,16188,1,13,6,1,33,13,2,1.0,1.0,1.0,4,74314
163888,16188,1,13,6,1,33,13,3,1.0,1.0,1.0,4,74314
163889,16188,1,13,6,1,33,13,4,1.0,1.0,1.0,4,74314
163890,16188,1,13,6,1,33,14,1,1.0,1.0,1.0,4,74314
163891,16188,1,13,6,1,33,14,2,1.0,1.0,1.0,4,74314
163892,16188,1,13,6,1,33,14,3,1.0,1.0,1.0,4,74314
163893,16270,1,13,10,1,21,1,1,4.0,1.0,1.0,4,22586
163894,16270,1,13,10,1,21,1,2,4.0,1.0,1.0,4,22586
163895,16270,1,13,10,1,21,1,3,4.0,1.0,1.0,4,22586
163896,16270,1,13,10,1,21,1,4,4.0,1.0,1.0,4,22586
163897,16270,1,13,10,1,21,2,1,4.0,1.0,1.0,4,22586
163898,16270,1,13,10,1,21,3,1,5.0,1.0,1.0,4,22586
163899,16270,1,13,10,1,21,3,2,5.0,1.0,1.0,4,22586
163900,16270,1,13,10,1,21,3,3,5.0,1.0,1.0,4,22586
163901,16270,1,13,10,1,21,4,1,5.0,1.0,1.0,4,22586
163902,16270,1,13,10,1,21,4,2,5.0,1.0,1.0,4,22586
163903,16270,1,13,10,1,21,4,3,5.0,1.0,1.0,4,22586
163904,16270,1,13,10,1,21,4,4,5.0,1.0,1.0,4,22586
163905,16270,1,13,10,1,21,5,1,6.0,1.0,1.0,4,22586
163906,16270,1,13,10,1,21,5,2,6.0,1.0,1.0,4,22586
163907,16270,1,13,10,1,21,6,1,6.0,1.0,1.0,4,22586
163908,16270,1,13,10,1,21,6,2,6.0,1.0,1.0,4,22586
163909,16270,1,13,10,1,21,7,1,7.0,2.0,1.0,4,22586
163910,16270,1,13,10,1,21,7,2,7.0,2.0,1.0,4,22586
163911,16270,1,13,10,1,21,7,3,7.0,2.0,1.0,4,22586
163912,16270,1,13,10,1,21,8,1,7.0,2.0,1.0,4,22586
163913,16270,1,13,10,1,21,8,2,7.0,2.0,1.0,4,22586
163914,16270,1,13,10,1,21,8,3,7.0,2.0,1.0,4,22586
163915,16270,1,13,10,1,21,9,1,1.0,1.0,1.0,4,22586
163916,16270,1,13,10,1,21,9,2,1.0,1.0,1.0,4,22586
163917,16270,1,13,10,1,21,9,3,1.0,1.0,1.0,4,22586
163918,16270,1,13,10,1,21,10,1,1.0,1.0,1.0,4,22586
163919,16270,1,13,10,1,21,11,1,2.0,1.0,1.0,4,22586
163920,16270,1,13,10,1,21,11,2,2.0,1.0,1.0,4,22586
163921,16270,1,13,10,1,21,11,3,2.0,1.0,1.0,4,22586
163922,16270,1,13,10,1,21,12,1,2.0,1.0,1.0,4,22586
163923,16270,1,13,10,1,21,12,2,2.0,1.0,1.0,4,22586
163924,16270,1,13,10,1,21,13,1,3.0,1.0,1.0,4,22586
163925,16270,1,13,10,1,21,13,2,3.0,1.0,1.0,4,22586
163926,16270,1,13,10,1,21,14,1,2.0,1.0,1.0,4,22586
163927,16270,1,13,10,1,21,14,2,2.0,1.0,1.0,4,22586
163928,16388,1,13,9,1,37,1,1,6.0,1.0,1.0,4,77420
163929,16388,1,13,9,1,37,1,2,6.0,1.0,1.0,4,77420
163930,16388,1,13,9,1,37,1,3,6.0,1.0,1.0,4,77420
163931,16388,1,13,9,1,37,2,1,6.0,1.0,1.0,4,77420
163932,16388,1,13,9,1,37,2,2,6.0,1.0,1.0,4,77420
163933,16388,1,13,9,1,37,2,3,6.0,1.0,1.0,4,77420
163934,16388,1,13,9,1,37,2,4,6.0,1.0,1.0,4,77420
163935,16388,1,13,9,1,37,3,1,7.0,2.0,1.0,4,77420
163936,16388,1,13,9,1,37,3,2,7.0,2.0,1.0,4,77420
163937,16388,1,13,9,1,37,3,3,7.0,2.0,1.0,4,77420
163938,16388,1,13,9,1,37,3,4,7.0,2.0,1.0,4,77420
163939,16388,1,13,9,1,37,3,5,7.0,2.0,1.0,4,77420
163940,16388,1,13,9,1,37,4,1,7.0,2.0,1.0,4,77420
163941,16388,1,13,9,1,37,4,2,7.0,2.0,1.0,4,77420
163942,16388,1,13,9,1,37,5,1,1.0,1.0,1.0,4,77420
163943,16388,1,13,9,1,37,5,2,1.0,1.0,1.0,4,77420
163944,16388,1,13,9,1,37,6,1,1.0,1.0,1.0,4,77420
163945,16388,1,13,9,1,37,6,2,1.0,1.0,1.0,4,77420
163946,16388,1,13,9,1,37,6,3,1.0,1.0,1.0,4,77420
163947,16388,1,13,9,1,37,7,1,2.0,1.0,1.0,4,77420
163948,16388,1,13,9,1,37,7,2,2.0,1.0,1.0,4,77420
163949,16388,1,13,9,1,37,7,3,2.0,1.0,1.0,4,77420
163950,16388,1,13,9,1,37,8,1,2.0,1.0,1.0,4,77420
163951,16388,1,13,9,1,37,8,2,2.0,1.0,1.0,4,77420
163952,16388,1,13,9,1,37,8,3,2.0,1.0,1.0,4,77420
163953,16388,1,13,9,1,37,8,4,2.0,1.0,1.0,4,77420
163954,16388,1,13,9,1,37,9,1,3.0,1.0,1.0,4,77420
163955,16388,1,13,9,1,37,9,2,3.0,1.0,1.0,4,77420
163956,16388,1,13,9,1,37,10,1,3.0,1.0,1.0,4,77420
163957,16388,1,13,9,1,37,10,2,3.0,1.0,1.0,4,77420
163958,16388,1,13,9,1,37,10,3,3.0,1.0,1.0,4,77420
163959,16388,1,13,9,1,37,10,4,3.0,1.0,1.0,4,77420
163960,16388,1,13,9,1,37,11,1,4.0,1.0,1.0,4,77420
163961,16388,1,13,9,1,37,11,2,4.0,1.0,1.0,4,77420
163962,16388,1,13,9,1,37,11,3,4.0,1.0,1.0,4,77420
163963,16388,1,13,9,1,37,12,1,4.0,1.0,1.0,4,77420
163964,16388,1,13,9,1,37,12,2,4.0,1.0,1.0,4,77420
163965,16388,1,13,9,1,37,12,3,4.0,1.0,1.0,4,77420
163966,16388,1,13,9,1,37,12,4,4.0,1.0,1.0,4,77420
163967,16388,1,13,9,1,37,13,1,5.0,1.0,1.0,4,77420
163968,16388,1,13,9,1,37,13,2,5.0,1.0,1.0,4,77420
163969,16388,1,13,9,1,37,13,3,5.0,1.0,1.0,4,77420
163970,16388,1,13,9,1,37,14,1,5.0,1.0,1.0,4,77420
163971,16388,1,13,9,1,37,14,2,5.0,1.0,1.0,4,77420
163972,16388,1,13,9,1,37,14,3,5.0,1.0,1.0,4,77420
163973,16388,1,13,9,1,37,14,4,5.0,1.0,1.0,4,77420
163974,16413,1,13,10,1,21,1,1,1.0,1.0,1.0,4,13571
163975,16413,1,13,10,1,21,1,2,1.0,1.0,1.0,4,13571
163976,16413,1,13,10,1,21,1,3,1.0,1.0,1.0,4,13571
163977,16413,1,13,10,1,21,2,1,1.0,1.0,1.0,4,13571
163978,16413,1,13,10,1,21,2,2,1.0,1.0,1.0,4,13571
163979,16413,1,13,10,1,21,2,3,1.0,1.0,1.0,4,13571
163980,16413,1,13,10,1,21,3,1,2.0,1.0,1.0,4,13571
163981,16413,1,13,10,1,21,3,2,2.0,1.0,1.0,4,13571
163982,16413,1,13,10,1,21,3,3,2.0,1.0,1.0,4,13571
163983,16413,1,13,10,1,21,3,4,2.0,1.0,1.0,4,13571
163984,16413,1,13,10,1,21,4,1,2.0,1.0,1.0,4,13571
163985,16413,1,13,10,1,21,4,2,2.0,1.0,1.0,4,13571
163986,16413,1,13,10,1,21,4,3,2.0,1.0,1.0,4,13571
163987,16413,1,13,10,1,21,5,1,3.0,1.0,1.0,4,13571
163988,16413,1,13,10,1,21,5,2,3.0,1.0,1.0,4,13571
163989,16413,1,13,10,1,21,5,3,3.0,1.0,1.0,4,13571
163990,16413,1,13,10,1,21,5,4,3.0,1.0,1.0,4,13571
163991,16413,1,13,10,1,21,6,1,3.0,1.0,1.0,4,13571
163992,16413,1,13,10,1,21,7,1,3.0,1.0,1.0,4,13571
163993,16413,1,13,10,1,21,7,2,3.0,1.0,1.0,4,13571
163994,16413,1,13,10,1,21,8,1,4.0,1.0,1.0,4,13571
163995,16413,1,13,10,1,21,8,2,4.0,1.0,1.0,4,13571
163996,16413,1,13,10,1,21,8,3,4.0,1.0,1.0,4,13571
163997,16413,1,13,10,1,21,9,1,5.0,1.0,1.0,4,13571
163998,16413,1,13,10,1,21,9,2,5.0,1.0,1.0,4,13571
163999,16413,1,13,10,1,21,9,3,5.0,1.0,1.0,4,13571
164000,16413,1,13,10,1,21,10,1,5.0,1.0,1.0,4,13571
164001,16413,1,13,10,1,21,10,2,5.0,1.0,1.0,4,13571
164002,16413,1,13,10,1,21,11,1,6.0,1.0,1.0,4,13571
164003,16413,1,13,10,1,21,11,2,6.0,1.0,1.0,4,13571
164004,16413,1,13,10,1,21,11,3,6.0,1.0,1.0,4,13571
164005,16413,1,13,10,1,21,11,4,6.0,1.0,1.0,4,13571
164006,16413,1,13,10,1,21,12,1,6.0,1.0,1.0,4,13571
164007,16413,1,13,10,1,21,12,2,6.0,1.0,1.0,4,13571
164008,16413,1,13,10,1,21,13,1,7.0,2.0,1.0,4,13571
164009,16413,1,13,10,1,21,13,2,7.0,2.0,1.0,4,13571
164010,16413,1,13,10,1,21,14,1,7.0,2.0,1.0,4,13571
164011,16413,1,13,10,1,21,14,2,7.0,2.0,1.0,4,13571
164012,16480,1,13,2,1,35,1,1,3.0,1.0,1.0,4,35886
164013,16480,1,13,2,1,35,1,2,3.0,1.0,1.0,4,35886
164014,16480,1,13,2,1,35,1,3,3.0,1.0,1.0,4,35886
164015,16480,1,13,2,1,35,1,4,3.0,1.0,1.0,4,35886
164016,16480,1,13,2,1,35,2,1,3.0,1.0,1.0,4,35886
164017,16480,1,13,2,1,35,2,2,3.0,1.0,1.0,4,35886
164018,16480,1,13,2,1,35,2,3,3.0,1.0,1.0,4,35886
164019,16480,1,13,2,1,35,2,4,3.0,1.0,1.0,4,35886
164020,16480,1,13,2,1,35,2,5,3.0,1.0,1.0,4,35886
164021,16480,1,13,2,1,35,3,1,4.0,1.0,1.0,4,35886
164022,16480,1,13,2,1,35,3,2,4.0,1.0,1.0,4,35886
164023,16480,1,13,2,1,35,3,3,4.0,1.0,1.0,4,35886
164024,16480,1,13,2,1,35,4,1,4.0,1.0,1.0,4,35886
164025,16480,1,13,2,1,35,4,2,4.0,1.0,1.0,4,35886
164026,16480,1,13,2,1,35,5,1,5.0,1.0,1.0,4,35886
164027,16480,1,13,2,1,35,5,2,5.0,1.0,1.0,4,35886
164028,16480,1,13,2,1,35,6,1,5.0,1.0,1.0,4,35886
164029,16480,1,13,2,1,35,6,2,5.0,1.0,1.0,4,35886
164030,16480,1,13,2,1,35,6,3,5.0,1.0,1.0,4,35886
164031,16480,1,13,2,1,35,7,1,6.0,1.0,1.0,4,35886
164032,16480,1,13,2,1,35,7,2,6.0,1.0,1.0,4,35886
164033,16480,1,13,2,1,35,7,3,6.0,1.0,1.0,4,35886
164034,16480,1,13,2,1,35,8,1,7.0,2.0,1.0,4,35886
164035,16480,1,13,2,1,35,8,2,7.0,2.0,1.0,4,35886
164036,16480,1,13,2,1,35,8,3,7.0,2.0,1.0,4,35886
164037,16480,1,13,2,1,35,9,1,6.0,1.0,1.0,4,35886
164038,16480,1,13,2,1,35,9,2,6.0,1.0,1.0,4,35886
164039,16480,1,13,2,1,35,9,3,6.0,1.0,1.0,4,35886
164040,16480,1,13,2,1,35,9,4,6.0,1.0,1.0,4,35886
164041,16480,1,13,2,1,35,10,1,1.0,1.0,1.0,4,35886
164042,16480,1,13,2,1,35,10,2,1.0,1.0,1.0,4,35886
164043,16480,1,13,2,1,35,10,3,1.0,1.0,1.0,4,35886
164044,16480,1,13,2,1,35,11,1,1.0,1.0,1.0,4,35886
164045,16480,1,13,2,1,35,11,2,1.0,1.0,1.0,4,35886
164046,16480,1,13,2,1,35,11,3,1.0,1.0,1.0,4,35886
164047,16480,1,13,2,1,35,11,4,1.0,1.0,1.0,4,35886
164048,16480,1,13,2,1,35,12,1,7.0,2.0,1.0,4,35886
164049,16480,1,13,2,1,35,13,1,2.0,1.0,1.0,4,35886
164050,16480,1,13,2,1,35,13,2,2.0,1.0,1.0,4,35886
164051,16480,1,13,2,1,35,13,3,2.0,1.0,1.0,4,35886
164052,16480,1,13,2,1,35,13,4,2.0,1.0,1.0,4,35886
164053,16480,1,13,2,1,35,14,1,2.0,1.0,1.0,4,35886
164054,16480,1,13,2,1,35,14,2,2.0,1.0,1.0,4,35886
164055,16480,1,13,2,1,35,14,3,2.0,1.0,1.0,4,35886
164056,16480,1,13,2,1,35,14,4,2.0,1.0,1.0,4,35886
164057,16602,1,13,5,1,11,1,1,4.0,1.0,1.0,4,37089
164058,16602,1,13,5,1,11,1,2,4.0,1.0,1.0,4,37089
164059,16602,1,13,5,1,11,1,3,4.0,1.0,1.0,4,37089
164060,16602,1,13,5,1,11,1,4,4.0,1.0,1.0,4,37089
164061,16602,1,13,5,1,11,2,1,4.0,1.0,1.0,4,37089
164062,16602,1,13,5,1,11,2,2,4.0,1.0,1.0,4,37089
164063,16602,1,13,5,1,11,2,3,4.0,1.0,1.0,4,37089
164064,16602,1,13,5,1,11,2,4,4.0,1.0,1.0,4,37089
164065,16602,1,13,5,1,11,2,5,4.0,1.0,1.0,4,37089
164066,16602,1,13,5,1,11,3,1,5.0,1.0,1.0,4,37089
164067,16602,1,13,5,1,11,4,1,5.0,1.0,1.0,4,37089
164068,16602,1,13,5,1,11,4,2,5.0,1.0,1.0,4,37089
164069,16602,1,13,5,1,11,5,1,6.0,2.0,1.0,4,37089
164070,16602,1,13,5,1,11,5,2,6.0,2.0,1.0,4,37089
164071,16602,1,13,5,1,11,5,4,6.0,2.0,1.0,4,37089
164072,16602,1,13,5,1,11,6,1,6.0,2.0,1.0,4,37089
164073,16602,1,13,5,1,11,6,2,6.0,2.0,1.0,4,37089
164074,16602,1,13,5,1,11,6,3,6.0,2.0,1.0,4,37089
164075,16602,1,13,5,1,11,7,1,7.0,2.0,1.0,4,37089
164076,16602,1,13,5,1,11,7,2,7.0,2.0,1.0,4,37089
164077,16602,1,13,5,1,11,7,3,7.0,2.0,1.0,4,37089
164078,16602,1,13,5,1,11,8,1,7.0,2.0,1.0,4,37089
164079,16602,1,13,5,1,11,8,2,7.0,2.0,1.0,4,37089
164080,16602,1,13,5,1,11,8,3,7.0,2.0,1.0,4,37089
164081,16602,1,13,5,1,11,9,1,1.0,1.0,2.0,4,37089
164082,16602,1,13,5,1,11,9,2,1.0,1.0,2.0,4,37089
164083,16602,1,13,5,1,11,10,1,1.0,1.0,2.0,4,37089
164084,16602,1,13,5,1,11,10,2,1.0,1.0,2.0,4,37089
164085,16602,1,13,5,1,11,11,1,2.0,1.0,1.0,4,37089
164086,16602,1,13,5,1,11,12,1,2.0,1.0,1.0,4,37089
164087,16602,1,13,5,1,11,13,1,3.0,1.0,1.0,4,37089
164088,16602,1,13,5,1,11,13,2,3.0,1.0,1.0,4,37089
164089,16602,1,13,5,1,11,14,1,3.0,1.0,1.0,4,37089
164090,16602,1,13,5,1,11,14,2,3.0,1.0,1.0,4,37089
164091,16602,1,13,5,1,11,14,3,3.0,1.0,1.0,4,37089
164092,16602,1,13,5,1,11,14,4,3.0,1.0,1.0,4,37089
164093,16685,1,13,5,1,35,1,1,4.0,1.0,1.0,4,19975
164094,16685,1,13,5,1,35,1,2,4.0,1.0,1.0,4,19975
164095,16685,1,13,5,1,35,1,3,4.0,1.0,1.0,4,19975
164096,16685,1,13,5,1,35,1,5,4.0,1.0,1.0,4,19975
164097,16685,1,13,5,1,35,2,1,5.0,1.0,1.0,4,19975
164098,16685,1,13,5,1,35,2,2,5.0,1.0,1.0,4,19975
164099,16685,1,13,5,1,35,2,3,5.0,1.0,1.0,4,19975
164100,16685,1,13,5,1,35,2,5,5.0,1.0,1.0,4,19975
164101,16685,1,13,5,1,35,3,1,5.0,1.0,1.0,4,19975
164102,16685,1,13,5,1,35,3,2,5.0,1.0,1.0,4,19975
164103,16685,1,13,5,1,35,3,3,5.0,1.0,1.0,4,19975
164104,16685,1,13,5,1,35,3,4,5.0,1.0,1.0,4,19975
164105,16685,1,13,5,1,35,3,5,5.0,1.0,1.0,4,19975
164106,16685,1,13,5,1,35,3,6,5.0,1.0,1.0,4,19975
164107,16685,1,13,5,1,35,4,1,6.0,1.0,1.0,4,19975
164108,16685,1,13,5,1,35,4,2,6.0,1.0,1.0,4,19975
164109,16685,1,13,5,1,35,4,3,6.0,1.0,1.0,4,19975
164110,16685,1,13,5,1,35,5,1,6.0,1.0,1.0,4,19975
164111,16685,1,13,5,1,35,5,2,6.0,1.0,1.0,4,19975
164112,16685,1,13,5,1,35,5,3,6.0,1.0,1.0,4,19975
164113,16685,1,13,5,1,35,5,4,6.0,1.0,1.0,4,19975
164114,16685,1,13,5,1,35,6,1,2.0,1.0,1.0,4,19975
164115,16685,1,13,5,1,35,6,2,2.0,1.0,1.0,4,19975
164116,16685,1,13,5,1,35,7,1,2.0,1.0,1.0,4,19975
164117,16685,1,13,5,1,35,7,2,2.0,1.0,1.0,4,19975
164118,16685,1,13,5,1,35,8,1,4.0,1.0,1.0,4,19975
164119,16685,1,13,5,1,35,8,2,4.0,1.0,1.0,4,19975
164120,16685,1,13,5,1,35,8,3,4.0,1.0,1.0,4,19975
164121,16685,1,13,5,1,35,8,4,4.0,1.0,1.0,4,19975
164122,16685,1,13,5,1,35,9,1,7.0,2.0,1.0,4,19975
164123,16685,1,13,5,1,35,9,2,7.0,2.0,1.0,4,19975
164124,16685,1,13,5,1,35,9,3,7.0,2.0,1.0,4,19975
164125,16685,1,13,5,1,35,9,4,7.0,2.0,1.0,4,19975
164126,16685,1,13,5,1,35,10,1,1.0,1.0,1.0,4,19975
164127,16685,1,13,5,1,35,10,2,1.0,1.0,1.0,4,19975
164128,16685,1,13,5,1,35,10,3,1.0,1.0,1.0,4,19975
164129,16685,1,13,5,1,35,10,4,1.0,1.0,1.0,4,19975
164130,16685,1,13,5,1,35,10,5,1.0,1.0,1.0,4,19975
164131,16685,1,13,5,1,35,11,1,1.0,1.0,1.0,4,19975
164132,16685,1,13,5,1,35,11,2,1.0,1.0,1.0,4,19975
164133,16685,1,13,5,1,35,12,1,7.0,2.0,1.0,4,19975
164134,16685,1,13,5,1,35,12,2,7.0,2.0,1.0,4,19975
164135,16685,1,13,5,1,35,12,3,7.0,2.0,1.0,4,19975
164136,16685,1,13,5,1,35,12,4,7.0,2.0,1.0,4,19975
164137,16685,1,13,5,1,35,13,1,3.0,1.0,1.0,4,19975
164138,16685,1,13,5,1,35,13,2,3.0,1.0,1.0,4,19975
164139,16685,1,13,5,1,35,13,3,3.0,1.0,1.0,4,19975
164140,16685,1,13,5,1,35,14,1,3.0,1.0,1.0,4,19975
164141,16685,1,13,5,1,35,14,2,3.0,1.0,1.0,4,19975
164142,16685,1,13,5,1,35,14,3,3.0,1.0,1.0,4,19975
164143,16685,1,13,5,1,35,14,4,3.0,1.0,1.0,4,19975
164144,17111,1,13,4,1,34,1,1,5.0,1.0,1.0,4,34425
164145,17111,1,13,4,1,34,1,2,5.0,1.0,1.0,4,34425
164146,17111,1,13,4,1,34,1,3,5.0,1.0,1.0,4,34425
164147,17111,1,13,4,1,34,1,4,5.0,1.0,1.0,4,34425
164148,17111,1,13,4,1,34,2,1,5.0,1.0,1.0,4,34425
164149,17111,1,13,4,1,34,2,2,5.0,1.0,1.0,4,34425
164150,17111,1,13,4,1,34,3,1,6.0,1.0,1.0,4,34425
164151,17111,1,13,4,1,34,3,2,6.0,1.0,1.0,4,34425
164152,17111,1,13,4,1,34,4,1,6.0,1.0,1.0,4,34425
164153,17111,1,13,4,1,34,4,2,6.0,1.0,1.0,4,34425
164154,17111,1,13,4,1,34,5,1,7.0,2.0,1.0,4,34425
164155,17111,1,13,4,1,34,5,2,7.0,2.0,1.0,4,34425
164156,17111,1,13,4,1,34,5,3,7.0,2.0,1.0,4,34425
164157,17111,1,13,4,1,34,6,1,7.0,2.0,1.0,4,34425
164158,17111,1,13,4,1,34,6,2,7.0,2.0,1.0,4,34425
164159,17111,1,13,4,1,34,6,3,7.0,2.0,1.0,4,34425
164160,17111,1,13,4,1,34,6,4,7.0,2.0,1.0,4,34425
164161,17111,1,13,4,1,34,7,1,6.0,1.0,1.0,4,34425
164162,17111,1,13,4,1,34,7,2,6.0,1.0,1.0,4,34425
164163,17111,1,13,4,1,34,8,1,1.0,1.0,1.0,4,34425
164164,17111,1,13,4,1,34,8,2,1.0,1.0,1.0,4,34425
164165,17111,1,13,4,1,34,8,3,1.0,1.0,1.0,4,34425
164166,17111,1,13,4,1,34,8,4,1.0,1.0,1.0,4,34425
164167,17111,1,13,4,1,34,9,1,2.0,1.0,1.0,4,34425
164168,17111,1,13,4,1,34,9,2,2.0,1.0,1.0,4,34425
164169,17111,1,13,4,1,34,10,1,2.0,1.0,1.0,4,34425
164170,17111,1,13,4,1,34,10,2,2.0,1.0,1.0,4,34425
164171,17111,1,13,4,1,34,10,3,2.0,1.0,1.0,4,34425
164172,17111,1,13,4,1,34,11,1,3.0,1.0,1.0,4,34425
164173,17111,1,13,4,1,34,11,2,3.0,1.0,1.0,4,34425
164174,17111,1,13,4,1,34,11,3,3.0,1.0,1.0,4,34425
164175,17111,1,13,4,1,34,11,4,3.0,1.0,1.0,4,34425
164176,17111,1,13,4,1,34,11,5,3.0,1.0,1.0,4,34425
164177,17111,1,13,4,1,34,12,1,3.0,1.0,1.0,4,34425
164178,17111,1,13,4,1,34,12,2,3.0,1.0,1.0,4,34425
164179,17111,1,13,4,1,34,12,3,3.0,1.0,1.0,4,34425
164180,17111,1,13,4,1,34,13,1,4.0,1.0,1.0,4,34425
164181,17111,1,13,4,1,34,14,1,4.0,1.0,1.0,4,34425
164182,17111,1,13,4,1,34,14,2,4.0,1.0,1.0,4,34425
164183,17406,1,13,6,1,32,1,1,3.0,1.0,1.0,4,19884
164184,17406,1,13,6,1,32,1,2,3.0,1.0,1.0,4,19884
164185,17406,1,13,6,1,32,1,3,3.0,1.0,1.0,4,19884
164186,17406,1,13,6,1,32,1,4,3.0,1.0,1.0,4,19884
164187,17406,1,13,6,1,32,2,1,3.0,1.0,1.0,4,19884
164188,17406,1,13,6,1,32,2,2,3.0,1.0,1.0,4,19884
164189,17406,1,13,6,1,32,2,3,3.0,1.0,1.0,4,19884
164190,17406,1,13,6,1,32,2,4,3.0,1.0,1.0,4,19884
164191,17406,1,13,6,1,32,3,1,4.0,1.0,1.0,4,19884
164192,17406,1,13,6,1,32,3,2,4.0,1.0,1.0,4,19884
164193,17406,1,13,6,1,32,3,3,4.0,1.0,1.0,4,19884
164194,17406,1,13,6,1,32,3,4,4.0,1.0,1.0,4,19884
164195,17406,1,13,6,1,32,4,1,4.0,1.0,1.0,4,19884
164196,17406,1,13,6,1,32,4,2,4.0,1.0,1.0,4,19884
164197,17406,1,13,6,1,32,4,3,4.0,1.0,1.0,4,19884
164198,17406,1,13,6,1,32,5,1,5.0,1.0,1.0,4,19884
164199,17406,1,13,6,1,32,6,1,5.0,1.0,1.0,4,19884
164200,17406,1,13,6,1,32,6,2,5.0,1.0,1.0,4,19884
164201,17406,1,13,6,1,32,7,1,6.0,1.0,1.0,4,19884
164202,17406,1,13,6,1,32,7,2,6.0,1.0,1.0,4,19884
164203,17406,1,13,6,1,32,7,3,6.0,1.0,1.0,4,19884
164204,17406,1,13,6,1,32,7,4,6.0,1.0,1.0,4,19884
164205,17406,1,13,6,1,32,8,1,6.0,1.0,1.0,4,19884
164206,17406,1,13,6,1,32,8,2,6.0,1.0,1.0,4,19884
164207,17406,1,13,6,1,32,8,3,6.0,1.0,1.0,4,19884
164208,17406,1,13,6,1,32,9,1,7.0,1.0,1.0,4,19884
164209,17406,1,13,6,1,32,10,1,7.0,1.0,1.0,4,19884
164210,17406,1,13,6,1,32,10,2,7.0,1.0,1.0,4,19884
164211,17406,1,13,6,1,32,11,1,1.0,1.0,1.0,4,19884
164212,17406,1,13,6,1,32,11,2,1.0,1.0,1.0,4,19884
164213,17406,1,13,6,1,32,11,3,1.0,1.0,1.0,4,19884
164214,17406,1,13,6,1,32,11,4,1.0,1.0,1.0,4,19884
164215,17406,1,13,6,1,32,11,5,1.0,1.0,1.0,4,19884
164216,17406,1,13,6,1,32,12,1,1.0,1.0,1.0,4,19884
164217,17406,1,13,6,1,32,12,2,1.0,1.0,1.0,4,19884
164218,17406,1,13,6,1,32,12,3,1.0,1.0,1.0,4,19884
164219,17406,1,13,6,1,32,12,4,1.0,1.0,1.0,4,19884
164220,17406,1,13,6,1,32,13,1,2.0,1.0,1.0,4,19884
164221,17406,1,13,6,1,32,13,2,2.0,1.0,1.0,4,19884
164222,17406,1,13,6,1,32,13,3,2.0,1.0,1.0,4,19884
164223,17406,1,13,6,1,32,14,1,2.0,1.0,1.0,4,19884
164224,17406,1,13,6,1,32,14,2,2.0,1.0,1.0,4,19884
164225,17406,1,13,6,1,32,14,3,2.0,1.0,1.0,4,19884
164226,17406,1,13,6,1,32,14,4,2.0,1.0,1.0,4,19884
164227,17552,1,13,10,1,34,1,1,4.0,1.0,1.0,4,95714
164228,17552,1,13,10,1,34,1,2,4.0,1.0,1.0,4,95714
164229,17552,1,13,10,1,34,1,3,4.0,1.0,1.0,4,95714
164230,17552,1,13,10,1,34,1,4,4.0,1.0,1.0,4,95714
164231,17552,1,13,10,1,34,2,1,4.0,1.0,1.0,4,95714
164232,17552,1,13,10,1,34,2,2,4.0,1.0,1.0,4,95714
164233,17552,1,13,10,1,34,2,3,4.0,1.0,1.0,4,95714
164234,17552,1,13,10,1,34,3,1,5.0,1.0,1.0,4,95714
164235,17552,1,13,10,1,34,3,2,5.0,1.0,1.0,4,95714
164236,17552,1,13,10,1,34,3,3,5.0,1.0,1.0,4,95714
164237,17552,1,13,10,1,34,3,4,5.0,1.0,1.0,4,95714
164238,17552,1,13,10,1,34,4,1,5.0,1.0,1.0,4,95714
164239,17552,1,13,10,1,34,4,2,5.0,1.0,1.0,4,95714
164240,17552,1,13,10,1,34,4,3,5.0,1.0,1.0,4,95714
164241,17552,1,13,10,1,34,4,4,5.0,1.0,1.0,4,95714
164242,17552,1,13,10,1,34,5,1,6.0,1.0,1.0,4,95714
164243,17552,1,13,10,1,34,5,2,6.0,1.0,1.0,4,95714
164244,17552,1,13,10,1,34,5,3,6.0,1.0,1.0,4,95714
164245,17552,1,13,10,1,34,6,1,6.0,1.0,1.0,4,95714
164246,17552,1,13,10,1,34,6,2,6.0,1.0,1.0,4,95714
164247,17552,1,13,10,1,34,7,1,7.0,2.0,1.0,4,95714
164248,17552,1,13,10,1,34,7,2,7.0,2.0,1.0,4,95714
164249,17552,1,13,10,1,34,8,1,7.0,2.0,1.0,4,95714
164250,17552,1,13,10,1,34,8,2,7.0,2.0,1.0,4,95714
164251,17552,1,13,10,1,34,8,3,7.0,2.0,1.0,4,95714
164252,17552,1,13,10,1,34,9,1,1.0,1.0,1.0,4,95714
164253,17552,1,13,10,1,34,9,2,1.0,1.0,1.0,4,95714
164254,17552,1,13,10,1,34,9,3,1.0,1.0,1.0,4,95714
164255,17552,1,13,10,1,34,9,4,1.0,1.0,1.0,4,95714
164256,17552,1,13,10,1,34,9,5,1.0,1.0,1.0,4,95714
164257,17552,1,13,10,1,34,10,1,1.0,1.0,1.0,4,95714
164258,17552,1,13,10,1,34,10,2,1.0,1.0,1.0,4,95714
164259,17552,1,13,10,1,34,11,1,2.0,1.0,1.0,4,95714
164260,17552,1,13,10,1,34,11,2,2.0,1.0,1.0,4,95714
164261,17552,1,13,10,1,34,11,3,2.0,1.0,1.0,4,95714
164262,17552,1,13,10,1,34,11,4,2.0,1.0,1.0,4,95714
164263,17552,1,13,10,1,34,12,1,2.0,1.0,1.0,4,95714
164264,17552,1,13,10,1,34,12,2,2.0,1.0,1.0,4,95714
164265,17552,1,13,10,1,34,12,3,2.0,1.0,1.0,4,95714
164266,17552,1,13,10,1,34,13,1,3.0,1.0,1.0,4,95714
164267,17552,1,13,10,1,34,13,2,3.0,1.0,1.0,4,95714
164268,17552,1,13,10,1,34,13,3,3.0,1.0,1.0,4,95714
164269,17552,1,13,10,1,34,13,4,3.0,1.0,1.0,4,95714
164270,17552,1,13,10,1,34,14,1,3.0,1.0,1.0,4,95714
164271,17657,1,13,8,1,36,1,1,5.0,1.0,1.0,4,93971
164272,17657,1,13,8,1,36,1,2,5.0,1.0,1.0,4,93971
164273,17657,1,13,8,1,36,2,1,4.0,1.0,1.0,4,93971
164274,17657,1,13,8,1,36,2,2,4.0,1.0,1.0,4,93971
164275,17657,1,13,8,1,36,2,3,4.0,1.0,1.0,4,93971
164276,17657,1,13,8,1,36,2,4,4.0,1.0,1.0,4,93971
164277,17657,1,13,8,1,36,3,1,5.0,1.0,1.0,4,93971
164278,17657,1,13,8,1,36,3,2,5.0,1.0,1.0,4,93971
164279,17657,1,13,8,1,36,3,3,5.0,1.0,1.0,4,93971
164280,17657,1,13,8,1,36,4,1,5.0,1.0,1.0,4,93971
164281,17657,1,13,8,1,36,4,2,5.0,1.0,1.0,4,93971
164282,17657,1,13,8,1,36,4,3,5.0,1.0,1.0,4,93971
164283,17657,1,13,8,1,36,4,4,5.0,1.0,1.0,4,93971
164284,17657,1,13,8,1,36,5,1,7.0,1.0,1.0,4,93971
164285,17657,1,13,8,1,36,5,2,7.0,1.0,1.0,4,93971
164286,17657,1,13,8,1,36,5,3,7.0,1.0,1.0,4,93971
164287,17657,1,13,8,1,36,6,1,7.0,2.0,1.0,4,93971
164288,17657,1,13,8,1,36,6,2,7.0,2.0,1.0,4,93971
164289,17657,1,13,8,1,36,7,1,7.0,2.0,1.0,4,93971
164290,17657,1,13,8,1,36,7,2,7.0,2.0,1.0,4,93971
164291,17657,1,13,8,1,36,7,3,7.0,2.0,1.0,4,93971
164292,17657,1,13,8,1,36,7,4,7.0,2.0,1.0,4,93971
164293,17657,1,13,8,1,36,8,1,7.0,2.0,1.0,4,93971
164294,17657,1,13,8,1,36,9,1,1.0,1.0,1.0,4,93971
164295,17657,1,13,8,1,36,10,1,1.0,1.0,1.0,4,93971
164296,17657,1,13,8,1,36,10,2,1.0,1.0,1.0,4,93971
164297,17657,1,13,8,1,36,11,1,2.0,1.0,1.0,4,93971
164298,17657,1,13,8,1,36,11,2,2.0,1.0,1.0,4,93971
164299,17657,1,13,8,1,36,11,3,2.0,1.0,1.0,4,93971
164300,17657,1,13,8,1,36,12,1,3.0,1.0,1.0,4,93971
164301,17657,1,13,8,1,36,13,1,4.0,1.0,1.0,4,93971
164302,17657,1,13,8,1,36,14,1,4.0,1.0,1.0,4,93971
164303,17657,1,13,8,1,36,14,2,4.0,1.0,1.0,4,93971
164304,17657,1,13,8,1,36,14,3,4.0,1.0,1.0,4,93971
164305,17657,1,13,8,1,36,14,4,4.0,1.0,1.0,4,93971
164306,17785,1,13,7,1,31,1,1,5.0,1.0,1.0,4,57664
164307,17785,1,13,7,1,31,1,2,5.0,1.0,1.0,4,57664
164308,17785,1,13,7,1,31,1,3,5.0,1.0,1.0,4,57664
164309,17785,1,13,7,1,31,2,1,5.0,1.0,1.0,4,57664
164310,17785,1,13,7,1,31,2,2,5.0,1.0,1.0,4,57664
164311,17785,1,13,7,1,31,2,3,5.0,1.0,1.0,4,57664
164312,17785,1,13,7,1,31,3,1,6.0,1.0,1.0,4,57664
164313,17785,1,13,7,1,31,3,2,6.0,1.0,1.0,4,57664
164314,17785,1,13,7,1,31,4,1,6.0,1.0,1.0,4,57664
164315,17785,1,13,7,1,31,4,2,6.0,1.0,1.0,4,57664
164316,17785,1,13,7,1,31,5,1,7.0,2.0,1.0,4,57664
164317,17785,1,13,7,1,31,6,1,7.0,2.0,1.0,4,57664
164318,17785,1,13,7,1,31,6,2,7.0,2.0,1.0,4,57664
164319,17785,1,13,7,1,31,6,3,7.0,2.0,1.0,4,57664
164320,17785,1,13,7,1,31,6,4,7.0,2.0,1.0,4,57664
164321,17785,1,13,7,1,31,7,1,1.0,1.0,1.0,4,57664
164322,17785,1,13,7,1,31,7,2,1.0,1.0,1.0,4,57664
164323,17785,1,13,7,1,31,7,3,1.0,1.0,1.0,4,57664
164324,17785,1,13,7,1,31,8,1,1.0,1.0,1.0,4,57664
164325,17785,1,13,7,1,31,9,1,2.0,1.0,1.0,4,57664
164326,17785,1,13,7,1,31,9,2,2.0,1.0,1.0,4,57664
164327,17785,1,13,7,1,31,9,3,2.0,1.0,1.0,4,57664
164328,17785,1,13,7,1,31,9,4,2.0,1.0,1.0,4,57664
164329,17785,1,13,7,1,31,10,1,2.0,1.0,1.0,4,57664
164330,17785,1,13,7,1,31,10,2,2.0,1.0,1.0,4,57664
164331,17785,1,13,7,1,31,11,1,3.0,1.0,1.0,4,57664
164332,17785,1,13,7,1,31,11,2,3.0,1.0,1.0,4,57664
164333,17785,1,13,7,1,31,12,1,3.0,1.0,1.0,4,57664
164334,17785,1,13,7,1,31,12,2,3.0,1.0,1.0,4,57664
164335,17785,1,13,7,1,31,13,1,4.0,1.0,1.0,4,57664
164336,17785,1,13,7,1,31,13,2,4.0,1.0,1.0,4,57664
164337,17785,1,13,7,1,31,14,1,4.0,1.0,1.0,4,57664
164338,17785,1,13,7,1,31,14,2,4.0,1.0,1.0,4,57664
