,FSU,Sector,State,District,Stratum,Sub-stratum,Sample HHID,InformantSI no,Response code,Survey code,Casualty code,Date of Survey,Date of despatch,Time to canvass,NSC,Multiplier
47396,10026,1,13,1,1,33,1,1.0,1,1,,250119.0,190219.0,80.0,4,30086
47397,10026,1,13,1,1,33,2,1.0,1,1,,230119.0,190219.0,60.0,4,30086
47398,10026,1,13,1,1,33,3,3.0,1,1,,240119.0,190219.0,75.0,4,30086
47399,10026,1,13,1,1,33,4,2.0,1,1,,270119.0,190219.0,60.0,4,30086
47400,10026,1,13,1,1,33,5,1.0,1,1,,240119.0,190219.0,60.0,4,30086
47401,10026,1,13,1,1,33,6,1.0,1,1,,210119.0,190219.0,90.0,4,30086
47402,10026,1,13,1,1,33,7,1.0,1,1,,260119.0,190219.0,75.0,4,30086
47403,10026,1,13,1,1,33,8,1.0,1,1,,210119.0,190219.0,90.0,4,30086
47404,10026,1,13,1,1,33,9,1.0,1,1,,220119.0,190219.0,140.0,4,30086
47405,10026,1,13,1,1,33,10,3.0,1,1,,220119.0,190219.0,150.0,4,30086
47406,10026,1,13,1,1,33,11,1.0,1,1,,270119.0,190219.0,45.0,4,30086
47407,10026,1,13,1,1,33,12,1.0,1,1,,250119.0,190219.0,52.0,4,30086
47408,10026,1,13,1,1,33,13,3.0,1,1,,230119.0,190219.0,90.0,4,30086
47409,10026,1,13,1,1,33,14,1.0,1,1,,260119.0,190219.0,95.0,4,30086
47410,10290,1,13,5,1,35,1,2.0,1,1,,100419.0,310519.0,120.0,4,70307
47411,10290,1,13,5,1,35,2,2.0,1,1,,100419.0,310519.0,80.0,4,70307
47412,10290,1,13,5,1,35,3,1.0,1,1,,110419.0,310519.0,60.0,4,70307
47413,10290,1,13,5,1,35,4,1.0,1,1,,110419.0,310519.0,90.0,4,70307
47414,10290,1,13,5,1,35,5,2.0,1,1,,120419.0,310519.0,80.0,4,70307
47415,10290,1,13,5,1,35,6,1.0,1,1,,120419.0,310519.0,90.0,4,70307
47416,10290,1,13,5,1,35,7,1.0,1,1,,130419.0,310519.0,90.0,4,70307
47417,10290,1,13,5,1,35,8,1.0,1,1,,130519.0,310519.0,60.0,4,70307
47418,10290,1,13,5,1,35,9,2.0,1,1,,140519.0,310519.0,145.0,4,70307
47419,10290,1,13,5,1,35,10,1.0,1,1,,140419.0,310519.0,60.0,4,70307
47420,10290,1,13,5,1,35,11,1.0,1,1,,150519.0,310519.0,160.0,4,70307
47421,10290,1,13,5,1,35,12,1.0,1,1,,150419.0,310519.0,80.0,4,70307
47422,10290,1,13,5,1,35,13,1.0,1,1,,160519.0,310519.0,60.0,4,70307
47423,10290,1,13,5,1,35,14,1.0,1,1,,160519.0,310519.0,80.0,4,70307
47424,10310,1,13,11,1,40,1,1.0,1,1,,80619.0,310719.0,130.0,4,128018
47425,10310,1,13,11,1,40,2,1.0,1,1,,80619.0,310719.0,50.0,4,128018
47426,10310,1,13,11,1,40,3,1.0,1,1,,90619.0,310719.0,120.0,4,128018
47427,10310,1,13,11,1,40,4,1.0,1,1,,90619.0,310719.0,80.0,4,128018
47428,10310,1,13,11,1,40,5,1.0,1,1,,100619.0,310719.0,120.0,4,128018
47429,10310,1,13,11,1,40,6,1.0,1,1,,100619.0,310719.0,150.0,4,128018
47430,10310,1,13,11,1,40,7,1.0,1,1,,110619.0,310719.0,70.0,4,128018
47431,10310,1,13,11,1,40,8,1.0,1,1,,110619.0,310719.0,160.0,4,128018
47432,10310,1,13,11,1,40,9,1.0,1,1,,120619.0,310719.0,90.0,4,128018
47433,10310,1,13,11,1,40,10,2.0,1,1,,120619.0,310719.0,160.0,4,128018
47434,10310,1,13,11,1,40,11,1.0,1,1,,130619.0,310719.0,50.0,4,128018
47435,10310,1,13,11,1,40,12,1.0,1,1,,130619.0,310719.0,80.0,4,128018
47436,10310,1,13,11,1,40,13,1.0,1,1,,140619.0,310719.0,120.0,4,128018
47437,10310,1,13,11,1,40,14,1.0,1,1,,140619.0,310719.0,120.0,4,128018
47438,10546,1,13,7,1,34,1,1.0,1,1,,80619.0,50719.0,60.0,4,41914
47439,10546,1,13,7,1,34,2,1.0,1,1,,80619.0,50719.0,90.0,4,41914
47440,10546,1,13,7,1,34,3,1.0,1,1,,90619.0,50719.0,90.0,4,41914
47441,10546,1,13,7,1,34,4,2.0,1,1,,90619.0,50719.0,60.0,4,41914
47442,10546,1,13,7,1,34,5,2.0,1,1,,100619.0,50719.0,90.0,4,41914
47443,10546,1,13,7,1,34,6,1.0,1,1,,100619.0,50719.0,90.0,4,41914
47444,10546,1,13,7,1,34,7,2.0,1,1,,110619.0,50719.0,60.0,4,41914
47445,10546,1,13,7,1,34,8,1.0,1,1,,110619.0,50719.0,30.0,4,41914
47446,10546,1,13,7,1,34,9,1.0,1,1,,120619.0,50719.0,90.0,4,41914
47447,10546,1,13,7,1,34,10,1.0,1,1,,120619.0,50719.0,30.0,4,41914
47448,10546,1,13,7,1,34,11,1.0,1,1,,130619.0,50719.0,30.0,4,41914
47449,10546,1,13,7,1,34,12,1.0,1,1,,130619.0,50719.0,60.0,4,41914
47450,10546,1,13,7,1,34,13,1.0,1,1,,140619.0,50719.0,50.0,4,41914
47451,10546,1,13,7,1,34,14,1.0,1,1,,140619.0,50719.0,60.0,4,41914
47452,10906,1,13,1,1,36,1,1.0,1,1,,100719.0,60819.0,180.0,4,39161
47453,10906,1,13,1,1,36,2,1.0,1,1,,100719.0,60819.0,100.0,4,39161
47454,10906,1,13,1,1,36,3,2.0,1,1,,110719.0,60819.0,130.0,4,39161
47455,10906,1,13,1,1,36,4,1.0,1,1,,110719.0,60819.0,80.0,4,39161
47456,10906,1,13,1,1,36,5,1.0,1,1,,120719.0,60819.0,130.0,4,39161
47457,10906,1,13,1,1,36,6,1.0,1,1,,120719.0,60819.0,70.0,4,39161
47458,10906,1,13,1,1,36,7,1.0,1,1,,130719.0,60819.0,40.0,4,39161
47459,10906,1,13,1,1,36,8,1.0,1,1,,130719.0,60819.0,130.0,4,39161
47460,10906,1,13,1,1,36,9,1.0,1,1,,140719.0,60819.0,70.0,4,39161
47461,10906,1,13,1,1,36,10,2.0,1,1,,140719.0,60819.0,70.0,4,39161
47462,10906,1,13,1,1,36,11,1.0,1,1,,150719.0,60819.0,70.0,4,39161
47463,10906,1,13,1,1,36,12,3.0,1,1,,150719.0,60819.0,140.0,4,39161
47464,10906,1,13,1,1,36,13,1.0,1,1,,160719.0,60819.0,100.0,4,39161
47465,10906,1,13,1,1,36,14,1.0,1,1,,160719.0,60819.0,140.0,4,39161
47466,11117,1,13,10,1,38,1,1.0,1,1,,161219.0,30120.0,190.0,4,54096
47467,11117,1,13,10,1,38,2,1.0,1,1,,161219.0,30120.0,110.0,4,54096
47468,11117,1,13,10,1,38,3,1.0,1,1,,171219.0,30120.0,180.0,4,54096
47469,11117,1,13,10,1,38,4,1.0,1,1,,171219.0,30120.0,55.0,4,54096
47470,11117,1,13,10,1,38,5,2.0,1,1,,181219.0,30120.0,120.0,4,54096
47471,11117,1,13,10,1,38,6,1.0,1,1,,181219.0,30120.0,180.0,4,54096
47472,11117,1,13,10,1,38,7,1.0,1,1,,191219.0,30120.0,55.0,4,54096
47473,11117,1,13,10,1,38,8,1.0,1,1,,191219.0,30120.0,120.0,4,54096
47474,11117,1,13,10,1,38,9,1.0,1,1,,201219.0,30120.0,160.0,4,54096
47475,11117,1,13,10,1,38,10,1.0,1,1,,201219.0,30120.0,55.0,4,54096
47476,11117,1,13,10,1,38,11,1.0,1,1,,211219.0,30120.0,190.0,4,54096
47477,11117,1,13,10,1,38,12,2.0,1,1,,211219.0,30120.0,110.0,4,54096
47478,11117,1,13,10,1,38,13,2.0,1,1,,221219.0,30120.0,120.0,4,54096
47479,11117,1,13,10,1,38,14,1.0,1,1,,221219.0,30120.0,130.0,4,54096
47480,11405,1,13,10,1,35,1,1.0,1,1,,121019.0,291119.0,120.0,4,58286
47481,11405,1,13,10,1,35,2,2.0,1,1,,121019.0,291119.0,90.0,4,58286
47482,11405,1,13,10,1,35,3,2.0,1,1,,131019.0,291119.0,90.0,4,58286
47483,11405,1,13,10,1,35,4,2.0,1,1,,131019.0,291119.0,100.0,4,58286
47484,11405,1,13,10,1,35,5,1.0,1,1,,141019.0,291119.0,60.0,4,58286
47485,11405,1,13,10,1,35,6,1.0,1,1,,141019.0,291119.0,60.0,4,58286
47486,11405,1,13,10,1,35,7,2.0,1,1,,151019.0,291119.0,160.0,4,58286
47487,11405,1,13,10,1,35,8,2.0,1,1,,151019.0,291119.0,100.0,4,58286
47488,11405,1,13,10,1,35,9,2.0,1,1,,161019.0,291119.0,90.0,4,58286
47489,11405,1,13,10,1,35,10,2.0,1,1,,161019.0,291119.0,120.0,4,58286
47490,11405,1,13,10,1,35,11,2.0,1,1,,171019.0,291119.0,90.0,4,58286
47491,11405,1,13,10,1,35,12,1.0,1,1,,171019.0,291119.0,90.0,4,58286
47492,11405,1,13,10,1,35,13,2.0,1,1,,181019.0,291119.0,120.0,4,58286
47493,11405,1,13,10,1,35,14,1.0,1,1,,181019.0,291119.0,60.0,4,58286
47494,11578,1,13,5,1,39,1,1.0,1,1,,80319.0,290419.0,80.0,4,36207
47495,11578,1,13,5,1,39,2,1.0,1,1,,80319.0,290419.0,120.0,4,36207
47496,11578,1,13,5,1,39,3,2.0,1,1,,90319.0,290419.0,145.0,4,36207
47497,11578,1,13,5,1,39,4,1.0,1,1,,90319.0,290419.0,120.0,4,36207
47498,11578,1,13,5,1,39,5,1.0,1,1,,100319.0,290419.0,160.0,4,36207
47499,11578,1,13,5,1,39,6,1.0,1,1,,100319.0,290419.0,90.0,4,36207
47500,11578,1,13,5,1,39,7,1.0,1,1,,110319.0,290419.0,40.0,4,36207
47501,11578,1,13,5,1,39,8,1.0,1,1,,110319.0,290419.0,30.0,4,36207
47502,11578,1,13,5,1,39,9,1.0,1,1,,120319.0,290419.0,110.0,4,36207
47503,11578,1,13,5,1,39,10,2.0,1,1,,120319.0,290419.0,140.0,4,36207
47504,11578,1,13,5,1,39,11,1.0,1,1,,130319.0,290419.0,150.0,4,36207
47505,11578,1,13,5,1,39,12,1.0,1,1,,130319.0,290419.0,90.0,4,36207
47506,11578,1,13,5,1,39,13,1.0,1,1,,140319.0,290419.0,180.0,4,36207
47507,11578,1,13,5,1,39,14,2.0,1,1,,140319.0,290419.0,95.0,4,36207
47508,11672,1,13,2,1,32,1,2.0,1,1,,230119.0,220219.0,50.0,4,39543
47509,11672,1,13,2,1,32,2,1.0,1,1,,230119.0,220219.0,52.0,4,39543
47510,11672,1,13,2,1,32,3,1.0,1,1,,240119.0,220219.0,72.0,4,39543
47511,11672,1,13,2,1,32,4,1.0,1,1,,240119.0,220219.0,60.0,4,39543
47512,11672,1,13,2,1,32,5,1.0,1,1,,250119.0,220219.0,60.0,4,39543
47513,11672,1,13,2,1,32,6,2.0,1,1,,250119.0,220219.0,75.0,4,39543
47514,11672,1,13,2,1,32,7,1.0,1,1,,260119.0,220219.0,75.0,4,39543
47515,11672,1,13,2,1,32,8,2.0,1,1,,260119.0,220219.0,60.0,4,39543
47516,11672,1,13,2,1,32,9,2.0,1,1,,270119.0,220219.0,83.0,4,39543
47517,11672,1,13,2,1,32,10,1.0,1,1,,270119.0,220219.0,75.0,4,39543
47518,11672,1,13,2,1,32,11,2.0,1,1,,280119.0,220219.0,73.0,4,39543
47519,11672,1,13,2,1,32,12,1.0,1,1,,280119.0,220219.0,74.0,4,39543
47520,11672,1,13,2,1,32,13,1.0,1,1,,290119.0,220219.0,82.0,4,39543
47521,11672,1,13,2,1,32,14,1.0,1,1,,290119.0,220219.0,75.0,4,39543
47522,11859,1,13,3,1,32,1,1.0,1,1,,110919.0,311019.0,120.0,4,112464
47523,11859,1,13,3,1,32,2,1.0,1,1,,110919.0,311019.0,40.0,4,112464
47524,11859,1,13,3,1,32,3,1.0,1,1,,120919.0,311019.0,120.0,4,112464
47525,11859,1,13,3,1,32,4,1.0,1,1,,120919.0,311019.0,80.0,4,112464
47526,11859,1,13,3,1,32,5,1.0,1,1,,130919.0,311019.0,90.0,4,112464
47527,11859,1,13,3,1,32,6,1.0,1,1,,130919.0,311019.0,130.0,4,112464
47528,11859,1,13,3,1,32,7,1.0,1,1,,140919.0,311019.0,40.0,4,112464
47529,11859,1,13,3,1,32,8,1.0,1,1,,140919.0,311019.0,110.0,4,112464
47530,11859,1,13,3,1,32,9,1.0,1,1,,150919.0,311019.0,90.0,4,112464
47531,11859,1,13,3,1,32,10,1.0,1,1,,150919.0,311019.0,140.0,4,112464
47532,11859,1,13,3,1,32,11,1.0,1,1,,160919.0,311019.0,60.0,4,112464
47533,11859,1,13,3,1,32,12,1.0,1,1,,160919.0,311019.0,160.0,4,112464
47534,11859,1,13,3,1,32,13,1.0,1,1,,170919.0,311019.0,120.0,4,112464
47535,11859,1,13,3,1,32,14,1.0,1,1,,170919.0,311019.0,45.0,4,112464
47536,11873,1,13,10,1,31,1,1.0,1,1,,161219.0,,120.0,4,30600
47537,11873,1,13,10,1,31,2,1.0,1,1,,161219.0,,60.0,4,30600
47538,11873,1,13,10,1,31,3,1.0,1,1,,171219.0,,60.0,4,30600
47539,11873,1,13,10,1,31,4,2.0,1,1,,171219.0,,120.0,4,30600
47540,11873,1,13,10,1,31,5,1.0,1,1,,181219.0,,90.0,4,30600
47541,11873,1,13,10,1,31,6,2.0,1,1,,181219.0,,60.0,4,30600
47542,11873,1,13,10,1,31,7,1.0,1,1,,191219.0,,60.0,4,30600
47543,11873,1,13,10,1,31,8,1.0,1,1,,191219.0,,90.0,4,30600
47544,11873,1,13,10,1,31,9,1.0,1,1,,201219.0,,90.0,4,30600
47545,11873,1,13,10,1,31,10,2.0,1,1,,201219.0,,90.0,4,30600
47546,11873,1,13,10,1,31,11,2.0,1,1,,201219.0,,120.0,4,30600
47547,11873,1,13,10,1,31,12,1.0,1,1,,201219.0,,60.0,4,30600
47548,11873,1,13,10,1,31,13,1.0,1,1,,211219.0,,60.0,4,30600
47549,11873,1,13,10,1,31,14,2.0,1,1,,211219.0,,120.0,4,30600
47550,11909,1,13,7,1,37,1,1.0,1,1,,90419.0,70519.0,120.0,4,38614
47551,11909,1,13,7,1,37,2,1.0,1,1,,90419.0,70519.0,60.0,4,38614
47552,11909,1,13,7,1,37,3,4.0,1,1,,100419.0,70519.0,270.0,4,38614
47553,11909,1,13,7,1,37,4,1.0,1,1,,100419.0,70519.0,60.0,4,38614
47554,11909,1,13,7,1,37,5,1.0,1,1,,110419.0,70519.0,60.0,4,38614
47555,11909,1,13,7,1,37,6,2.0,1,1,,110419.0,70519.0,90.0,4,38614
47556,11909,1,13,7,1,37,7,1.0,1,1,,120419.0,70519.0,90.0,4,38614
47557,11909,1,13,7,1,37,8,2.0,1,1,,120419.0,70519.0,120.0,4,38614
47558,11909,1,13,7,1,37,9,2.0,1,1,,130419.0,70519.0,60.0,4,38614
47559,11909,1,13,7,1,37,10,1.0,1,1,,130419.0,70519.0,120.0,4,38614
47560,11909,1,13,7,1,37,11,1.0,1,1,,140419.0,70519.0,60.0,4,38614
47561,11909,1,13,7,1,37,12,1.0,1,1,,140419.0,70519.0,120.0,4,38614
47562,11909,1,13,7,1,37,13,1.0,1,1,,150419.0,70519.0,80.0,4,38614
47563,11909,1,13,7,1,37,14,1.0,1,1,,150419.0,70519.0,60.0,4,38614
47564,12301,1,13,11,1,39,1,1.0,1,1,,161219.0,140120.0,120.0,4,54643
47565,12301,1,13,11,1,39,2,1.0,1,1,,161219.0,140120.0,30.0,4,54643
47566,12301,1,13,11,1,39,3,1.0,1,1,,171219.0,140120.0,30.0,4,54643
47567,12301,1,13,11,1,39,4,1.0,1,1,,171219.0,140120.0,120.0,4,54643
47568,12301,1,13,11,1,39,5,1.0,1,1,,181219.0,140120.0,30.0,4,54643
47569,12301,1,13,11,1,39,6,1.0,1,1,,181219.0,140120.0,30.0,4,54643
47570,12301,1,13,11,1,39,7,1.0,1,1,,191219.0,140120.0,90.0,4,54643
47571,12301,1,13,11,1,39,8,1.0,1,1,,191219.0,140120.0,30.0,4,54643
47572,12301,1,13,11,1,39,9,1.0,1,1,,201219.0,140120.0,30.0,4,54643
47573,12301,1,13,11,1,39,10,1.0,1,1,,201219.0,140120.0,30.0,4,54643
47574,12301,1,13,11,1,39,11,1.0,1,1,,211219.0,140120.0,30.0,4,54643
47575,12301,1,13,11,1,39,12,1.0,1,1,,211219.0,140120.0,30.0,4,54643
47576,12301,1,13,11,1,39,13,1.0,1,1,,221219.0,140120.0,30.0,4,54643
47577,12301,1,13,11,1,39,14,1.0,1,1,,221219.0,140120.0,30.0,4,54643
47578,12321,1,13,10,1,40,1,1.0,1,1,,111019.0,111219.0,30.0,4,17304
47579,12321,1,13,10,1,40,2,2.0,1,1,,111019.0,111219.0,100.0,4,17304
47580,12321,1,13,10,1,40,3,1.0,1,1,,121019.0,111219.0,30.0,4,17304
47581,12321,1,13,10,1,40,4,1.0,1,1,,121019.0,111219.0,60.0,4,17304
47582,12321,1,13,10,1,40,5,1.0,1,1,,131019.0,111219.0,100.0,4,17304
47583,12321,1,13,10,1,40,6,1.0,1,1,,131019.0,111219.0,30.0,4,17304
47584,12321,1,13,10,1,40,7,2.0,1,1,,141019.0,111219.0,90.0,4,17304
47585,12321,1,13,10,1,40,8,1.0,1,1,,141019.0,111219.0,120.0,4,17304
47586,12321,1,13,10,1,40,9,2.0,1,1,,151019.0,111219.0,120.0,4,17304
47587,12321,1,13,10,1,40,10,1.0,1,1,,151019.0,111219.0,30.0,4,17304
47588,12321,1,13,10,1,40,11,2.0,1,1,,161019.0,111219.0,90.0,4,17304
47589,12321,1,13,10,1,40,12,1.0,1,1,,151019.0,111219.0,60.0,4,17304
47590,12321,1,13,10,1,40,13,1.0,1,1,,161019.0,111219.0,30.0,4,17304
47591,12321,1,13,10,1,40,14,1.0,1,1,,171019.0,111219.0,30.0,4,17304
47592,12379,1,13,8,1,36,1,1.0,1,1,,80619.0,300719.0,150.0,4,55086
47593,12379,1,13,8,1,36,2,2.0,1,1,,80619.0,300719.0,150.0,4,55086
47594,12379,1,13,8,1,36,3,2.0,1,1,,120619.0,300719.0,160.0,4,55086
47595,12379,1,13,8,1,36,4,1.0,1,1,,110619.0,300719.0,50.0,4,55086
47596,12379,1,13,8,1,36,5,3.0,1,1,,90619.0,300719.0,160.0,4,55086
47597,12379,1,13,8,1,36,6,2.0,1,1,,110619.0,300719.0,90.0,4,55086
47598,12379,1,13,8,1,36,7,1.0,1,1,,100619.0,300719.0,160.0,4,55086
47599,12379,1,13,8,1,36,8,1.0,1,1,,140619.0,300719.0,100.0,4,55086
47600,12379,1,13,8,1,36,9,2.0,1,1,,100619.0,300719.0,120.0,4,55086
47601,12379,1,13,8,1,36,10,2.0,1,1,,90619.0,300719.0,150.0,4,55086
47602,12379,1,13,8,1,36,11,1.0,1,1,,120619.0,300719.0,100.0,4,55086
47603,12379,1,13,8,1,36,12,2.0,1,1,,130619.0,300719.0,150.0,4,55086
47604,12379,1,13,8,1,36,13,1.0,1,1,,130619.0,300719.0,120.0,4,55086
47605,12379,1,13,8,1,36,14,2.0,1,1,,140619.0,300719.0,90.0,4,55086
47606,12381,1,13,5,1,40,1,1.0,1,1,,80319.0,50419.0,60.0,4,28779
47607,12381,1,13,5,1,40,2,2.0,1,1,,80319.0,50419.0,180.0,4,28779
47608,12381,1,13,5,1,40,3,1.0,1,1,,,50419.0,120.0,4,28779
47609,12381,1,13,5,1,40,4,2.0,1,1,,100319.0,50419.0,120.0,4,28779
47610,12381,1,13,5,1,40,5,1.0,1,1,,90319.0,50419.0,120.0,4,28779
47611,12381,1,13,5,1,40,6,1.0,1,1,,100319.0,50419.0,30.0,4,28779
47612,12381,1,13,5,1,40,7,2.0,1,1,,110319.0,50419.0,60.0,4,28779
47613,12381,1,13,5,1,40,8,1.0,1,1,,110319.0,50419.0,30.0,4,28779
47614,12381,1,13,5,1,40,9,1.0,1,1,,120319.0,50419.0,30.0,4,28779
47615,12381,1,13,5,1,40,10,2.0,1,1,,120319.0,50419.0,65.0,4,28779
47616,12381,1,13,5,1,40,11,2.0,1,1,,130319.0,50419.0,120.0,4,28779
47617,12381,1,13,5,1,40,12,2.0,1,1,,130319.0,50419.0,220.0,4,28779
47618,12381,1,13,5,1,40,13,2.0,1,1,,140319.0,50419.0,120.0,4,28779
47619,12381,1,13,5,1,40,14,1.0,1,1,,140319.0,50419.0,60.0,4,28779
47620,12494,1,13,3,1,40,1,1.0,1,1,,100719.0,60819.0,120.0,4,35486
47621,12494,1,13,3,1,40,2,1.0,1,1,,100719.0,60819.0,120.0,4,35486
47622,12494,1,13,3,1,40,3,1.0,1,1,,110719.0,60819.0,60.0,4,35486
47623,12494,1,13,3,1,40,4,1.0,1,1,,110719.0,60819.0,80.0,4,35486
47624,12494,1,13,3,1,40,5,1.0,1,1,,120719.0,60819.0,120.0,4,35486
47625,12494,1,13,3,1,40,6,1.0,1,1,,120719.0,60819.0,80.0,4,35486
47626,12494,1,13,3,1,40,7,1.0,1,1,,130719.0,60819.0,60.0,4,35486
47627,12494,1,13,3,1,40,8,1.0,1,1,,130719.0,60819.0,140.0,4,35486
47628,12494,1,13,3,1,40,9,1.0,1,1,,140719.0,60819.0,80.0,4,35486
47629,12494,1,13,3,1,40,10,1.0,1,1,,140719.0,60819.0,90.0,4,35486
47630,12494,1,13,3,1,40,11,2.0,1,1,,150719.0,60819.0,80.0,4,35486
47631,12494,1,13,3,1,40,12,1.0,1,1,,150719.0,60819.0,80.0,4,35486
47632,12494,1,13,3,1,40,13,2.0,1,1,,160719.0,60819.0,60.0,4,35486
47633,12494,1,13,3,1,40,14,1.0,1,1,,160719.0,60819.0,80.0,4,35486
47634,12496,1,13,10,1,33,1,2.0,1,1,,161219.0,70120.0,120.0,4,36338
47635,12496,1,13,10,1,33,2,1.0,1,1,,161219.0,70120.0,120.0,4,36338
47636,12496,1,13,10,1,33,3,2.0,1,1,,171219.0,70120.0,90.0,4,36338
47637,12496,1,13,10,1,33,4,2.0,1,1,,171219.0,70120.0,90.0,4,36338
47638,12496,1,13,10,1,33,5,2.0,1,1,,181219.0,70120.0,120.0,4,36338
47639,12496,1,13,10,1,33,6,2.0,1,1,,181219.0,70120.0,160.0,4,36338
47640,12496,1,13,10,1,33,7,2.0,1,1,,191219.0,70120.0,120.0,4,36338
47641,12496,1,13,10,1,33,8,1.0,1,1,,191219.0,70120.0,90.0,4,36338
47642,12496,1,13,10,1,33,9,2.0,1,1,,201219.0,70120.0,120.0,4,36338
47643,12496,1,13,10,1,33,10,1.0,1,1,,201219.0,70120.0,150.0,4,36338
47644,12496,1,13,10,1,33,11,2.0,1,1,,211219.0,70120.0,90.0,4,36338
47645,12496,1,13,10,1,33,12,1.0,1,1,,211219.0,70120.0,120.0,4,36338
47646,12496,1,13,10,1,33,13,2.0,1,1,,221219.0,70120.0,100.0,4,36338
47647,12496,1,13,10,1,33,14,1.0,1,1,,221219.0,70120.0,60.0,4,36338
47648,12538,1,13,7,1,21,1,1.0,1,1,,110919.0,311019.0,120.0,4,15686
47649,12538,1,13,7,1,21,2,1.0,1,1,,110919.0,311019.0,90.0,4,15686
47650,12538,1,13,7,1,21,3,2.0,1,1,,120919.0,311019.0,60.0,4,15686
47651,12538,1,13,7,1,21,4,2.0,1,1,,120919.0,311019.0,60.0,4,15686
47652,12538,1,13,7,1,21,5,1.0,1,1,,130919.0,311019.0,90.0,4,15686
47653,12538,1,13,7,1,21,6,1.0,1,1,,130919.0,311019.0,60.0,4,15686
47654,12538,1,13,7,1,21,7,1.0,1,1,,140919.0,311019.0,120.0,4,15686
47655,12538,1,13,7,1,21,8,1.0,1,1,,140919.0,311019.0,60.0,4,15686
47656,12538,1,13,7,1,21,9,1.0,1,1,,150919.0,311019.0,120.0,4,15686
47657,12538,1,13,7,1,21,10,1.0,1,1,,150919.0,311019.0,60.0,4,15686
47658,12538,1,13,7,1,21,11,2.0,1,1,,160919.0,311019.0,120.0,4,15686
47659,12538,1,13,7,1,21,12,1.0,1,1,,160919.0,311019.0,60.0,4,15686
47660,12538,1,13,7,1,21,13,1.0,1,1,,170919.0,311019.0,120.0,4,15686
47661,12538,1,13,7,1,21,14,1.0,1,1,,170919.0,311019.0,90.0,4,15686
47662,12812,1,13,5,1,39,1,1.0,1,1,,110919.0,291019.0,150.0,4,51375
47663,12812,1,13,5,1,39,2,1.0,1,1,,110919.0,291019.0,120.0,4,51375
47664,12812,1,13,5,1,39,3,1.0,1,1,,120919.0,291019.0,110.0,4,51375
47665,12812,1,13,5,1,39,4,1.0,4,1,,120919.0,291019.0,90.0,4,51375
47666,12812,1,13,5,1,39,5,1.0,1,1,,130919.0,291019.0,150.0,4,51375
47667,12812,1,13,5,1,39,6,1.0,4,1,,130919.0,291019.0,50.0,4,51375
47668,12812,1,13,5,1,39,7,1.0,1,1,,140919.0,291019.0,120.0,4,51375
47669,12812,1,13,5,1,39,8,1.0,1,1,,140919.0,291019.0,100.0,4,51375
47670,12812,1,13,5,1,39,9,1.0,1,1,,150919.0,291019.0,150.0,4,51375
47671,12812,1,13,5,1,39,10,1.0,1,1,,150919.0,291019.0,60.0,4,51375
47672,12812,1,13,5,1,39,11,1.0,4,1,,160919.0,291019.0,90.0,4,51375
47673,12812,1,13,5,1,39,12,1.0,1,1,,160919.0,291019.0,120.0,4,51375
47674,12812,1,13,5,1,39,13,1.0,1,1,,170919.0,291019.0,70.0,4,51375
47675,12812,1,13,5,1,39,14,1.0,1,1,,170919.0,291019.0,120.0,4,51375
47676,13004,1,13,1,1,38,1,1.0,1,1,,230119.0,280219.0,140.0,4,27321
47677,13004,1,13,1,1,38,2,1.0,1,1,,220119.0,280219.0,190.0,4,27321
47678,13004,1,13,1,1,38,3,1.0,1,1,,210119.0,280219.0,240.0,4,27321
47679,13004,1,13,1,1,38,4,1.0,1,1,,260119.0,280219.0,80.0,4,27321
47680,13004,1,13,1,1,38,5,1.0,1,1,,250119.0,280219.0,190.0,4,27321
47681,13004,1,13,1,1,38,6,1.0,1,1,,210119.0,280219.0,180.0,4,27321
47682,13004,1,13,1,1,38,7,1.0,1,1,,230119.0,280219.0,60.0,4,27321
47683,13004,1,13,1,1,38,8,1.0,2,1,,220119.0,280219.0,105.0,4,27321
47684,13004,1,13,1,1,38,9,1.0,1,1,,240119.0,280219.0,125.0,4,27321
47685,13004,1,13,1,1,38,10,1.0,1,1,,270119.0,280219.0,125.0,4,27321
47686,13004,1,13,1,1,38,11,1.0,1,1,,270119.0,280219.0,50.0,4,27321
47687,13004,1,13,1,1,38,12,1.0,1,1,,260119.0,280219.0,175.0,4,27321
47688,13004,1,13,1,1,38,13,3.0,1,1,,210119.0,280219.0,180.0,4,27321
47689,13004,1,13,1,1,38,14,1.0,1,1,,240119.0,280219.0,90.0,4,27321
47690,13511,1,13,7,1,39,1,1.0,1,1,,100419.0,300519.0,60.0,4,25955
47691,13511,1,13,7,1,39,2,2.0,1,1,,100419.0,300519.0,180.0,4,25955
47692,13511,1,13,7,1,39,3,,1,1,,110419.0,300519.0,60.0,4,25955
47693,13511,1,13,7,1,39,4,4.0,1,1,,110419.0,300519.0,120.0,4,25955
47694,13511,1,13,7,1,39,5,,1,1,,120419.0,300519.0,30.0,4,25955
47695,13511,1,13,7,1,39,6,,1,1,,120419.0,300519.0,60.0,4,25955
47696,13511,1,13,7,1,39,7,,1,1,,130419.0,300519.0,60.0,4,25955
47697,13511,1,13,7,1,39,8,2.0,1,1,,130419.0,300519.0,90.0,4,25955
47698,13511,1,13,7,1,39,9,1.0,1,1,,140419.0,300519.0,30.0,4,25955
47699,13511,1,13,7,1,39,10,4.0,1,1,,140419.0,300519.0,150.0,4,25955
47700,13511,1,13,7,1,39,11,1.0,1,1,,150419.0,300519.0,150.0,4,25955
47701,13511,1,13,7,1,39,12,1.0,1,1,,150519.0,300519.0,60.0,4,25955
47702,13511,1,13,7,1,39,13,1.0,1,1,,160519.0,300519.0,60.0,4,25955
47703,13511,1,13,7,1,39,14,1.0,1,1,,160519.0,300519.0,150.0,4,25955
47704,13780,1,13,3,1,11,1,1.0,1,1,,110919.0,121019.0,60.0,4,9143
47705,13780,1,13,3,1,11,2,1.0,1,1,,110919.0,121019.0,90.0,4,9143
47706,13780,1,13,3,1,11,3,1.0,1,1,,120919.0,121019.0,60.0,4,9143
47707,13780,1,13,3,1,11,4,1.0,1,1,,120919.0,121019.0,90.0,4,9143
47708,13780,1,13,3,1,11,5,1.0,1,1,,130919.0,121019.0,60.0,4,9143
47709,13780,1,13,3,1,11,6,1.0,1,1,,130919.0,121019.0,60.0,4,9143
47710,13780,1,13,3,1,11,7,1.0,1,1,,140919.0,121019.0,90.0,4,9143
47711,13780,1,13,3,1,11,8,1.0,1,1,,140919.0,121019.0,60.0,4,9143
47712,13780,1,13,3,1,11,9,1.0,1,1,,150919.0,121019.0,90.0,4,9143
47713,13780,1,13,3,1,11,10,1.0,1,1,,150919.0,121019.0,90.0,4,9143
47714,13780,1,13,3,1,11,11,1.0,1,1,,160919.0,121019.0,90.0,4,9143
47715,13780,1,13,3,1,11,12,1.0,1,1,,160919.0,121019.0,60.0,4,9143
47716,13780,1,13,3,1,11,13,1.0,1,1,,170919.0,121019.0,60.0,4,9143
47717,13780,1,13,3,1,11,14,1.0,1,1,,170919.0,121019.0,60.0,4,9143
47718,13885,1,13,7,1,32,1,1.0,1,1,,111019.0,61119.0,80.0,4,38654
47719,13885,1,13,7,1,32,2,1.0,1,1,,111019.0,61119.0,160.0,4,38654
47720,13885,1,13,7,1,32,3,1.0,1,1,,121019.0,61119.0,50.0,4,38654
47721,13885,1,13,7,1,32,4,1.0,1,1,,121019.0,61119.0,145.0,4,38654
47722,13885,1,13,7,1,32,5,1.0,1,1,,131019.0,61119.0,120.0,4,38654
47723,13885,1,13,7,1,32,6,1.0,1,1,,121019.0,61119.0,160.0,4,38654
47724,13885,1,13,7,1,32,7,1.0,1,1,,141019.0,61119.0,155.0,4,38654
47725,13885,1,13,7,1,32,8,1.0,1,1,,141019.0,61119.0,60.0,4,38654
47726,13885,1,13,7,1,32,9,1.0,1,1,,151019.0,61119.0,110.0,4,38654
47727,13885,1,13,7,1,32,10,1.0,1,1,,151019.0,61119.0,170.0,4,38654
47728,13885,1,13,7,1,32,11,1.0,1,1,,151019.0,61119.0,180.0,4,38654
47729,13885,1,13,7,1,32,12,1.0,1,1,,161019.0,61119.0,55.0,4,38654
47730,13885,1,13,7,1,32,13,1.0,1,1,,171019.0,61119.0,170.0,4,38654
47731,13885,1,13,7,1,32,14,1.0,1,1,,171019.0,61119.0,45.0,4,38654
47732,14291,1,13,2,1,38,1,1.0,1,1,,100719.0,60819.0,90.0,4,27625
47733,14291,1,13,2,1,38,2,1.0,1,1,,100719.0,60819.0,120.0,4,27625
47734,14291,1,13,2,1,38,3,1.0,1,1,,110719.0,60819.0,120.0,4,27625
47735,14291,1,13,2,1,38,4,1.0,1,1,,110719.0,60819.0,90.0,4,27625
47736,14291,1,13,2,1,38,5,1.0,1,1,,120719.0,60819.0,90.0,4,27625
47737,14291,1,13,2,1,38,6,1.0,1,1,,120719.0,60819.0,90.0,4,27625
47738,14291,1,13,2,1,38,7,1.0,1,1,,130719.0,60819.0,60.0,4,27625
47739,14291,1,13,2,1,38,8,1.0,1,1,,130719.0,60819.0,120.0,4,27625
47740,14291,1,13,2,1,38,9,1.0,1,1,,140719.0,60819.0,90.0,4,27625
47741,14291,1,13,2,1,38,10,1.0,1,1,,140719.0,60819.0,90.0,4,27625
47742,14291,1,13,2,1,38,11,1.0,1,1,,150719.0,60819.0,120.0,4,27625
47743,14291,1,13,2,1,38,12,1.0,1,1,,150719.0,60819.0,150.0,4,27625
47744,14291,1,13,2,1,38,13,1.0,1,1,,160719.0,60819.0,90.0,4,27625
47745,14291,1,13,2,1,38,14,1.0,1,1,,160719.0,60819.0,150.0,4,27625
47746,14317,1,13,10,1,11,1,2.0,1,1,,60619.0,220719.0,90.0,4,26163
47747,14317,1,13,10,1,11,2,2.0,1,1,,60619.0,220719.0,60.0,4,26163
47748,14317,1,13,10,1,11,3,2.0,1,1,,60619.0,220719.0,90.0,4,26163
47749,14317,1,13,10,1,11,4,1.0,1,1,,60619.0,220719.0,60.0,4,26163
47750,14317,1,13,10,1,11,5,2.0,1,1,,60619.0,220719.0,90.0,4,26163
47751,14317,1,13,10,1,11,6,3.0,1,1,,60619.0,220719.0,100.0,4,26163
47752,14317,1,13,10,1,11,7,2.0,1,1,,60619.0,220719.0,60.0,4,26163
47753,14317,1,13,10,1,11,8,3.0,1,1,,60619.0,220719.0,90.0,4,26163
47754,14317,1,13,10,1,11,9,2.0,1,1,,60619.0,220719.0,60.0,4,26163
47755,14317,1,13,10,1,11,10,2.0,1,1,,60619.0,220719.0,60.0,4,26163
47756,14317,1,13,10,1,11,11,1.0,1,1,,60619.0,220719.0,60.0,4,26163
47757,14317,1,13,10,1,11,12,1.0,1,1,,60619.0,220719.0,60.0,4,26163
47758,14317,1,13,10,1,11,13,1.0,1,1,,60619.0,220719.0,90.0,4,26163
47759,14317,1,13,10,1,11,14,1.0,1,1,,60619.0,220719.0,90.0,4,26163
47760,14549,1,13,2,1,33,1,1.0,1,1,,100719.0,270819.0,60.0,4,34607
47761,14549,1,13,2,1,33,2,2.0,1,1,,100719.0,270819.0,120.0,4,34607
47762,14549,1,13,2,1,33,3,1.0,1,1,,110719.0,270819.0,60.0,4,34607
47763,14549,1,13,2,1,33,4,1.0,1,1,,110719.0,270819.0,90.0,4,34607
47764,14549,1,13,2,1,33,5,1.0,1,1,,120719.0,270819.0,60.0,4,34607
47765,14549,1,13,2,1,33,6,2.0,1,1,,120719.0,270819.0,90.0,4,34607
47766,14549,1,13,2,1,33,7,2.0,1,1,,130719.0,270819.0,120.0,4,34607
47767,14549,1,13,2,1,33,8,1.0,1,1,,130719.0,270819.0,90.0,4,34607
47768,14549,1,13,2,1,33,9,1.0,1,1,,140719.0,270819.0,90.0,4,34607
47769,14549,1,13,2,1,33,10,2.0,1,1,,140719.0,270819.0,90.0,4,34607
47770,14549,1,13,2,1,33,11,3.0,1,1,,150719.0,270819.0,90.0,4,34607
47771,14549,1,13,2,1,33,12,1.0,1,1,,150719.0,270819.0,120.0,4,34607
47772,14549,1,13,2,1,33,13,3.0,1,1,,160719.0,270819.0,120.0,4,34607
47773,14549,1,13,2,1,33,14,1.0,1,1,,160719.0,270819.0,90.0,4,34607
47774,15001,1,13,5,1,37,1,1.0,1,1,,170819.0,290819.0,120.0,4,33557
47775,15001,1,13,5,1,37,2,1.0,1,1,,170819.0,290819.0,120.0,4,33557
47776,15001,1,13,5,1,37,3,1.0,1,1,,180819.0,290819.0,120.0,4,33557
47777,15001,1,13,5,1,37,4,1.0,1,1,,180819.0,290819.0,120.0,4,33557
47778,15001,1,13,5,1,37,5,1.0,1,1,,190819.0,290819.0,90.0,4,33557
47779,15001,1,13,5,1,37,6,1.0,1,1,,190819.0,290819.0,90.0,4,33557
47780,15001,1,13,5,1,37,7,1.0,1,1,,200819.0,290819.0,90.0,4,33557
47781,15001,1,13,5,1,37,8,1.0,1,1,,200819.0,290819.0,120.0,4,33557
47782,15001,1,13,5,1,37,9,1.0,1,1,,210819.0,290819.0,90.0,4,33557
47783,15001,1,13,5,1,37,10,1.0,1,1,,210819.0,290819.0,40.0,4,33557
47784,15001,1,13,5,1,37,11,1.0,1,1,,220819.0,290819.0,90.0,4,33557
47785,15001,1,13,5,1,37,12,1.0,1,1,,220819.0,290819.0,120.0,4,33557
47786,15001,1,13,5,1,37,13,1.0,1,1,,230819.0,290819.0,120.0,4,33557
47787,15001,1,13,5,1,37,14,1.0,1,1,,230819.0,290819.0,120.0,4,33557
47788,15083,1,13,7,1,31,1,1.0,1,1,,120919.0,111019.0,90.0,4,15536
47789,15083,1,13,7,1,31,2,1.0,1,1,,130919.0,111019.0,100.0,4,15536
47790,15083,1,13,7,1,31,3,2.0,1,1,,120919.0,111019.0,100.0,4,15536
47791,15083,1,13,7,1,31,4,1.0,1,1,,130919.0,111019.0,90.0,4,15536
47792,15083,1,13,7,1,31,5,2.0,1,1,,140919.0,111019.0,150.0,4,15536
47793,15083,1,13,7,1,31,6,1.0,1,1,,140919.0,111019.0,60.0,4,15536
47794,15083,1,13,7,1,31,7,1.0,1,1,,150919.0,111019.0,90.0,4,15536
47795,15083,1,13,7,1,31,8,1.0,1,1,,150919.0,111019.0,160.0,4,15536
47796,15083,1,13,7,1,31,9,2.0,1,1,,160919.0,111019.0,90.0,4,15536
47797,15083,1,13,7,1,31,10,2.0,1,1,,160919.0,111019.0,90.0,4,15536
47798,15083,1,13,7,1,31,11,2.0,1,1,,170919.0,111019.0,160.0,4,15536
47799,15083,1,13,7,1,31,12,2.0,1,1,,170919.0,111019.0,90.0,4,15536
47800,15083,1,13,7,1,31,13,1.0,1,1,,170919.0,111019.0,160.0,4,15536
47801,15083,1,13,7,1,31,14,2.0,1,1,,170919.0,111019.0,90.0,4,15536
47802,15091,1,13,3,1,34,1,1.0,1,1,,90719.0,270819.0,130.0,4,25714
47803,15091,1,13,3,1,34,2,1.0,1,1,,90719.0,270819.0,120.0,4,25714
47804,15091,1,13,3,1,34,3,1.0,1,1,,100719.0,270819.0,60.0,4,25714
47805,15091,1,13,3,1,34,4,1.0,1,1,,100719.0,270819.0,120.0,4,25714
47806,15091,1,13,3,1,34,5,1.0,1,1,,110719.0,270819.0,70.0,4,25714
47807,15091,1,13,3,1,34,6,1.0,1,1,,110719.0,270819.0,90.0,4,25714
47808,15091,1,13,3,1,34,7,1.0,1,1,,120719.0,270819.0,90.0,4,25714
47809,15091,1,13,3,1,34,8,1.0,1,1,,120719.0,270819.0,120.0,4,25714
47810,15091,1,13,3,1,34,9,1.0,1,1,,130719.0,270819.0,90.0,4,25714
47811,15091,1,13,3,1,34,10,1.0,1,1,,130719.0,270819.0,60.0,4,25714
47812,15091,1,13,3,1,34,11,1.0,1,1,,140719.0,270819.0,60.0,4,25714
47813,15091,1,13,3,1,34,12,1.0,1,1,,140719.0,270819.0,90.0,4,25714
47814,15091,1,13,3,1,34,13,1.0,1,1,,150719.0,270819.0,90.0,4,25714
47815,15091,1,13,3,1,34,14,1.0,1,1,,150719.0,270819.0,60.0,4,25714
47816,15227,1,13,3,1,36,1,1.0,1,1,,250119.0,130219.0,73.0,4,33557
47817,15227,1,13,3,1,36,2,3.0,1,1,,270119.0,130219.0,145.0,4,33557
47818,15227,1,13,3,1,36,3,1.0,1,1,,240119.0,130219.0,63.0,4,33557
47819,15227,1,13,3,1,36,4,3.0,1,1,,260119.0,130219.0,98.0,4,33557
47820,15227,1,13,3,1,36,5,1.0,1,1,,260119.0,130219.0,140.0,4,33557
47821,15227,1,13,3,1,36,6,3.0,1,1,,230119.0,130219.0,110.0,4,33557
47822,15227,1,13,3,1,36,7,2.0,1,1,,220119.0,130219.0,145.0,4,33557
47823,15227,1,13,3,1,36,8,3.0,1,1,,250119.0,130219.0,89.0,4,33557
47824,15227,1,13,3,1,36,9,1.0,1,1,,220119.0,130219.0,115.0,4,33557
47825,15227,1,13,3,1,36,10,1.0,2,1,,270119.0,130219.0,45.0,4,33557
47826,15227,1,13,3,1,36,11,1.0,1,1,,280119.0,130219.0,67.0,4,33557
47827,15227,1,13,3,1,36,12,2.0,1,1,,280119.0,130219.0,125.0,4,33557
47828,15227,1,13,3,1,36,13,5.0,1,1,,230119.0,130219.0,190.0,4,33557
47829,15227,1,13,3,1,36,14,1.0,1,1,,240119.0,130219.0,77.0,4,33557
47830,15231,1,13,6,1,38,1,2.0,1,1,,80419.0,90519.0,120.0,4,47216
47831,15231,1,13,6,1,38,2,2.0,1,1,,80419.0,90519.0,90.0,4,47216
47832,15231,1,13,6,1,38,3,1.0,1,1,,80419.0,90519.0,60.0,4,47216
47833,15231,1,13,6,1,38,4,1.0,1,1,,80419.0,90519.0,80.0,4,47216
47834,15231,1,13,6,1,38,5,2.0,1,1,,80419.0,90519.0,60.0,4,47216
47835,15231,1,13,6,1,38,6,1.0,1,1,,80419.0,90519.0,70.0,4,47216
47836,15231,1,13,6,1,38,7,1.0,1,1,,80419.0,90519.0,60.0,4,47216
47837,15231,1,13,6,1,38,8,2.0,1,1,,80419.0,90519.0,60.0,4,47216
47838,15231,1,13,6,1,38,9,2.0,1,1,,80419.0,90519.0,90.0,4,47216
47839,15231,1,13,6,1,38,10,2.0,1,1,,80419.0,90519.0,60.0,4,47216
47840,15231,1,13,6,1,38,11,2.0,1,1,,80419.0,90519.0,60.0,4,47216
47841,15231,1,13,6,1,38,12,1.0,1,1,,80419.0,90519.0,90.0,4,47216
47842,15231,1,13,6,1,38,13,1.0,1,1,,80419.0,90519.0,60.0,4,47216
47843,15231,1,13,6,1,38,14,2.0,1,1,,80419.0,90519.0,90.0,4,47216
47844,15412,1,13,1,1,21,1,1.0,1,1,,220119.0,50319.0,75.0,4,19671
47845,15412,1,13,1,1,21,2,1.0,1,1,,220119.0,50319.0,105.0,4,19671
47846,15412,1,13,1,1,21,3,1.0,1,1,,230119.0,50319.0,89.0,4,19671
47847,15412,1,13,1,1,21,4,2.0,1,1,,230119.0,50319.0,130.0,4,19671
47848,15412,1,13,1,1,21,5,1.0,1,1,,240119.0,50319.0,135.0,4,19671
47849,15412,1,13,1,1,21,6,1.0,1,1,,240119.0,50319.0,160.0,4,19671
47850,15412,1,13,1,1,21,7,2.0,1,1,,250119.0,50319.0,180.0,4,19671
47851,15412,1,13,1,1,21,8,1.0,1,1,,250119.0,50319.0,150.0,4,19671
47852,15412,1,13,1,1,21,9,1.0,1,1,,260119.0,50319.0,200.0,4,19671
47853,15412,1,13,1,1,21,10,1.0,1,1,,260119.0,50319.0,100.0,4,19671
47854,15412,1,13,1,1,21,11,2.0,1,1,,270119.0,50319.0,180.0,4,19671
47855,15412,1,13,1,1,21,12,1.0,1,1,,270119.0,50319.0,80.0,4,19671
47856,15412,1,13,1,1,21,13,2.0,1,1,,280119.0,50319.0,170.0,4,19671
47857,15412,1,13,1,1,21,14,2.0,1,1,,280119.0,50319.0,120.0,4,19671
47858,15612,1,13,2,1,31,1,2.0,1,1,,90319.0,40419.0,120.0,4,28929
47859,15612,1,13,2,1,31,2,1.0,1,1,,90319.0,40419.0,120.0,4,28929
47860,15612,1,13,2,1,31,3,1.0,1,1,,110319.0,40419.0,190.0,4,28929
47861,15612,1,13,2,1,31,4,4.0,1,1,,100319.0,40419.0,110.0,4,28929
47862,15612,1,13,2,1,31,5,2.0,1,1,,100319.0,40419.0,180.0,4,28929
47863,15612,1,13,2,1,31,6,2.0,1,1,,120319.0,40419.0,120.0,4,28929
47864,15612,1,13,2,1,31,7,1.0,1,1,,120319.0,40419.0,60.0,4,28929
47865,15612,1,13,2,1,31,8,1.0,1,1,,110319.0,40419.0,180.0,4,28929
47866,15612,1,13,2,1,31,9,1.0,1,1,,130319.0,40419.0,100.0,4,28929
47867,15612,1,13,2,1,31,10,3.0,1,1,,140319.0,40419.0,180.0,4,28929
47868,15612,1,13,2,1,31,11,1.0,1,1,,150319.0,40419.0,80.0,4,28929
47869,15612,1,13,2,1,31,12,1.0,1,1,,140319.0,40419.0,110.0,4,28929
47870,15612,1,13,2,1,31,13,2.0,1,1,,130319.0,40419.0,130.0,4,28929
47871,15612,1,13,2,1,31,14,1.0,1,1,,150319.0,40419.0,120.0,4,28929
47872,15683,1,13,10,1,11,1,1.0,1,1,,161219.0,70120.0,70.0,4,5313
47873,15683,1,13,10,1,11,2,1.0,1,1,,161219.0,70120.0,90.0,4,5313
47874,15683,1,13,10,1,11,3,1.0,1,1,,171219.0,70120.0,100.0,4,5313
47875,15683,1,13,10,1,11,4,1.0,1,1,,171219.0,70120.0,70.0,4,5313
47876,15683,1,13,10,1,11,5,1.0,1,1,,181219.0,70120.0,110.0,4,5313
47877,15683,1,13,10,1,11,6,1.0,1,1,,181219.0,70120.0,80.0,4,5313
47878,15683,1,13,10,1,11,7,1.0,1,1,,191219.0,70120.0,110.0,4,5313
47879,15683,1,13,10,1,11,8,1.0,1,1,,191219.0,70120.0,90.0,4,5313
47880,15683,1,13,10,1,11,9,1.0,1,1,,201219.0,70120.0,70.0,4,5313
47881,15683,1,13,10,1,11,10,1.0,1,1,,201219.0,70120.0,70.0,4,5313
47882,15683,1,13,10,1,11,11,1.0,1,1,,211219.0,70120.0,90.0,4,5313
47883,15683,1,13,10,1,11,12,1.0,1,1,,211219.0,70120.0,130.0,4,5313
47884,15683,1,13,10,1,11,13,1.0,1,1,,221219.0,70120.0,120.0,4,5313
47885,15683,1,13,10,1,11,14,1.0,1,1,,221219.0,70120.0,40.0,4,5313
47886,16176,1,13,1,1,37,1,1.0,1,1,,220119.0,70219.0,150.0,4,32657
47887,16176,1,13,1,1,37,2,1.0,1,1,,220119.0,70219.0,30.0,4,32657
47888,16176,1,13,1,1,37,3,2.0,1,1,,230119.0,70219.0,90.0,4,32657
47889,16176,1,13,1,1,37,4,1.0,1,1,,230119.0,70219.0,120.0,4,32657
47890,16176,1,13,1,1,37,5,1.0,1,1,,240119.0,70219.0,160.0,4,32657
47891,16176,1,13,1,1,37,6,1.0,1,1,,240119.0,70219.0,110.0,4,32657
47892,16176,1,13,1,1,37,7,2.0,1,1,,250119.0,70219.0,150.0,4,32657
47893,16176,1,13,1,1,37,8,2.0,1,1,,250119.0,70219.0,70.0,4,32657
47894,16176,1,13,1,1,37,9,2.0,1,1,,260119.0,70219.0,170.0,4,32657
47895,16176,1,13,1,1,37,10,1.0,1,1,,260119.0,70219.0,130.0,4,32657
47896,16176,1,13,1,1,37,11,2.0,1,1,,270119.0,70219.0,75.0,4,32657
47897,16176,1,13,1,1,37,12,2.0,1,1,,270119.0,70219.0,80.0,4,32657
47898,16176,1,13,1,1,37,13,1.0,1,1,,280119.0,70219.0,30.0,4,32657
47899,16176,1,13,1,1,37,14,1.0,1,1,,280119.0,70219.0,80.0,4,32657
47900,16188,1,13,6,1,33,1,2.0,1,1,,100419.0,300419.0,120.0,4,74314
47901,16188,1,13,6,1,33,2,1.0,1,1,,100419.0,300419.0,60.0,4,74314
47902,16188,1,13,6,1,33,3,2.0,1,1,,110419.0,300419.0,90.0,4,74314
47903,16188,1,13,6,1,33,4,2.0,1,1,,110419.0,300419.0,120.0,4,74314
47904,16188,1,13,6,1,33,5,2.0,1,1,,120419.0,300419.0,120.0,4,74314
47905,16188,1,13,6,1,33,6,2.0,1,1,,120419.0,300419.0,80.0,4,74314
47906,16188,1,13,6,1,33,7,1.0,1,1,,130419.0,300419.0,100.0,4,74314
47907,16188,1,13,6,1,33,8,1.0,4,1,,130419.0,300419.0,160.0,4,74314
47908,16188,1,13,6,1,33,9,1.0,1,1,,140419.0,300419.0,90.0,4,74314
47909,16188,1,13,6,1,33,10,1.0,1,1,,140419.0,300419.0,120.0,4,74314
47910,16188,1,13,6,1,33,11,5.0,1,1,,150419.0,300419.0,190.0,4,74314
47911,16188,1,13,6,1,33,12,1.0,1,1,,150419.0,300419.0,170.0,4,74314
47912,16188,1,13,6,1,33,13,1.0,1,1,,160419.0,300419.0,120.0,4,74314
47913,16188,1,13,6,1,33,14,1.0,1,1,,160419.0,300419.0,100.0,4,74314
47914,16270,1,13,10,1,21,1,1.0,1,1,,70619.0,20819.0,120.0,4,22586
47915,16270,1,13,10,1,21,2,1.0,1,1,,70619.0,20819.0,45.0,4,22586
47916,16270,1,13,10,1,21,3,1.0,1,1,,80619.0,20819.0,90.0,4,22586
47917,16270,1,13,10,1,21,4,1.0,1,1,,80619.0,20819.0,120.0,4,22586
47918,16270,1,13,10,1,21,5,1.0,1,1,,90619.0,20819.0,60.0,4,22586
47919,16270,1,13,10,1,21,6,1.0,1,1,,90619.0,20819.0,70.0,4,22586
47920,16270,1,13,10,1,21,7,1.0,1,1,,100619.0,20819.0,90.0,4,22586
47921,16270,1,13,10,1,21,8,1.0,1,1,,100619.0,20819.0,90.0,4,22586
47922,16270,1,13,10,1,21,9,1.0,1,1,,110619.0,20819.0,90.0,4,22586
47923,16270,1,13,10,1,21,10,1.0,1,1,,110619.0,20819.0,30.0,4,22586
47924,16270,1,13,10,1,21,11,1.0,1,1,,120619.0,20819.0,90.0,4,22586
47925,16270,1,13,10,1,21,12,1.0,1,1,,120619.0,20819.0,75.0,4,22586
47926,16270,1,13,10,1,21,13,1.0,1,1,,130619.0,20819.0,90.0,4,22586
47927,16270,1,13,10,1,21,14,1.0,1,1,,130619.0,20819.0,60.0,4,22586
47928,16388,1,13,9,1,37,1,1.0,1,1,,121019.0,291119.0,90.0,4,77420
47929,16388,1,13,9,1,37,2,1.0,1,1,,121019.0,291119.0,120.0,4,77420
47930,16388,1,13,9,1,37,3,1.0,1,1,,131019.0,291119.0,150.0,4,77420
47931,16388,1,13,9,1,37,4,1.0,1,1,,131019.0,291119.0,60.0,4,77420
47932,16388,1,13,9,1,37,5,1.0,1,1,,141019.0,291119.0,60.0,4,77420
47933,16388,1,13,9,1,37,6,2.0,1,1,,141019.0,291119.0,90.0,4,77420
47934,16388,1,13,9,1,37,7,2.0,1,1,,151019.0,291119.0,90.0,4,77420
47935,16388,1,13,9,1,37,8,1.0,1,1,,151019.0,291119.0,120.0,4,77420
47936,16388,1,13,9,1,37,9,1.0,1,1,,161019.0,291119.0,60.0,4,77420
47937,16388,1,13,9,1,37,10,1.0,1,1,,161019.0,291119.0,120.0,4,77420
47938,16388,1,13,9,1,37,11,2.0,1,1,,171019.0,291119.0,90.0,4,77420
47939,16388,1,13,9,1,37,12,1.0,1,1,,171019.0,291119.0,120.0,4,77420
47940,16388,1,13,9,1,37,13,2.0,1,1,,171019.0,291119.0,90.0,4,77420
47941,16388,1,13,9,1,37,14,1.0,1,1,,171019.0,291119.0,120.0,4,77420
47942,16413,1,13,10,1,21,1,1.0,1,1,,160119.0,80120.0,90.0,4,13571
47943,16413,1,13,10,1,21,2,1.0,1,1,,161219.0,80120.0,90.0,4,13571
47944,16413,1,13,10,1,21,3,1.0,1,1,,171219.0,80120.0,120.0,4,13571
47945,16413,1,13,10,1,21,4,1.0,1,1,,171219.0,80120.0,90.0,4,13571
47946,16413,1,13,10,1,21,5,1.0,1,1,,181219.0,80120.0,120.0,4,13571
47947,16413,1,13,10,1,21,6,1.0,1,1,,181219.0,80120.0,30.0,4,13571
47948,16413,1,13,10,1,21,7,1.0,1,1,,191219.0,80120.0,60.0,4,13571
47949,16413,1,13,10,1,21,8,1.0,1,1,,191219.0,80120.0,90.0,4,13571
47950,16413,1,13,10,1,21,9,1.0,1,1,,201219.0,80120.0,90.0,4,13571
47951,16413,1,13,10,1,21,10,1.0,1,1,,201219.0,80120.0,60.0,4,13571
47952,16413,1,13,10,1,21,11,1.0,1,1,,211219.0,80120.0,120.0,4,13571
47953,16413,1,13,10,1,21,12,1.0,1,1,,211219.0,80120.0,90.0,4,13571
47954,16413,1,13,10,1,21,13,1.0,1,1,,221219.0,80120.0,60.0,4,13571
47955,16413,1,13,10,1,21,14,1.0,1,1,,211219.0,80120.0,60.0,4,13571
47956,16480,1,13,2,1,35,1,1.0,1,1,,110719.0,140819.0,160.0,4,35886
47957,16480,1,13,2,1,35,2,1.0,1,1,,110719.0,140819.0,180.0,4,35886
47958,16480,1,13,2,1,35,3,1.0,1,1,,120719.0,140819.0,100.0,4,35886
47959,16480,1,13,2,1,35,4,2.0,1,1,,120719.0,140819.0,90.0,4,35886
47960,16480,1,13,2,1,35,5,2.0,1,1,,130719.0,140819.0,120.0,4,35886
47961,16480,1,13,2,1,35,6,2.0,1,1,,130719.0,140819.0,120.0,4,35886
47962,16480,1,13,2,1,35,7,2.0,1,1,,140719.0,140819.0,120.0,4,35886
47963,16480,1,13,2,1,35,8,1.0,1,1,,150719.0,140819.0,120.0,4,35886
47964,16480,1,13,2,1,35,9,2.0,1,1,,140719.0,140819.0,150.0,4,35886
47965,16480,1,13,2,1,35,10,2.0,1,1,,160719.0,140819.0,120.0,4,35886
47966,16480,1,13,2,1,35,11,1.0,1,1,,160719.0,140819.0,150.0,4,35886
47967,16480,1,13,2,1,35,12,1.0,1,1,,150719.0,140819.0,60.0,4,35886
47968,16480,1,13,2,1,35,13,2.0,1,1,,170719.0,140819.0,150.0,4,35886
47969,16480,1,13,2,1,35,14,3.0,1,1,,170719.0,140819.0,150.0,4,35886
47970,16602,1,13,5,1,11,1,1.0,1,1,,80319.0,40419.0,120.0,4,37089
47971,16602,1,13,5,1,11,2,1.0,1,1,,80319.0,40419.0,150.0,4,37089
47972,16602,1,13,5,1,11,3,1.0,1,1,,90319.0,40419.0,30.0,4,37089
47973,16602,1,13,5,1,11,4,1.0,1,1,,90319.0,40419.0,60.0,4,37089
47974,16602,1,13,5,1,11,5,1.0,1,1,,100319.0,40419.0,90.0,4,37089
47975,16602,1,13,5,1,11,6,1.0,2,1,,100319.0,40419.0,90.0,4,37089
47976,16602,1,13,5,1,11,7,1.0,1,1,,110319.0,40419.0,90.0,4,37089
47977,16602,1,13,5,1,11,8,1.0,1,1,,110319.0,40419.0,120.0,4,37089
47978,16602,1,13,5,1,11,9,1.0,1,1,,120319.0,40419.0,60.0,4,37089
47979,16602,1,13,5,1,11,10,1.0,4,1,,120319.0,40419.0,60.0,4,37089
47980,16602,1,13,5,1,11,11,1.0,1,1,,130319.0,40419.0,30.0,4,37089
47981,16602,1,13,5,1,11,12,1.0,1,1,,130319.0,40419.0,30.0,4,37089
47982,16602,1,13,5,1,11,13,1.0,1,1,,140319.0,40419.0,60.0,4,37089
47983,16602,1,13,5,1,11,14,1.0,1,1,,140319.0,40419.0,120.0,4,37089
47984,16685,1,13,5,1,35,1,1.0,1,1,,80319.0,50419.0,180.0,4,19975
47985,16685,1,13,5,1,35,2,1.0,1,1,,90319.0,50419.0,150.0,4,19975
47986,16685,1,13,5,1,35,3,3.0,1,1,,90319.0,50419.0,180.0,4,19975
47987,16685,1,13,5,1,35,4,1.0,1,1,,100319.0,50419.0,120.0,4,19975
47988,16685,1,13,5,1,35,5,1.0,1,1,,100319.0,50419.0,150.0,4,19975
47989,16685,1,13,5,1,35,6,1.0,1,1,,130319.0,50419.0,120.0,4,19975
47990,16685,1,13,5,1,35,7,1.0,1,1,,130319.0,50419.0,120.0,4,19975
47991,16685,1,13,5,1,35,8,1.0,1,2,2.0,80319.0,50419.0,150.0,4,19975
47992,16685,1,13,5,1,35,9,1.0,1,1,,110319.0,50419.0,180.0,4,19975
47993,16685,1,13,5,1,35,10,1.0,1,1,,120319.0,50419.0,180.0,4,19975
47994,16685,1,13,5,1,35,11,1.0,1,1,,120319.0,50419.0,120.0,4,19975
47995,16685,1,13,5,1,35,12,1.0,1,1,,,50419.0,120.0,4,19975
47996,16685,1,13,5,1,35,13,1.0,1,1,,140319.0,50419.0,120.0,4,19975
47997,16685,1,13,5,1,35,14,3.0,1,1,,140319.0,50419.0,150.0,4,19975
47998,17111,1,13,4,1,34,1,1.0,1,1,,90319.0,90419.0,120.0,4,34425
47999,17111,1,13,4,1,34,2,1.0,1,1,,100319.0,90419.0,130.0,4,34425
48000,17111,1,13,4,1,34,3,2.0,1,1,,100319.0,90419.0,100.0,4,34425
48001,17111,1,13,4,1,34,4,1.0,1,1,,100319.0,90419.0,100.0,4,34425
48002,17111,1,13,4,1,34,5,2.0,1,1,,110319.0,90419.0,130.0,4,34425
48003,17111,1,13,4,1,34,6,1.0,1,1,,110319.0,90419.0,130.0,4,34425
48004,17111,1,13,4,1,34,7,2.0,1,1,,120319.0,90419.0,90.0,4,34425
48005,17111,1,13,4,1,34,8,2.0,1,1,,120319.0,90419.0,110.0,4,34425
48006,17111,1,13,4,1,34,9,2.0,1,1,,130319.0,90419.0,140.0,4,34425
48007,17111,1,13,4,1,34,10,2.0,1,1,,130319.0,90419.0,100.0,4,34425
48008,17111,1,13,4,1,34,11,2.0,1,1,,140319.0,90419.0,120.0,4,34425
48009,17111,1,13,4,1,34,12,2.0,1,1,,140319.0,90419.0,140.0,4,34425
48010,17111,1,13,4,1,34,13,1.0,1,1,,150319.0,90419.0,60.0,4,34425
48011,17111,1,13,4,1,34,14,1.0,1,1,,150319.0,90419.0,60.0,4,34425
48012,17406,1,13,6,1,32,1,1.0,1,1,,110419.0,20519.0,150.0,4,19884
48013,17406,1,13,6,1,32,2,1.0,1,1,,110419.0,20519.0,120.0,4,19884
48014,17406,1,13,6,1,32,3,1.0,1,1,,120419.0,20519.0,120.0,4,19884
48015,17406,1,13,6,1,32,4,2.0,1,1,,120419.0,20519.0,120.0,4,19884
48016,17406,1,13,6,1,32,5,1.0,1,1,,130419.0,20519.0,60.0,4,19884
48017,17406,1,13,6,1,32,6,1.0,1,1,,130419.0,20519.0,120.0,4,19884
48018,17406,1,13,6,1,32,7,1.0,1,1,,140419.0,20519.0,120.0,4,19884
48019,17406,1,13,6,1,32,8,1.0,1,1,,140419.0,20519.0,120.0,4,19884
48020,17406,1,13,6,1,32,9,1.0,1,1,,150419.0,20519.0,60.0,4,19884
48021,17406,1,13,6,1,32,10,1.0,1,1,,150419.0,20519.0,90.0,4,19884
48022,17406,1,13,6,1,32,11,1.0,1,1,,160419.0,20519.0,180.0,4,19884
48023,17406,1,13,6,1,32,12,1.0,1,1,,160419.0,20519.0,150.0,4,19884
48024,17406,1,13,6,1,32,13,1.0,1,1,,170419.0,20519.0,150.0,4,19884
48025,17406,1,13,6,1,32,14,1.0,1,1,,170419.0,20519.0,180.0,4,19884
48026,17552,1,13,10,1,34,1,1.0,1,1,,111019.0,61119.0,140.0,4,95714
48027,17552,1,13,10,1,34,2,1.0,1,1,,111019.0,61119.0,110.0,4,95714
48028,17552,1,13,10,1,34,3,1.0,1,1,,121019.0,61119.0,120.0,4,95714
48029,17552,1,13,10,1,34,4,1.0,4,1,,121019.0,61119.0,120.0,4,95714
48030,17552,1,13,10,1,34,5,1.0,4,1,,131019.0,61119.0,90.0,4,95714
48031,17552,1,13,10,1,34,6,1.0,1,1,,131019.0,61119.0,60.0,4,95714
48032,17552,1,13,10,1,34,7,1.0,1,1,,141019.0,61119.0,60.0,4,95714
48033,17552,1,13,10,1,34,8,1.0,1,1,,141019.0,61119.0,90.0,4,95714
48034,17552,1,13,10,1,34,9,1.0,1,1,,151019.0,61119.0,150.0,4,95714
48035,17552,1,13,10,1,34,10,1.0,1,1,,151019.0,61119.0,60.0,4,95714
48036,17552,1,13,10,1,34,11,1.0,1,1,,161019.0,61119.0,150.0,4,95714
48037,17552,1,13,10,1,34,12,1.0,1,1,,161019.0,61119.0,100.0,4,95714
48038,17552,1,13,10,1,34,13,1.0,1,1,,171019.0,61119.0,120.0,4,95714
48039,17552,1,13,10,1,34,14,1.0,1,1,,171019.0,61119.0,30.0,4,95714
48040,17657,1,13,8,1,36,1,1.0,1,1,,101019.0,61119.0,60.0,4,93971
48041,17657,1,13,8,1,36,2,1.0,1,1,,101019.0,61119.0,120.0,4,93971
48042,17657,1,13,8,1,36,3,1.0,1,1,,111019.0,61119.0,90.0,4,93971
48043,17657,1,13,8,1,36,4,1.0,1,1,,111019.0,61119.0,120.0,4,93971
48044,17657,1,13,8,1,36,5,1.0,1,1,,121019.0,61119.0,90.0,4,93971
48045,17657,1,13,8,1,36,6,1.0,1,1,,121019.0,61119.0,90.0,4,93971
48046,17657,1,13,8,1,36,7,1.0,1,1,,131019.0,61119.0,120.0,4,93971
48047,17657,1,13,8,1,36,8,1.0,1,1,,131019.0,61119.0,30.0,4,93971
48048,17657,1,13,8,1,36,9,1.0,1,1,,141019.0,61119.0,30.0,4,93971
48049,17657,1,13,8,1,36,10,1.0,1,1,,141019.0,61119.0,60.0,4,93971
48050,17657,1,13,8,1,36,11,1.0,1,1,,151019.0,61119.0,90.0,4,93971
48051,17657,1,13,8,1,36,12,1.0,1,1,,151019.0,61119.0,30.0,4,93971
48052,17657,1,13,8,1,36,13,1.0,1,1,,161019.0,61119.0,30.0,4,93971
48053,17657,1,13,8,1,36,14,1.0,1,1,,161019.0,61119.0,120.0,4,93971
48054,17785,1,13,7,1,31,1,1.0,1,1,,80619.0,50719.0,90.0,4,57664
48055,17785,1,13,7,1,31,2,1.0,1,1,,80619.0,50719.0,90.0,4,57664
48056,17785,1,13,7,1,31,3,1.0,1,1,,90619.0,50719.0,60.0,4,57664
48057,17785,1,13,7,1,31,4,1.0,1,1,,90619.0,50719.0,60.0,4,57664
48058,17785,1,13,7,1,31,5,1.0,1,1,,100619.0,50719.0,30.0,4,57664
48059,17785,1,13,7,1,31,6,1.0,1,1,,100619.0,50719.0,120.0,4,57664
48060,17785,1,13,7,1,31,7,2.0,1,1,,110619.0,50719.0,90.0,4,57664
48061,17785,1,13,7,1,31,8,1.0,2,1,,110619.0,50719.0,30.0,4,57664
48062,17785,1,13,7,1,31,9,1.0,1,1,,120619.0,50719.0,120.0,4,57664
48063,17785,1,13,7,1,31,10,1.0,1,1,,120619.0,50719.0,60.0,4,57664
48064,17785,1,13,7,1,31,11,1.0,1,1,,130619.0,50719.0,60.0,4,57664
48065,17785,1,13,7,1,31,12,1.0,1,1,,130619.0,50719.0,60.0,4,57664
48066,17785,1,13,7,1,31,13,1.0,1,1,,140619.0,50719.0,60.0,4,57664
48067,17785,1,13,7,1,31,14,2.0,1,1,,140619.0,50719.0,60.0,4,57664
